AccountID,TransactionDate,Narration,Debit,Balance
105,1997-07-10,cash deposit,0.0,800.0
105,1997-08-09,cash deposit,0.0,15900.0
105,1997-09-08,cash deposit,0.0,19300.0
105,1997-09-20,cash deposit,0.0,24877.0
105,1997-09-30,interest,0.0,24915.0
105,1997-10-08,cash withdrawal,3200.0,21715.0
105,1997-10-28,cash deposit,0.0,63305.0
105,1997-10-31,interest,0.0,63429.3
105,1997-11-07,cash withdrawal,24500.0,38929.3
105,1997-11-30,interest,0.0,39193.1
105,1997-12-07,cash withdrawal,13900.0,25293.1
105,1997-12-08,cash deposit,0.0,74394.1
105,1997-12-31,interest,0.0,74693.6
105,1998-01-06,cash withdrawal,29900.0,44793.6
105,1998-01-31,interest,0.0,45103.6
105,1998-02-05,cash withdrawal,14400.0,30703.6
105,1998-02-28,interest,0.0,31013.6
105,1998-03-07,cash withdrawal,5900.0,25113.6
105,1998-03-31,interest,0.0,25423.5
105,1998-04-03,cash deposit,0.0,61933.5
105,1998-04-06,cash withdrawal,24600.0,37333.5
105,1998-04-30,interest,0.0,37514.8
105,1998-05-06,cash withdrawal,12100.0,25414.8
105,1998-05-16,cash deposit,0.0,55835.8
105,1998-05-17,cash withdrawal,4019.0,51816.8
105,1998-05-31,cash withdrawal · statement fee,14.6,51989.4
105,1998-05-31,interest,0.0,52004.0
105,1998-06-05,cash withdrawal,16100.0,35889.4
105,1998-06-07,cash withdrawal,11100.0,24789.4
105,1998-06-18,cash withdrawal,9800.0,14989.4
105,1998-06-30,cash withdrawal · statement fee,14.6,15083.0
105,1998-06-30,interest,0.0,15097.6
105,1998-07-05,cash deposit,0.0,21583.0
105,1998-07-09,cash withdrawal,5000.0,16583.0
105,1998-07-31,cash withdrawal · statement fee,14.6,16635.7
105,1998-07-31,interest,0.0,16650.3
105,1998-08-04,cash deposit,0.0,21235.7
105,1998-08-10,cash withdrawal,4700.0,16535.7
105,1998-08-30,cash withdrawal,9700.0,6835.7
105,1998-08-31,cash deposit,0.0,39440.4
105,1998-08-31,cash withdrawal · statement fee,14.6,39425.8
105,1998-08-31,interest,0.0,6906.4
105,1998-09-03,cash withdrawal,10200.0,29225.8
105,1998-09-07,cash withdrawal,6900.0,22325.8
105,1998-09-30,cash withdrawal · statement fee,14.6,22418.3
105,1998-09-30,interest,0.0,22432.9
105,1998-10-03,cash deposit,0.0,26818.3
105,1998-10-12,cash withdrawal,6000.0,20818.3
105,1998-10-31,cash withdrawal · statement fee,14.6,20892.6
105,1998-10-31,interest,0.0,20907.2
105,1998-11-02,cash deposit,0.0,31092.6
105,1998-11-04,cash withdrawal,7400.0,23692.6
105,1998-11-30,cash withdrawal · statement fee,14.6,23775.3
105,1998-11-30,interest,0.0,23789.9
105,1998-12-02,cash withdrawal,5700.0,30175.3
105,1998-12-02,cash deposit,0.0,35875.3
105,1998-12-12,transfer out · loan payment,7348.0,22827.3
105,1998-12-18,cash withdrawal,5700.0,17127.3
105,1998-12-31,interest,0.0,17221.3
124,1997-12-28,cash deposit,0.0,800.0
124,1998-01-10,transfer in,0.0,3790.0
124,1998-01-27,cash deposit,0.0,14390.0
124,1998-01-31,interest,0.0,14399.7
124,1998-02-10,transfer in,0.0,17389.7
124,1998-02-26,cash deposit,0.0,18589.7
124,1998-02-28,interest,0.0,18651.5
124,1998-03-10,transfer in,0.0,21641.5
124,1998-03-28,cash withdrawal,900.0,20741.5
124,1998-03-31,interest,0.0,20820.1
124,1998-04-10,transfer in,0.0,23810.1
124,1998-04-27,cash withdrawal,1600.0,22210.1
124,1998-04-30,interest,0.0,22297.3
124,1998-05-10,transfer in,0.0,25287.3
124,1998-05-14,transfer out,575.0,24712.3
124,1998-05-27,cash deposit,0.0,24812.3
124,1998-05-31,cash withdrawal · statement fee,14.6,24896.4
124,1998-05-31,interest,0.0,24911.0
124,1998-06-07,transfer out · insurance,971.0,23925.4
124,1998-06-08,transfer out · household bill,447.0,23478.4
124,1998-06-10,transfer in,0.0,26468.4
124,1998-06-10,cash withdrawal,510.0,25958.4
124,1998-06-14,transfer out,575.0,25383.4
124,1998-06-21,cash withdrawal,1110.0,24273.4
124,1998-06-26,cash withdrawal,4900.0,19373.4
124,1998-06-30,cash withdrawal · statement fee,14.6,19459.2
124,1998-06-30,interest,0.0,19473.8
124,1998-07-07,transfer out · insurance,971.0,18488.2
124,1998-07-08,transfer out · household bill,447.0,18041.2
124,1998-07-10,transfer in,0.0,21031.2
124,1998-07-14,transfer out,575.0,20456.2
124,1998-07-26,cash withdrawal,3200.0,17256.2
124,1998-07-31,cash withdrawal · statement fee,14.6,17323.0
124,1998-07-31,interest,0.0,17337.6
124,1998-08-07,transfer out · insurance,971.0,16352.0
124,1998-08-08,transfer out · household bill,447.0,15905.0
124,1998-08-10,transfer in,0.0,18895.0
124,1998-08-14,transfer out,575.0,18320.0
124,1998-08-25,cash withdrawal,2400.0,15920.0
124,1998-08-31,cash withdrawal · statement fee,14.6,15978.2
124,1998-08-31,interest,0.0,15992.8
124,1998-09-07,transfer out · insurance,971.0,15007.2
124,1998-09-08,transfer out · household bill,447.0,14560.2
124,1998-09-10,transfer in,0.0,17550.2
124,1998-09-14,transfer out,575.0,16975.2
124,1998-09-24,cash withdrawal,1500.0,15475.2
124,1998-09-30,cash withdrawal · statement fee,14.6,15528.5
124,1998-09-30,interest,0.0,15543.1
124,1998-10-07,transfer out · insurance,971.0,14557.5
124,1998-10-08,transfer out · household bill,447.0,14110.5
124,1998-10-10,transfer in,0.0,17100.5
124,1998-10-14,transfer out,575.0,16525.5
124,1998-10-24,cash deposit,0.0,18625.5
124,1998-10-26,cash withdrawal,450.0,18175.5
124,1998-10-31,cash withdrawal · statement fee,14.6,18230.3
124,1998-10-31,interest,0.0,18244.9
124,1998-11-07,transfer out · insurance,971.0,17259.3
124,1998-11-08,transfer out · household bill,447.0,16812.3
124,1998-11-08,cash withdrawal,1230.0,15582.3
124,1998-11-10,transfer in,0.0,18572.3
124,1998-11-14,transfer out,575.0,17997.3
124,1998-11-23,cash withdrawal,4700.0,13297.3
124,1998-11-30,cash withdrawal · statement fee,14.6,13352.3
124,1998-11-30,interest,0.0,13366.9
124,1998-12-07,transfer out · insurance,971.0,12381.3
124,1998-12-08,transfer out · household bill,447.0,11934.3
124,1998-12-10,transfer in,0.0,14924.3
124,1998-12-14,transfer out,575.0,14349.3
124,1998-12-16,cash withdrawal,840.0,13509.3
124,1998-12-31,interest,0.0,13566.0
320,1997-01-23,cash deposit,0.0,800.0
320,1997-02-16,cash deposit,0.0,1900.0
320,1997-02-18,cash deposit,0.0,3200.0
320,1997-02-22,cash deposit,0.0,16500.0
320,1997-02-28,interest,0.0,16519.1
320,1997-03-14,cash deposit,0.0,17619.1
320,1997-03-18,cash deposit,0.0,18919.1
320,1997-03-24,cash deposit,0.0,20419.1
320,1997-03-31,interest,0.0,20494.0
320,1997-04-14,cash deposit,0.0,21594.0
320,1997-04-18,cash deposit,0.0,22894.0
320,1997-04-23,cash withdrawal,1300.0,21594.0
320,1997-04-30,cash withdrawal · statement fee,14.6,21667.5
320,1997-04-30,interest,0.0,21682.1
320,1997-05-15,cash deposit,0.0,22767.5
320,1997-05-18,cash deposit,0.0,24067.5
320,1997-05-23,cash deposit,0.0,25067.5
320,1997-05-28,cash withdrawal,700.0,24367.5
320,1997-05-31,cash withdrawal · statement fee,14.6,24448.5
320,1997-05-31,interest,0.0,24463.1
320,1997-06-04,cash withdrawal,9400.0,15048.5
320,1997-06-15,cash deposit,0.0,16148.5
320,1997-06-18,cash deposit,0.0,17448.5
320,1997-06-22,cash deposit,0.0,19848.5
320,1997-06-30,cash withdrawal · statement fee,14.6,19922.7
320,1997-06-30,interest,0.0,19937.3
320,1997-07-16,cash deposit,0.0,21022.7
320,1997-07-17,cash withdrawal,2350.0,18672.7
320,1997-07-18,cash deposit,0.0,19972.7
320,1997-07-22,cash deposit,0.0,22172.7
320,1997-07-31,cash withdrawal · statement fee,14.6,22244.0
320,1997-07-31,interest,0.0,22258.6
320,1997-08-17,cash deposit,0.0,23344.0
320,1997-08-18,cash deposit,0.0,24644.0
320,1997-08-21,cash deposit,0.0,24844.0
320,1997-08-31,cash withdrawal · statement fee,14.6,24926.9
320,1997-08-31,interest,0.0,24941.5
320,1997-09-04,cash withdrawal,1650.0,23276.9
320,1997-09-13,cash deposit,0.0,24376.9
320,1997-09-18,cash deposit,0.0,25676.9
320,1997-09-20,cash withdrawal,1100.0,24576.9
320,1997-09-30,cash withdrawal · statement fee,14.6,24665.4
320,1997-09-30,interest,0.0,24680.0
320,1997-10-16,cash deposit,0.0,25765.4
320,1997-10-17,cash deposit,0.0,47318.4
320,1997-10-18,cash deposit,0.0,48618.4
320,1997-10-18,cash withdrawal,1300.0,47318.4
320,1997-10-20,cash withdrawal,12400.0,34918.4
320,1997-10-27,cash withdrawal,1450.0,33468.4
320,1997-10-31,cash withdrawal · statement fee,14.6,33581.6
320,1997-10-31,interest,0.0,33596.2
320,1997-11-15,cash deposit,0.0,42330.6
320,1997-11-16,cash deposit,0.0,43430.6
320,1997-11-18,cash deposit,0.0,44730.6
320,1997-11-19,cash withdrawal,10800.0,33930.6
320,1997-11-30,cash withdrawal · statement fee,14.6,34060.8
320,1997-11-30,interest,0.0,34075.4
320,1997-12-03,cash withdrawal,1600.0,32460.8
320,1997-12-13,cash deposit,0.0,33560.8
320,1997-12-18,cash deposit,0.0,34860.8
320,1997-12-19,cash withdrawal,6700.0,28160.8
320,1997-12-31,cash withdrawal · statement fee,14.6,28277.5
320,1997-12-31,interest,0.0,28292.1
320,1998-01-02,cash withdrawal,550.0,27727.5
320,1998-01-05,cash withdrawal,700.0,27027.5
320,1998-01-06,cash withdrawal,1900.0,25127.5
320,1998-01-12,cash deposit,0.0,37338.5
320,1998-01-15,cash withdrawal,650.0,36688.5
320,1998-01-17,cash deposit,0.0,37788.5
320,1998-01-18,cash deposit,0.0,39088.5
320,1998-01-18,cash withdrawal,9400.0,29688.5
320,1998-01-24,cash withdrawal,750.0,28938.5
320,1998-01-27,cash withdrawal,5800.0,23138.5
320,1998-01-27,cash withdrawal,650.0,22488.5
320,1998-01-29,cash withdrawal,300.0,22188.5
320,1998-01-31,cash withdrawal · statement fee,14.6,22301.3
320,1998-01-31,interest,0.0,22315.9
320,1998-02-16,cash deposit,0.0,23401.3
320,1998-02-17,cash deposit,0.0,24401.3
320,1998-02-18,cash deposit,0.0,25701.3
320,1998-02-28,cash withdrawal · statement fee,14.6,25785.4
320,1998-02-28,interest,0.0,25800.0
320,1998-03-13,cash deposit,0.0,56673.4
320,1998-03-17,cash deposit,0.0,57773.4
320,1998-03-18,cash deposit,0.0,59073.4
320,1998-03-19,cash withdrawal,13100.0,45973.4
320,1998-03-31,cash withdrawal · statement fee,14.6,46110.2
320,1998-03-31,interest,0.0,46124.8
320,1998-04-10,cash withdrawal,1500.0,44610.2
320,1998-04-11,cash withdrawal,700.0,43910.2
320,1998-04-17,cash deposit,0.0,45010.2
320,1998-04-18,cash deposit,0.0,46310.2
320,1998-04-18,cash withdrawal,8400.0,37910.2
320,1998-04-30,cash withdrawal · statement fee,14.6,38084.8
320,1998-04-30,interest,0.0,38099.4
320,1998-05-13,cash deposit,0.0,39184.8
320,1998-05-18,cash deposit,0.0,40484.8
320,1998-05-18,cash withdrawal,5300.0,35184.8
320,1998-05-31,cash withdrawal · statement fee,14.6,35323.3
320,1998-05-31,interest,0.0,35337.9
320,1998-06-12,cash withdrawal,14300.0,21023.3
320,1998-06-15,cash deposit,0.0,22123.3
320,1998-06-16,cash withdrawal,2050.0,20073.3
320,1998-06-17,cash deposit,0.0,26873.3
320,1998-06-18,cash deposit,0.0,28173.3
320,1998-06-20,cash withdrawal,1700.0,26473.3
320,1998-06-30,cash withdrawal · statement fee,14.6,26585.0
320,1998-06-30,interest,0.0,26599.6
320,1998-07-13,cash deposit,0.0,27685.0
320,1998-07-17,cash withdrawal,1400.0,30485.0
320,1998-07-17,cash deposit,0.0,31885.0
320,1998-07-18,cash deposit,0.0,31785.0
320,1998-07-31,cash withdrawal · statement fee,14.6,31891.3
320,1998-07-31,interest,0.0,31905.9
320,1998-08-06,cash withdrawal,1750.0,30141.3
320,1998-08-16,cash deposit,0.0,31241.3
320,1998-08-16,cash deposit,0.0,34541.3
320,1998-08-18,cash deposit,0.0,35841.3
320,1998-08-31,cash withdrawal · statement fee,14.6,35967.4
320,1998-08-31,interest,0.0,35982.0
320,1998-09-08,cash withdrawal,950.0,35017.4
320,1998-09-15,cash withdrawal,600.0,34417.4
320,1998-09-17,cash deposit,0.0,35517.4
320,1998-09-18,cash deposit,0.0,36817.4
320,1998-09-30,cash withdrawal · statement fee,14.6,36953.5
320,1998-09-30,interest,0.0,36968.1
320,1998-10-15,cash deposit,0.0,37353.5
320,1998-10-17,cash deposit,0.0,38453.5
320,1998-10-18,cash deposit,0.0,39753.5
320,1998-10-31,cash withdrawal · statement fee,14.6,39898.0
320,1998-10-31,interest,0.0,39912.6
320,1998-11-14,cash withdrawal,200.0,39698.0
320,1998-11-16,cash deposit,0.0,40798.0
320,1998-11-18,cash deposit,0.0,42098.0
320,1998-11-30,cash withdrawal · statement fee,14.6,42253.5
320,1998-11-30,interest,0.0,42268.1
320,1998-12-09,cash withdrawal,2800.0,39453.5
320,1998-12-14,cash deposit,0.0,40553.5
320,1998-12-14,cash deposit,0.0,42753.5
320,1998-12-18,cash deposit,0.0,44053.5
320,1998-12-31,interest,0.0,44231.6
357,1996-03-10,cash deposit,0.0,1000.0
357,1996-04-09,transfer in,0.0,4103.0
357,1996-05-09,transfer in,0.0,7206.0
357,1996-06-09,transfer in,0.0,10309.0
357,1996-07-09,transfer in,0.0,13412.0
357,1996-08-09,transfer in,0.0,16515.0
357,1996-08-09,transfer out,280.0,16235.0
357,1996-08-12,cash withdrawal,150.0,16085.0
357,1996-08-13,transfer out · household bill,1788.0,14297.0
357,1996-08-31,cash withdrawal · statement fee,14.6,14327.6
357,1996-08-31,interest,0.0,14342.2
357,1996-09-09,transfer in,0.0,17430.6
357,1996-09-09,transfer out,280.0,17150.6
357,1996-09-13,transfer out · household bill,1788.0,15362.6
357,1996-09-15,cash withdrawal,960.0,14402.6
357,1996-09-30,cash withdrawal · statement fee,14.6,14449.9
357,1996-09-30,interest,0.0,14464.5
357,1996-10-09,transfer in,0.0,17552.9
357,1996-10-09,transfer out,280.0,17272.9
357,1996-10-13,transfer out · household bill,1788.0,15484.9
357,1996-10-31,cash withdrawal · statement fee,14.6,15534.8
357,1996-10-31,interest,0.0,15549.4
357,1996-11-09,transfer in,0.0,18637.8
357,1996-11-09,transfer out,280.0,18357.8
357,1996-11-13,transfer out · household bill,1788.0,16569.8
357,1996-11-30,cash withdrawal · statement fee,14.6,16624.1
357,1996-11-30,interest,0.0,16638.7
357,1996-12-09,transfer in,0.0,19727.1
357,1996-12-09,transfer out,280.0,19447.1
357,1996-12-13,transfer out · household bill,1788.0,17659.1
357,1996-12-23,cash withdrawal,240.0,17419.1
357,1996-12-31,cash withdrawal · statement fee,14.6,17477.8
357,1996-12-31,interest,0.0,17492.4
357,1997-01-05,cash withdrawal,690.0,16787.8
357,1997-01-08,cash withdrawal,210.0,16577.8
357,1997-01-08,cash withdrawal,600.0,15977.8
357,1997-01-09,transfer in,0.0,19080.8
357,1997-01-09,transfer out,280.0,18800.8
357,1997-01-13,transfer out · household bill,1788.0,17012.8
357,1997-01-14,cash withdrawal,180.0,16682.8
357,1997-01-14,cash withdrawal,150.0,16862.8
357,1997-01-20,cash withdrawal,240.0,16442.8
357,1997-01-30,cash withdrawal,210.0,16232.8
357,1997-01-31,cash withdrawal · statement fee,14.6,16289.3
357,1997-01-31,interest,0.0,16303.9
357,1997-02-09,transfer in,0.0,19392.3
357,1997-02-09,transfer out,280.0,19112.3
357,1997-02-13,transfer out · household bill,1788.0,17324.3
357,1997-02-28,cash withdrawal · statement fee,14.6,17381.7
357,1997-02-28,interest,0.0,17396.3
357,1997-03-09,transfer in,0.0,20484.7
357,1997-03-09,transfer out,280.0,20204.7
357,1997-03-13,transfer out · household bill,1788.0,18416.7
357,1997-03-25,cash withdrawal,1410.0,17006.7
357,1997-03-31,cash withdrawal · statement fee,14.6,17067.3
357,1997-03-31,interest,0.0,17081.9
357,1997-04-09,transfer in,0.0,20170.3
357,1997-04-09,transfer out,280.0,19890.3
357,1997-04-13,transfer out · household bill,1788.0,18102.3
357,1997-04-30,cash withdrawal · statement fee,14.6,18163.0
357,1997-04-30,interest,0.0,18177.6
357,1997-05-09,transfer in,0.0,21266.0
357,1997-05-09,transfer out,280.0,20986.0
357,1997-05-13,transfer out · household bill,1788.0,17818.0
357,1997-05-13,cash withdrawal,1380.0,19606.0
357,1997-05-31,cash withdrawal · statement fee,14.6,17884.0
357,1997-05-31,interest,0.0,17898.6
357,1997-06-09,transfer in,0.0,20987.0
357,1997-06-09,transfer out,280.0,20707.0
357,1997-06-13,transfer out · household bill,1788.0,18919.0
357,1997-06-30,cash withdrawal · statement fee,14.6,18983.2
357,1997-06-30,interest,0.0,18997.8
357,1997-07-09,transfer in,0.0,22086.2
357,1997-07-09,transfer out,280.0,21806.2
357,1997-07-13,transfer out · household bill,1788.0,20018.2
357,1997-07-31,cash withdrawal · statement fee,14.6,20086.7
357,1997-07-31,interest,0.0,20101.3
357,1997-08-06,cash withdrawal,1200.0,18886.7
357,1997-08-09,transfer in,0.0,21989.7
357,1997-08-09,transfer out,280.0,21709.7
357,1997-08-13,transfer out · household bill,1788.0,19921.7
357,1997-08-31,cash withdrawal · statement fee,14.6,19991.2
357,1997-08-31,interest,0.0,20005.8
357,1997-09-09,transfer in,0.0,23094.2
357,1997-09-09,transfer out,280.0,22814.2
357,1997-09-13,transfer out · household bill,1788.0,21026.2
357,1997-09-30,cash withdrawal · statement fee,14.6,21099.1
357,1997-09-30,interest,0.0,21113.7
357,1997-10-09,transfer in,0.0,24202.1
357,1997-10-09,transfer out,280.0,23922.1
357,1997-10-13,transfer out · household bill,1788.0,22134.1
357,1997-10-31,cash withdrawal · statement fee,14.6,22211.5
357,1997-10-31,interest,0.0,22226.1
357,1997-11-09,transfer in,0.0,25314.5
357,1997-11-09,transfer out,280.0,25034.5
357,1997-11-13,transfer out · household bill,1788.0,23246.5
357,1997-11-30,cash withdrawal · statement fee,14.6,21228.1
357,1997-11-30,cash withdrawal,2100.0,21242.7
357,1997-11-30,interest,0.0,23342.7
357,1997-12-08,cash withdrawal,510.0,20718.1
357,1997-12-09,transfer in,0.0,23821.1
357,1997-12-09,transfer out,280.0,23541.1
357,1997-12-13,transfer out · household bill,1788.0,21753.1
357,1997-12-31,cash withdrawal · statement fee,14.6,21829.4
357,1997-12-31,interest,0.0,21844.0
357,1998-01-01,cash withdrawal,480.0,21349.4
357,1998-01-02,cash withdrawal,540.0,20809.4
357,1998-01-09,transfer in,0.0,23912.4
357,1998-01-09,transfer out,280.0,23632.4
357,1998-01-12,cash withdrawal,600.0,23032.4
357,1998-01-13,transfer out · household bill,1788.0,21244.4
357,1998-01-23,cash withdrawal,270.0,20974.4
357,1998-01-27,cash withdrawal,660.0,20314.4
357,1998-01-28,cash withdrawal,840.0,19474.4
357,1998-01-30,cash withdrawal,840.0,18634.4
357,1998-01-31,cash withdrawal · statement fee,14.6,18707.7
357,1998-01-31,interest,0.0,18722.3
357,1998-02-09,transfer in,0.0,21810.7
357,1998-02-09,transfer out,280.0,21530.7
357,1998-02-13,transfer out · household bill,1788.0,19742.7
357,1998-02-28,cash withdrawal · statement fee,14.6,19810.2
357,1998-02-28,interest,0.0,19824.8
357,1998-03-06,cash withdrawal,210.0,19600.2
357,1998-03-09,transfer in,0.0,22703.2
357,1998-03-09,transfer out,280.0,22423.2
357,1998-03-13,transfer out · household bill,1788.0,20635.2
357,1998-03-31,cash withdrawal · statement fee,14.6,20706.6
357,1998-03-31,interest,0.0,20721.2
357,1998-04-09,transfer in,0.0,23809.6
357,1998-04-09,transfer out,280.0,23529.6
357,1998-04-13,transfer out · household bill,1788.0,21741.6
357,1998-04-25,cash withdrawal,870.0,20871.6
357,1998-04-30,cash withdrawal · statement fee,14.6,20946.6
357,1998-04-30,interest,0.0,20961.2
357,1998-05-05,cash withdrawal,1200.0,19746.6
357,1998-05-09,transfer in,0.0,22849.6
357,1998-05-09,transfer out,280.0,22569.6
357,1998-05-13,transfer out · household bill,1788.0,20781.6
357,1998-05-31,cash withdrawal · statement fee,14.6,20854.6
357,1998-05-31,interest,0.0,20869.2
357,1998-06-09,transfer in,0.0,23957.6
357,1998-06-09,transfer out,280.0,23677.6
357,1998-06-13,transfer out · household bill,1788.0,21889.6
357,1998-06-30,cash withdrawal · statement fee,14.6,21965.7
357,1998-06-30,interest,0.0,21980.3
357,1998-07-09,transfer in,0.0,25068.7
357,1998-07-09,transfer out,280.0,24788.7
357,1998-07-13,transfer out · household bill,1788.0,23000.7
357,1998-07-23,cash withdrawal,570.0,22430.7
357,1998-07-31,cash withdrawal · statement fee,14.6,22511.0
357,1998-07-31,interest,0.0,22525.6
357,1998-08-09,transfer in,0.0,25614.0
357,1998-08-09,transfer out,280.0,25334.0
357,1998-08-13,transfer out · household bill,1788.0,23546.0
357,1998-08-27,cash withdrawal,1000.0,22546.0
357,1998-08-31,cash withdrawal · statement fee,14.6,22628.4
357,1998-08-31,interest,0.0,22643.0
357,1998-09-09,transfer in,0.0,25731.4
357,1998-09-09,transfer out,280.0,25451.4
357,1998-09-13,transfer out · household bill,1788.0,23663.4
357,1998-09-26,cash withdrawal,1700.0,21963.4
357,1998-09-30,cash withdrawal · statement fee,14.6,22045.9
357,1998-09-30,interest,0.0,22060.5
357,1998-10-09,transfer in,0.0,25148.9
357,1998-10-09,transfer out,280.0,24868.9
357,1998-10-11,cash withdrawal,810.0,24058.9
357,1998-10-13,transfer out · household bill,1788.0,22270.9
357,1998-10-19,cash withdrawal,930.0,21340.9
357,1998-10-31,cash withdrawal · statement fee,14.6,21418.0
357,1998-10-31,interest,0.0,21432.6
357,1998-11-09,transfer in,0.0,24521.0
357,1998-11-09,transfer out,280.0,24241.0
357,1998-11-13,transfer out · household bill,1788.0,22453.0
357,1998-11-30,cash withdrawal · statement fee,14.6,22531.5
357,1998-11-30,interest,0.0,22546.1
357,1998-12-03,cash withdrawal,180.0,22351.5
357,1998-12-07,cash withdrawal,810.0,21541.5
357,1998-12-09,transfer in,0.0,24644.5
357,1998-12-09,transfer out,280.0,24364.5
357,1998-12-13,transfer out · household bill,1788.0,22576.5
357,1998-12-31,interest,0.0,22670.9
508,1996-11-19,cash deposit,0.0,600.0
508,1996-12-13,transfer in,0.0,4575.0
508,1996-12-19,cash deposit,0.0,13475.0
508,1996-12-31,interest,0.0,13498.5
508,1997-01-13,transfer in,0.0,17473.5
508,1997-01-18,cash deposit,0.0,19273.5
508,1997-01-31,interest,0.0,19340.6
508,1997-02-13,transfer in,0.0,23315.6
508,1997-02-17,cash deposit,0.0,23715.6
508,1997-02-28,interest,0.0,23803.8
508,1997-03-13,transfer in,0.0,27778.8
508,1997-03-19,cash deposit,0.0,28878.8
508,1997-03-31,interest,0.0,28986.7
508,1997-04-13,transfer in,0.0,32961.7
508,1997-04-18,cash deposit,0.0,33061.7
508,1997-04-30,cash withdrawal · statement fee,14.6,33174.9
508,1997-04-30,interest,0.0,33189.5
508,1997-05-08,transfer out · household bill,2480.0,30694.9
508,1997-05-13,transfer in,0.0,34669.9
508,1997-05-18,cash deposit,0.0,35269.9
508,1997-05-31,cash withdrawal · statement fee,14.6,35398.5
508,1997-05-31,interest,0.0,35413.1
508,1997-06-08,transfer out · household bill,2480.0,32918.5
508,1997-06-13,transfer in,0.0,36893.5
508,1997-06-13,cash withdrawal,7650.0,29243.5
508,1997-06-17,cash deposit,0.0,31143.5
508,1997-06-30,cash withdrawal · statement fee,14.6,31264.7
508,1997-06-30,interest,0.0,31279.3
508,1997-07-08,transfer out · household bill,2480.0,28784.7
508,1997-07-13,transfer in,0.0,32759.7
508,1997-07-17,cash deposit,0.0,34259.7
508,1997-07-31,cash withdrawal · statement fee,14.6,34382.2
508,1997-07-31,interest,0.0,34396.8
508,1997-08-08,transfer out · household bill,2480.0,31902.2
508,1997-08-13,transfer in,0.0,35877.2
508,1997-08-16,cash withdrawal,1050.0,34827.2
508,1997-08-16,cash withdrawal,600.0,34227.2
508,1997-08-31,cash withdrawal · statement fee,14.6,34357.4
508,1997-08-31,interest,0.0,34372.0
508,1997-09-05,cash withdrawal,150.0,34207.4
508,1997-09-08,transfer out · household bill,2480.0,31727.4
508,1997-09-13,transfer in,0.0,35702.4
508,1997-09-15,cash deposit,0.0,35802.4
508,1997-09-30,cash withdrawal · statement fee,14.6,35932.7
508,1997-09-30,interest,0.0,35947.3
508,1997-10-08,transfer out · household bill,2480.0,33452.7
508,1997-10-10,cash withdrawal,1290.0,32162.7
508,1997-10-13,transfer in,0.0,36137.7
508,1997-10-15,cash deposit,0.0,38337.7
508,1997-10-28,cash withdrawal,1170.0,37167.7
508,1997-10-31,cash withdrawal · statement fee,14.6,37306.1
508,1997-10-31,interest,0.0,37320.7
508,1997-11-08,transfer out · household bill,2480.0,34826.1
508,1997-11-13,transfer in,0.0,38801.1
508,1997-11-14,cash withdrawal,3400.0,35401.1
508,1997-11-30,cash withdrawal · statement fee,14.6,35537.6
508,1997-11-30,interest,0.0,35552.2
508,1997-12-03,cash withdrawal,540.0,34997.6
508,1997-12-08,transfer out · household bill,2480.0,32517.6
508,1997-12-12,cash withdrawal,1350.0,31167.6
508,1997-12-13,transfer in,0.0,35142.6
508,1997-12-14,cash withdrawal,100.0,35042.6
508,1997-12-31,cash withdrawal · statement fee,14.6,35172.6
508,1997-12-31,interest,0.0,35187.2
508,1998-01-03,cash withdrawal,150.0,35022.6
508,1998-01-06,cash withdrawal,390.0,34632.6
508,1998-01-08,transfer out · household bill,2480.0,32152.6
508,1998-01-13,transfer in,0.0,36127.6
508,1998-01-13,cash withdrawal,4500.0,31627.6
508,1998-01-17,cash withdrawal,180.0,30667.6
508,1998-01-17,cash withdrawal,780.0,30847.6
508,1998-01-26,cash withdrawal,180.0,29617.6
508,1998-01-26,cash withdrawal,870.0,29797.6
508,1998-01-31,cash withdrawal · statement fee,14.6,29738.0
508,1998-01-31,interest,0.0,29752.6
508,1998-02-08,transfer out · household bill,2480.0,27258.0
508,1998-02-12,cash deposit,0.0,32558.0
508,1998-02-13,transfer in,0.0,36533.0
508,1998-02-28,cash withdrawal · statement fee,14.6,36658.8
508,1998-02-28,interest,0.0,36673.4
508,1998-03-08,transfer out · household bill,2480.0,34178.8
508,1998-03-13,transfer in,0.0,38153.8
508,1998-03-14,cash withdrawal,1800.0,36353.8
508,1998-03-28,cash withdrawal,360.0,35993.8
508,1998-03-31,cash withdrawal · statement fee,14.6,36131.0
508,1998-03-31,interest,0.0,36145.6
508,1998-04-08,transfer out · household bill,2480.0,33651.0
508,1998-04-13,transfer in,0.0,37626.0
508,1998-04-13,cash withdrawal,2700.0,34926.0
508,1998-04-20,cash withdrawal,480.0,34446.0
508,1998-04-30,cash withdrawal · statement fee,14.6,34580.7
508,1998-04-30,interest,0.0,34595.3
508,1998-05-08,transfer out · household bill,2480.0,32100.7
508,1998-05-13,transfer in,0.0,36075.7
508,1998-05-13,cash withdrawal,6000.0,30075.7
508,1998-05-31,cash withdrawal · statement fee,14.6,30193.4
508,1998-05-31,interest,0.0,30208.0
508,1998-06-08,transfer out · household bill,2480.0,27713.4
508,1998-06-12,cash withdrawal,1320.0,27993.4
508,1998-06-12,cash deposit,0.0,29313.4
508,1998-06-13,transfer in,0.0,31968.4
508,1998-06-30,cash withdrawal · statement fee,14.6,32083.5
508,1998-06-30,interest,0.0,32098.1
508,1998-07-08,transfer out · household bill,2480.0,29603.5
508,1998-07-12,cash deposit,0.0,29703.5
508,1998-07-13,transfer in,0.0,33678.5
508,1998-07-22,cash withdrawal,390.0,33288.5
508,1998-07-31,cash withdrawal · statement fee,14.6,33410.6
508,1998-07-31,interest,0.0,33425.2
508,1998-08-08,transfer out · household bill,2480.0,30930.6
508,1998-08-11,cash withdrawal,3900.0,27030.6
508,1998-08-13,transfer in,0.0,31005.6
508,1998-08-31,cash withdrawal · statement fee,14.6,31122.0
508,1998-08-31,interest,0.0,31136.6
508,1998-09-08,transfer out · household bill,2480.0,28642.0
508,1998-09-10,cash withdrawal,2300.0,26342.0
508,1998-09-12,cash withdrawal,210.0,26132.0
508,1998-09-13,transfer in,0.0,30107.0
508,1998-09-19,cash withdrawal,540.0,29567.0
508,1998-09-30,cash withdrawal · statement fee,14.6,29676.3
508,1998-09-30,interest,0.0,29690.9
508,1998-10-08,transfer out · household bill,2480.0,27196.3
508,1998-10-10,cash withdrawal,3100.0,24096.3
508,1998-10-13,transfer in,0.0,28071.3
508,1998-10-28,cash withdrawal,1140.0,26931.3
508,1998-10-31,cash withdrawal · statement fee,14.6,27033.0
508,1998-10-31,interest,0.0,27047.6
508,1998-11-08,transfer out · household bill,2480.0,24553.0
508,1998-11-09,cash withdrawal,2300.0,22253.0
508,1998-11-13,transfer in,0.0,26228.0
508,1998-11-23,cash withdrawal,1080.0,25148.0
508,1998-11-28,cash withdrawal,960.0,24188.0
508,1998-11-30,cash withdrawal · statement fee,14.6,24279.3
508,1998-11-30,interest,0.0,24293.9
508,1998-12-08,transfer out · household bill,2480.0,21799.3
508,1998-12-09,cash withdrawal,3100.0,18699.3
508,1998-12-13,transfer in,0.0,22674.3
508,1998-12-24,cash withdrawal,150.0,22524.3
508,1998-12-31,interest,0.0,22617.7
814,1996-10-06,cash deposit,0.0,300.0
814,1996-10-13,transfer in · pension,0.0,7060.0
814,1996-10-31,interest,0.0,7078.0
814,1996-11-13,transfer in · pension,0.0,13838.0
814,1996-11-30,interest,0.0,13867.4
814,1996-12-13,transfer in · pension,0.0,20627.4
814,1996-12-31,interest,0.0,20656.8
814,1997-01-13,transfer in · pension,0.0,27416.8
814,1997-01-31,interest,0.0,27446.3
814,1997-02-13,transfer in · pension,0.0,34206.3
814,1997-02-13,transfer out · household bill,1598.0,32608.3
814,1997-02-28,cash withdrawal · statement fee,14.6,32687.5
814,1997-02-28,interest,0.0,32702.1
814,1997-03-09,transfer out,632.0,32055.5
814,1997-03-13,transfer in · pension,0.0,38815.5
814,1997-03-13,transfer out · household bill,1598.0,37217.5
814,1997-03-31,cash withdrawal · statement fee,14.6,37354.5
814,1997-03-31,interest,0.0,37369.1
814,1997-04-04,cash withdrawal,4200.0,33154.5
814,1997-04-09,transfer out,632.0,32522.5
814,1997-04-13,transfer in · pension,0.0,39282.5
814,1997-04-13,transfer out · household bill,1598.0,37684.5
814,1997-04-30,cash withdrawal · statement fee,14.6,37827.5
814,1997-04-30,interest,0.0,37842.1
814,1997-05-04,cash withdrawal,2900.0,34927.5
814,1997-05-05,cash withdrawal,2800.0,32127.5
814,1997-05-09,transfer out,632.0,31495.5
814,1997-05-13,transfer in · pension,0.0,38255.5
814,1997-05-13,transfer out · household bill,1598.0,36657.5
814,1997-05-31,cash withdrawal · statement fee,14.6,36791.0
814,1997-05-31,interest,0.0,36805.6
814,1997-06-03,cash withdrawal,4700.0,32091.0
814,1997-06-09,transfer out,632.0,31459.0
814,1997-06-13,transfer in · pension,0.0,38219.0
814,1997-06-13,transfer out · household bill,1598.0,36621.0
814,1997-06-17,cash withdrawal,8400.0,28221.0
814,1997-06-30,cash withdrawal · statement fee,14.6,28340.9
814,1997-06-30,interest,0.0,28355.5
814,1997-07-09,transfer out,632.0,27708.9
814,1997-07-13,transfer in · pension,0.0,34468.9
814,1997-07-13,transfer out · household bill,1598.0,32870.9
814,1997-07-23,cash withdrawal,1680.0,31190.9
814,1997-07-31,cash withdrawal · statement fee,14.6,31303.9
814,1997-07-31,interest,0.0,31318.5
814,1997-08-02,cash withdrawal,3100.0,28203.9
814,1997-08-09,transfer out,632.0,27571.9
814,1997-08-13,transfer in · pension,0.0,34331.9
814,1997-08-13,transfer out · household bill,1598.0,32733.9
814,1997-08-31,cash withdrawal · statement fee,14.6,32855.2
814,1997-08-31,interest,0.0,32869.8
814,1997-09-01,cash withdrawal,5800.0,27055.2
814,1997-09-09,transfer out,632.0,26423.2
814,1997-09-13,transfer in · pension,0.0,33183.2
814,1997-09-13,transfer out · household bill,1598.0,31585.2
814,1997-09-30,cash withdrawal · statement fee,14.6,31700.7
814,1997-09-30,interest,0.0,31715.3
814,1997-10-01,cash withdrawal,3800.0,27900.7
814,1997-10-09,transfer out,632.0,27268.7
814,1997-10-13,transfer in · pension,0.0,34028.7
814,1997-10-13,transfer out · household bill,1598.0,32430.7
814,1997-10-22,cash withdrawal,2640.0,29790.7
814,1997-10-31,cash withdrawal · statement fee,14.6,26305.5
814,1997-10-31,cash withdrawal,3600.0,26320.1
814,1997-10-31,interest,0.0,29920.1
814,1997-11-09,transfer out,632.0,25673.5
814,1997-11-13,transfer in · pension,0.0,32433.5
814,1997-11-13,transfer out · household bill,1598.0,30835.5
814,1997-11-19,cash withdrawal,1200.0,29635.5
814,1997-11-30,cash withdrawal · statement fee,14.6,25140.4
814,1997-11-30,cash withdrawal,4600.0,25155.0
814,1997-11-30,interest,0.0,29755.0
814,1997-12-09,transfer out,632.0,24508.4
814,1997-12-13,transfer in · pension,0.0,31268.4
814,1997-12-13,transfer out · household bill,1598.0,29670.4
814,1997-12-24,cash withdrawal,450.0,29220.4
814,1997-12-30,cash withdrawal,8800.0,20420.4
814,1997-12-31,cash withdrawal · statement fee,14.6,20519.2
814,1997-12-31,interest,0.0,20533.8
814,1998-01-04,cash withdrawal,800.0,19719.2
814,1998-01-06,cash withdrawal,1120.0,18599.2
814,1998-01-07,cash withdrawal,1440.0,17159.2
814,1998-01-09,transfer out,632.0,16527.2
814,1998-01-12,cash withdrawal,880.0,15647.2
814,1998-01-13,transfer in · pension,0.0,22407.2
814,1998-01-13,transfer out · household bill,1598.0,20809.2
814,1998-01-14,cash withdrawal,1200.0,19609.2
814,1998-01-15,cash withdrawal,800.0,18809.2
814,1998-01-29,cash withdrawal,400.0,17309.2
814,1998-01-29,cash withdrawal,1100.0,17709.2
814,1998-01-31,cash withdrawal · statement fee,14.6,17372.0
814,1998-01-31,interest,0.0,17386.6
814,1998-02-02,cash withdrawal,2720.0,14652.0
814,1998-02-09,transfer out,632.0,14020.0
814,1998-02-13,transfer in · pension,0.0,20780.0
814,1998-02-13,transfer out · household bill,1598.0,19182.0
814,1998-02-28,cash withdrawal · statement fee,14.6,11944.4
814,1998-02-28,cash withdrawal,7300.0,11959.0
814,1998-02-28,interest,0.0,19259.0
814,1998-03-09,transfer out,632.0,11312.4
814,1998-03-13,transfer in · pension,0.0,18072.4
814,1998-03-13,transfer out · household bill,1598.0,16474.4
814,1998-03-30,cash withdrawal,1900.0,14574.4
814,1998-03-31,cash withdrawal · statement fee,14.6,14624.1
814,1998-03-31,interest,0.0,14638.7
814,1998-04-09,transfer out,632.0,13992.1
814,1998-04-13,transfer in · pension,0.0,20752.1
814,1998-04-13,transfer out · household bill,1598.0,19154.1
814,1998-04-29,cash withdrawal,4500.0,14654.1
814,1998-04-30,cash withdrawal · statement fee,14.6,14710.3
814,1998-04-30,interest,0.0,14724.9
814,1998-05-09,transfer out,632.0,14078.3
814,1998-05-13,transfer in · pension,0.0,20838.3
814,1998-05-13,transfer out · household bill,1598.0,19240.3
814,1998-05-29,cash withdrawal,7100.0,12140.3
814,1998-05-31,cash withdrawal · statement fee,14.6,12195.4
814,1998-05-31,interest,0.0,12210.0
814,1998-06-09,transfer out,632.0,11563.4
814,1998-06-13,transfer in · pension,0.0,18323.4
814,1998-06-13,transfer out · household bill,1598.0,16725.4
814,1998-06-28,cash withdrawal,5400.0,11325.4
814,1998-06-30,cash withdrawal · statement fee,14.6,11370.4
814,1998-06-30,interest,0.0,11385.0
814,1998-07-09,transfer out,632.0,10738.4
814,1998-07-13,transfer in · pension,0.0,17498.4
814,1998-07-13,transfer out · household bill,1598.0,15900.4
814,1998-07-31,cash withdrawal · statement fee,14.6,15948.3
814,1998-07-31,interest,0.0,15962.9
814,1998-08-09,transfer out,632.0,15316.3
814,1998-08-10,cash withdrawal,720.0,14596.3
814,1998-08-13,transfer in · pension,0.0,21356.3
814,1998-08-13,transfer out · household bill,1598.0,19758.3
814,1998-08-31,cash withdrawal · statement fee,14.6,19822.8
814,1998-08-31,interest,0.0,19837.4
814,1998-09-09,transfer out,632.0,19190.8
814,1998-09-11,cash withdrawal,400.0,18790.8
814,1998-09-13,transfer in · pension,0.0,25550.8
814,1998-09-13,transfer out · household bill,1598.0,23952.8
814,1998-09-30,cash withdrawal · statement fee,14.6,24030.5
814,1998-09-30,interest,0.0,24045.1
814,1998-10-09,transfer out,632.0,23398.5
814,1998-10-13,transfer in · pension,0.0,30158.5
814,1998-10-13,transfer out · household bill,1598.0,28560.5
814,1998-10-26,cash withdrawal,17100.0,11460.5
814,1998-10-31,cash withdrawal · statement fee,14.6,11546.2
814,1998-10-31,interest,0.0,11560.8
814,1998-11-09,transfer out,632.0,10914.2
814,1998-11-13,transfer in · pension,0.0,17674.2
814,1998-11-13,transfer out · household bill,1598.0,16076.2
814,1998-11-30,cash withdrawal · statement fee,14.6,16124.3
814,1998-11-30,interest,0.0,16138.9
814,1998-12-01,cash withdrawal,2320.0,13804.3
814,1998-12-09,transfer out,632.0,13172.3
814,1998-12-13,transfer in · pension,0.0,19932.3
814,1998-12-13,transfer out · household bill,1598.0,18334.3
814,1998-12-20,cash withdrawal,600.0,17734.3
814,1998-12-31,interest,0.0,17805.6
959,1996-02-23,cash deposit,0.0,1000.0
959,1996-03-14,transfer in · pension,0.0,5703.0
959,1996-04-14,transfer in · pension,0.0,10406.0
959,1996-05-14,transfer in · pension,0.0,15109.0
959,1996-06-14,transfer in · pension,0.0,19812.0
959,1996-06-22,cash withdrawal,1200.0,18612.0
959,1996-06-30,interest,0.0,18635.3
959,1996-07-14,transfer in · pension,0.0,23338.3
959,1996-07-31,cash withdrawal · statement fee,14.6,23401.8
959,1996-07-31,interest,0.0,23416.4
959,1996-08-07,transfer out · household bill,579.0,22822.8
959,1996-08-12,transfer out,2180.0,20642.8
959,1996-08-14,transfer in · pension,0.0,25345.8
959,1996-08-23,cash withdrawal,1600.0,23745.8
959,1996-08-31,cash withdrawal · statement fee,14.6,23830.8
959,1996-08-31,interest,0.0,23845.4
959,1996-09-07,transfer out · household bill,579.0,23251.8
959,1996-09-12,transfer out,2180.0,21071.8
959,1996-09-14,transfer in · pension,0.0,25774.8
959,1996-09-20,cash withdrawal,600.0,25174.8
959,1996-09-29,cash withdrawal,3600.0,21574.8
959,1996-09-30,cash withdrawal · statement fee,14.6,21661.4
959,1996-09-30,interest,0.0,21676.0
959,1996-10-07,transfer out · household bill,579.0,21082.4
959,1996-10-12,transfer out,2180.0,18902.4
959,1996-10-14,transfer in · pension,0.0,23605.4
959,1996-10-20,cash withdrawal,3400.0,20205.4
959,1996-10-31,cash withdrawal · statement fee,14.6,20279.5
959,1996-10-31,interest,0.0,20294.1
959,1996-11-07,transfer out · household bill,579.0,19700.5
959,1996-11-12,transfer out,2180.0,17520.5
959,1996-11-14,transfer in · pension,0.0,22223.5
959,1996-11-19,cash withdrawal,1400.0,20823.5
959,1996-11-30,cash withdrawal · statement fee,14.6,20894.9
959,1996-11-30,interest,0.0,20909.5
959,1996-12-07,transfer out · household bill,579.0,20315.9
959,1996-12-11,cash withdrawal,700.0,19615.9
959,1996-12-12,transfer out,2180.0,17435.9
959,1996-12-14,transfer in · pension,0.0,22138.9
959,1996-12-19,cash withdrawal,4900.0,17238.9
959,1996-12-31,cash withdrawal · statement fee,14.6,17304.7
959,1996-12-31,interest,0.0,17319.3
959,1997-01-07,transfer out · household bill,579.0,16725.7
959,1997-01-11,cash withdrawal,880.0,15845.7
959,1997-01-12,transfer out,2180.0,13665.7
959,1997-01-14,transfer in · pension,0.0,18368.7
959,1997-01-31,cash withdrawal · statement fee,14.6,18427.6
959,1997-01-31,interest,0.0,18442.2
959,1997-02-07,transfer out · household bill,579.0,17848.6
959,1997-02-12,transfer out,2180.0,15668.6
959,1997-02-14,transfer in · pension,0.0,20371.6
959,1997-02-28,cash withdrawal · statement fee,14.6,20437.2
959,1997-02-28,interest,0.0,20451.8
959,1997-03-07,transfer out · household bill,579.0,19858.2
959,1997-03-12,transfer out,2180.0,17678.2
959,1997-03-14,transfer in · pension,0.0,22381.2
959,1997-03-19,cash withdrawal,1000.0,21381.2
959,1997-03-31,cash withdrawal · statement fee,14.6,21454.0
959,1997-03-31,interest,0.0,21468.6
959,1997-04-07,transfer out · household bill,579.0,20875.0
959,1997-04-12,transfer out,2180.0,18695.0
959,1997-04-14,transfer in · pension,0.0,23398.0
959,1997-04-18,cash withdrawal,4600.0,18798.0
959,1997-04-30,cash withdrawal · statement fee,14.6,18868.2
959,1997-04-30,interest,0.0,18882.8
959,1997-05-07,transfer out · household bill,579.0,18289.2
959,1997-05-12,transfer out,2180.0,16109.2
959,1997-05-14,transfer in · pension,0.0,20812.2
959,1997-05-18,cash withdrawal,4400.0,16412.2
959,1997-05-31,cash withdrawal · statement fee,14.6,16471.9
959,1997-05-31,interest,0.0,16486.5
959,1997-06-07,transfer out · household bill,579.0,15892.9
959,1997-06-12,transfer out,2180.0,13712.9
959,1997-06-14,transfer in · pension,0.0,18415.9
959,1997-06-17,cash withdrawal,2200.0,16215.9
959,1997-06-30,cash withdrawal · statement fee,14.6,16269.4
959,1997-06-30,interest,0.0,16284.0
959,1997-07-07,transfer out · household bill,579.0,15690.4
959,1997-07-12,transfer out,2180.0,13510.4
959,1997-07-14,transfer in · pension,0.0,18213.4
959,1997-07-14,cash withdrawal,3760.0,14453.4
959,1997-07-31,cash withdrawal · statement fee,14.6,14501.3
959,1997-07-31,interest,0.0,14515.9
959,1997-08-07,transfer out · household bill,579.0,13922.3
959,1997-08-12,transfer out,2180.0,11742.3
959,1997-08-14,transfer in · pension,0.0,16445.3
959,1997-08-16,cash withdrawal,3000.0,13445.3
959,1997-08-31,cash withdrawal · statement fee,14.6,13488.5
959,1997-08-31,interest,0.0,13503.1
959,1997-09-07,transfer out · household bill,579.0,12909.5
959,1997-09-12,transfer out,2180.0,10729.5
959,1997-09-14,transfer in · pension,0.0,15432.5
959,1997-09-15,cash withdrawal,1000.0,14432.5
959,1997-09-30,cash withdrawal · statement fee,14.6,14475.6
959,1997-09-30,interest,0.0,14490.2
959,1997-10-07,transfer out · household bill,579.0,13896.6
959,1997-10-12,transfer out,2180.0,11716.6
959,1997-10-14,transfer in · pension,0.0,16419.6
959,1997-10-15,cash withdrawal,2600.0,13819.6
959,1997-10-31,cash withdrawal · statement fee,14.6,13863.2
959,1997-10-31,interest,0.0,13877.8
959,1997-11-07,transfer out · household bill,579.0,13284.2
959,1997-11-12,transfer out,2180.0,11104.2
959,1997-11-14,transfer in · pension,0.0,15807.2
959,1997-11-14,cash withdrawal,2500.0,13307.2
959,1997-11-30,cash withdrawal · statement fee,14.6,13348.1
959,1997-11-30,interest,0.0,13362.7
959,1997-12-07,transfer out · household bill,579.0,12769.1
959,1997-12-12,transfer out,2180.0,10589.1
959,1997-12-14,transfer in · pension,0.0,15292.1
959,1997-12-14,cash withdrawal,2800.0,12492.1
959,1997-12-31,cash withdrawal · statement fee,14.6,12536.5
959,1997-12-31,interest,0.0,12551.1
959,1998-01-07,transfer out · household bill,579.0,11957.5
959,1998-01-12,transfer out,2180.0,9777.5
959,1998-01-14,transfer in · pension,0.0,14480.5
959,1998-01-31,cash withdrawal · statement fee,14.6,14521.8
959,1998-01-31,interest,0.0,14536.4
959,1998-02-07,transfer out · household bill,579.0,13942.8
959,1998-02-12,transfer out,2180.0,11762.8
959,1998-02-14,transfer in · pension,0.0,16465.8
959,1998-02-28,cash withdrawal · statement fee,14.6,16515.0
959,1998-02-28,interest,0.0,16529.6
959,1998-03-07,transfer out · household bill,579.0,15936.0
959,1998-03-12,transfer out,2180.0,13756.0
959,1998-03-14,transfer in · pension,0.0,18459.0
959,1998-03-14,cash withdrawal,4100.0,14359.0
959,1998-03-31,cash withdrawal · statement fee,14.6,14407.0
959,1998-03-31,interest,0.0,14421.6
959,1998-04-07,transfer out · household bill,579.0,13828.0
959,1998-04-11,cash withdrawal,960.0,12868.0
959,1998-04-12,transfer out,2180.0,10688.0
959,1998-04-14,transfer in · pension,0.0,15391.0
959,1998-04-30,cash withdrawal · statement fee,14.6,15437.2
959,1998-04-30,interest,0.0,15451.8
959,1998-05-07,transfer out · household bill,579.0,14858.2
959,1998-05-12,transfer out,2180.0,12678.2
959,1998-05-14,transfer in · pension,0.0,17381.2
959,1998-05-31,cash withdrawal · statement fee,14.6,17434.6
959,1998-05-31,interest,0.0,17449.2
959,1998-06-07,transfer out · household bill,579.0,16855.6
959,1998-06-12,transfer out,2180.0,14675.6
959,1998-06-14,transfer in · pension,0.0,19378.6
959,1998-06-30,cash withdrawal · statement fee,14.6,19440.1
959,1998-06-30,interest,0.0,19454.7
959,1998-07-07,transfer out · household bill,579.0,18861.1
959,1998-07-12,transfer out,2180.0,16581.1
959,1998-07-12,cash withdrawal,100.0,18761.1
959,1998-07-14,transfer in · pension,0.0,21284.1
959,1998-07-24,cash withdrawal,2800.0,18484.1
959,1998-07-31,cash withdrawal · statement fee,14.6,18551.4
959,1998-07-31,interest,0.0,18566.0
959,1998-08-07,transfer out · household bill,579.0,17972.4
959,1998-08-11,cash withdrawal,600.0,17372.4
959,1998-08-12,transfer out,2180.0,15192.4
959,1998-08-14,transfer in · pension,0.0,19895.4
959,1998-08-31,cash withdrawal · statement fee,14.6,19959.9
959,1998-08-31,interest,0.0,19974.5
959,1998-09-07,transfer out · household bill,579.0,19380.9
959,1998-09-12,transfer out,2180.0,17200.9
959,1998-09-14,transfer in · pension,0.0,21903.9
959,1998-09-30,cash withdrawal · statement fee,14.6,21975.8
959,1998-09-30,interest,0.0,21990.4
959,1998-10-07,transfer out · household bill,579.0,21396.8
959,1998-10-12,transfer out,2180.0,19216.8
959,1998-10-14,transfer in · pension,0.0,23919.8
959,1998-10-31,cash withdrawal · statement fee,14.6,24000.3
959,1998-10-31,interest,0.0,24014.9
959,1998-11-07,transfer out · household bill,579.0,23421.3
959,1998-11-12,transfer out,2180.0,21241.3
959,1998-11-14,transfer in · pension,0.0,25944.3
959,1998-11-25,cash withdrawal,800.0,25144.3
959,1998-11-30,cash withdrawal · statement fee,14.6,25232.4
959,1998-11-30,interest,0.0,25247.0
959,1998-12-04,cash withdrawal,2880.0,22352.4
959,1998-12-07,transfer out · household bill,579.0,21773.4
959,1998-12-12,transfer out,2180.0,19593.4
959,1998-12-14,transfer in · pension,0.0,24296.4
959,1998-12-29,cash withdrawal,250.0,24046.4
959,1998-12-31,interest,0.0,24144.7
979,1993-02-16,cash deposit,0.0,1000.0
979,1993-03-06,cash deposit,0.0,18914.0
979,1993-03-18,cash deposit,0.0,20114.0
979,1993-03-31,interest,0.0,20151.8
979,1993-04-06,cash deposit,0.0,38065.8
979,1993-04-17,cash withdrawal,4600.0,33465.8
979,1993-04-30,interest,0.0,33575.6
979,1993-05-06,cash deposit,0.0,51489.6
979,1993-05-17,cash withdrawal,15400.0,36089.6
979,1993-05-31,interest,0.0,36234.3
979,1993-06-06,cash deposit,0.0,63105.3
979,1993-06-16,cash withdrawal,20800.0,42305.3
979,1993-06-30,interest,0.0,42468.7
979,1993-07-06,cash deposit,0.0,60382.7
979,1993-07-06,cash withdrawal,3300.0,57082.7
979,1993-07-14,transfer out · household bill,5354.0,51728.7
979,1993-07-16,cash withdrawal,12600.0,39128.7
979,1993-07-24,cash withdrawal,4000.0,35128.7
979,1993-07-31,cash withdrawal · statement fee,14.6,35297.6
979,1993-07-31,interest,0.0,35312.2
979,1993-08-05,cash withdrawal,4700.0,30597.6
979,1993-08-06,cash deposit,0.0,48511.6
979,1993-08-14,transfer out · household bill,5354.0,43157.6
979,1993-08-15,cash withdrawal,10900.0,32257.6
979,1993-08-31,cash withdrawal · statement fee,14.6,32398.4
979,1993-08-31,interest,0.0,32413.0
979,1993-09-06,cash deposit,0.0,50312.4
979,1993-09-14,transfer out · household bill,5354.0,44958.4
979,1993-09-14,cash withdrawal,11300.0,33658.4
979,1993-09-30,cash withdrawal · statement fee,14.6,33806.9
979,1993-09-30,interest,0.0,33821.5
979,1993-10-06,cash deposit,0.0,51720.9
979,1993-10-14,transfer out · household bill,5354.0,46366.9
979,1993-10-14,cash withdrawal,11300.0,35066.9
979,1993-10-31,cash withdrawal · statement fee,14.6,35221.9
979,1993-10-31,interest,0.0,35236.5
979,1993-11-06,cash deposit,0.0,53135.9
979,1993-11-13,cash withdrawal,15100.0,38035.9
979,1993-11-14,transfer out · household bill,5354.0,32681.9
979,1993-11-30,cash withdrawal · statement fee,14.6,32808.2
979,1993-11-30,interest,0.0,32822.8
979,1993-12-06,cash deposit,0.0,59679.2
979,1993-12-13,cash withdrawal,19300.0,40379.2
979,1993-12-14,transfer out · household bill,5354.0,35025.2
979,1993-12-31,cash withdrawal · statement fee,14.6,35153.5
979,1993-12-31,interest,0.0,35168.1
979,1994-01-01,cash withdrawal,8300.0,26853.5
979,1994-01-02,cash withdrawal,700.0,26153.5
979,1994-01-06,cash deposit,0.0,44067.5
979,1994-01-09,cash withdrawal,800.0,43267.5
979,1994-01-12,cash withdrawal,1100.0,42167.5
979,1994-01-12,cash withdrawal,7100.0,35067.5
979,1994-01-14,transfer out · household bill,5354.0,29713.5
979,1994-01-22,cash withdrawal,1500.0,28213.5
979,1994-01-24,cash withdrawal,1400.0,26813.5
979,1994-01-24,cash withdrawal,1900.0,24913.5
979,1994-01-31,cash withdrawal · statement fee,14.6,25030.1
979,1994-01-31,interest,0.0,25044.7
979,1994-02-06,cash deposit,0.0,42944.1
979,1994-02-11,cash withdrawal,7600.0,35344.1
979,1994-02-14,transfer out · household bill,5354.0,29990.1
979,1994-02-15,cash withdrawal,600.0,29390.1
979,1994-02-28,cash withdrawal · statement fee,14.6,29493.9
979,1994-02-28,interest,0.0,29508.5
979,1994-03-06,cash deposit,0.0,47407.9
979,1994-03-13,cash withdrawal,11800.0,35607.9
979,1994-03-14,transfer out · household bill,5354.0,30253.9
979,1994-03-26,cash withdrawal,3200.0,27053.9
979,1994-03-28,cash withdrawal,1300.0,25753.9
979,1994-03-31,cash withdrawal · statement fee,14.6,25861.3
979,1994-03-31,interest,0.0,25875.9
979,1994-04-06,cash deposit,0.0,43775.3
979,1994-04-12,cash withdrawal,8400.0,35375.3
979,1994-04-14,transfer out · household bill,5354.0,30021.3
979,1994-04-22,cash withdrawal,2200.0,27821.3
979,1994-04-30,cash withdrawal · statement fee,14.6,27923.8
979,1994-04-30,interest,0.0,27938.4
979,1994-05-06,cash deposit,0.0,45837.8
979,1994-05-12,cash withdrawal,9600.0,36237.8
979,1994-05-14,transfer out · household bill,5354.0,30883.8
979,1994-05-31,cash withdrawal · statement fee,14.6,30994.5
979,1994-05-31,interest,0.0,31009.1
979,1994-06-06,cash deposit,0.0,57865.5
979,1994-06-08,cash withdrawal,1200.0,56665.5
979,1994-06-11,cash withdrawal,13500.0,43165.5
979,1994-06-14,transfer out · household bill,5354.0,37811.5
979,1994-06-30,cash withdrawal · statement fee,14.6,37957.5
979,1994-06-30,interest,0.0,37972.1
979,1994-07-06,cash deposit,0.0,55871.5
979,1994-07-11,cash withdrawal,17000.0,38871.5
979,1994-07-14,transfer out · household bill,5354.0,33517.5
979,1994-07-31,cash withdrawal · statement fee,14.6,33650.2
979,1994-07-31,interest,0.0,33664.8
979,1994-08-06,cash deposit,0.0,51564.2
979,1994-08-10,cash withdrawal,11800.0,39764.2
979,1994-08-14,transfer out · household bill,5354.0,34410.2
979,1994-08-23,cash withdrawal,800.0,33610.2
979,1994-08-31,cash withdrawal · statement fee,14.6,33739.5
979,1994-08-31,interest,0.0,33754.1
979,1994-09-06,cash deposit,0.0,51653.5
979,1994-09-09,cash withdrawal,14500.0,37153.5
979,1994-09-14,transfer out · household bill,5354.0,31799.5
979,1994-09-19,cash withdrawal,2800.0,28999.5
979,1994-09-30,cash withdrawal · statement fee,14.6,29118.1
979,1994-09-30,interest,0.0,29132.7
979,1994-10-06,cash deposit,0.0,47032.1
979,1994-10-09,cash withdrawal,8200.0,38832.1
979,1994-10-14,transfer out · household bill,5354.0,33478.1
979,1994-10-31,cash withdrawal · statement fee,14.6,33601.3
979,1994-10-31,interest,0.0,33615.9
979,1994-11-06,cash deposit,0.0,51515.3
979,1994-11-08,cash withdrawal,14500.0,37015.3
979,1994-11-14,transfer out · household bill,5354.0,31661.3
979,1994-11-30,cash withdrawal · statement fee,14.6,31784.4
979,1994-11-30,interest,0.0,31799.0
979,1994-12-06,cash deposit,0.0,58655.4
979,1994-12-08,cash withdrawal,17800.0,40855.4
979,1994-12-14,transfer out · household bill,5354.0,35501.4
979,1994-12-31,cash withdrawal · statement fee,14.6,35634.8
979,1994-12-31,interest,0.0,35649.4
979,1995-01-01,cash withdrawal,3100.0,32534.8
979,1995-01-06,cash deposit,0.0,50448.8
979,1995-01-06,cash withdrawal,4000.0,46448.8
979,1995-01-07,cash withdrawal,2500.0,33348.8
979,1995-01-07,cash withdrawal,2600.0,43848.8
979,1995-01-07,cash withdrawal,8000.0,35848.8
979,1995-01-14,transfer out · household bill,5354.0,27994.8
979,1995-01-15,cash withdrawal,600.0,27394.8
979,1995-01-15,cash withdrawal,1700.0,25694.8
979,1995-01-19,cash withdrawal,1000.0,24694.8
979,1995-01-25,cash withdrawal,1400.0,23294.8
979,1995-01-31,cash withdrawal · statement fee,14.6,23411.3
979,1995-01-31,interest,0.0,23425.9
979,1995-02-06,cash deposit,0.0,41325.3
979,1995-02-06,cash withdrawal,5900.0,35425.3
979,1995-02-14,transfer out · household bill,5354.0,30071.3
979,1995-02-28,cash withdrawal · statement fee,14.6,30182.6
979,1995-02-28,interest,0.0,30197.2
979,1995-03-06,cash deposit,0.0,48096.6
979,1995-03-08,cash withdrawal,12900.0,35196.6
979,1995-03-14,transfer out · household bill,5354.0,29842.6
979,1995-03-31,cash withdrawal · statement fee,14.6,29956.2
979,1995-03-31,interest,0.0,29970.8
979,1995-04-06,cash deposit,0.0,47870.2
979,1995-04-07,cash withdrawal,13400.0,34470.2
979,1995-04-14,transfer out · household bill,5354.0,29116.2
979,1995-04-30,cash withdrawal · statement fee,14.6,29227.9
979,1995-04-30,interest,0.0,29242.5
979,1995-05-06,cash deposit,0.0,47141.9
979,1995-05-07,cash withdrawal,11700.0,35441.9
979,1995-05-14,transfer out · household bill,5354.0,30087.9
979,1995-05-19,cash withdrawal,2800.0,27287.9
979,1995-05-31,cash withdrawal · statement fee,14.6,27397.2
979,1995-05-31,interest,0.0,27411.8
979,1995-06-06,cash deposit,0.0,54268.2
979,1995-06-06,cash withdrawal,14800.0,39468.2
979,1995-06-14,transfer out · household bill,5354.0,34114.2
979,1995-06-30,cash withdrawal · statement fee,14.6,34242.0
979,1995-06-30,interest,0.0,34256.6
979,1995-07-06,cash deposit,0.0,52156.0
979,1995-07-06,cash withdrawal,14300.0,37856.0
979,1995-07-14,transfer out · household bill,5354.0,32502.0
979,1995-07-31,cash withdrawal · statement fee,14.6,32644.1
979,1995-07-31,interest,0.0,32658.7
979,1995-08-05,cash withdrawal,5900.0,26744.1
979,1995-08-06,cash deposit,0.0,44658.1
979,1995-08-06,cash withdrawal,3300.0,41358.1
979,1995-08-14,transfer out · household bill,5354.0,36004.1
979,1995-08-31,cash withdrawal · statement fee,14.6,36141.8
979,1995-08-31,interest,0.0,36156.4
979,1995-09-04,cash withdrawal,5600.0,30541.8
979,1995-09-06,cash deposit,0.0,48455.8
979,1995-09-12,cash withdrawal,2600.0,45855.8
979,1995-09-14,transfer out · household bill,5354.0,40501.8
979,1995-09-25,cash withdrawal,1800.0,38701.8
979,1995-09-30,cash withdrawal · statement fee,14.6,38858.4
979,1995-09-30,interest,0.0,38873.0
979,1995-10-04,cash withdrawal,6500.0,32358.4
979,1995-10-06,cash deposit,0.0,50272.4
979,1995-10-14,transfer out · household bill,5354.0,44918.4
979,1995-10-31,cash withdrawal · statement fee,14.6,45091.3
979,1995-10-31,interest,0.0,45105.9
979,1995-11-03,cash withdrawal,12000.0,33091.3
979,1995-11-06,cash deposit,0.0,51005.3
979,1995-11-14,transfer out · household bill,5354.0,45651.3
979,1995-11-30,cash withdrawal · statement fee,14.6,45831.1
979,1995-11-30,interest,0.0,45845.7
979,1995-12-03,cash withdrawal,11900.0,33931.1
979,1995-12-06,cash deposit,0.0,60802.1
979,1995-12-14,transfer out · household bill,5354.0,55448.1
979,1995-12-20,cash withdrawal,900.0,54548.1
979,1995-12-31,cash withdrawal · statement fee,14.6,54760.9
979,1995-12-31,interest,0.0,54775.5
979,1996-01-02,cash withdrawal,18400.0,36360.9
979,1996-01-06,cash deposit,0.0,54274.9
979,1996-01-08,cash withdrawal,1500.0,52774.9
979,1996-01-11,cash withdrawal,6800.0,45974.9
979,1996-01-11,cash withdrawal,1600.0,44374.9
979,1996-01-13,cash withdrawal,1600.0,42774.9
979,1996-01-14,transfer out · household bill,5354.0,37420.9
979,1996-01-16,cash withdrawal,2900.0,34520.9
979,1996-01-20,cash withdrawal,900.0,33620.9
979,1996-01-26,cash withdrawal,4500.0,29120.9
979,1996-01-30,cash withdrawal,1100.0,28020.9
979,1996-01-31,cash withdrawal · statement fee,14.6,28174.1
979,1996-01-31,interest,0.0,28188.7
979,1996-02-01,cash withdrawal,2400.0,25774.1
979,1996-02-06,cash deposit,0.0,43688.1
979,1996-02-14,transfer out · household bill,5354.0,38334.1
979,1996-02-29,cash withdrawal · statement fee,14.6,38476.5
979,1996-02-29,interest,0.0,38491.1
979,1996-03-02,cash withdrawal,9600.0,28876.5
979,1996-03-06,cash deposit,0.0,46790.5
979,1996-03-14,transfer out · household bill,5354.0,41436.5
979,1996-03-31,cash withdrawal · statement fee,14.6,41596.6
979,1996-03-31,interest,0.0,41611.2
979,1996-04-01,cash withdrawal,12200.0,29396.6
979,1996-04-06,cash deposit,0.0,47310.6
979,1996-04-14,transfer out · household bill,5354.0,41956.6
979,1996-04-30,cash withdrawal · statement fee,14.6,42120.8
979,1996-04-30,interest,0.0,42135.4
979,1996-05-01,cash withdrawal,13600.0,28520.8
979,1996-05-06,cash deposit,0.0,46434.8
979,1996-05-14,transfer out · household bill,5354.0,41080.8
979,1996-05-31,cash withdrawal · statement fee,14.6,26540.0
979,1996-05-31,cash withdrawal,14700.0,26554.6
979,1996-05-31,interest,0.0,41254.6
979,1996-06-01,cash withdrawal,8400.0,18140.0
979,1996-06-06,cash deposit,0.0,45011.0
979,1996-06-14,transfer out · household bill,5354.0,39657.0
979,1996-06-30,cash withdrawal · statement fee,14.6,24800.4
979,1996-06-30,cash withdrawal,15000.0,24815.0
979,1996-06-30,interest,0.0,39815.0
979,1996-07-06,cash deposit,0.0,42714.4
979,1996-07-14,transfer out · household bill,5354.0,37360.4
979,1996-07-30,cash withdrawal,13100.0,24260.4
979,1996-07-31,cash withdrawal · statement fee,14.6,24374.0
979,1996-07-31,interest,0.0,24388.6
979,1996-08-01,cash withdrawal,2300.0,22074.0
979,1996-08-06,cash deposit,0.0,39988.0
979,1996-08-14,transfer out · household bill,5354.0,34634.0
979,1996-08-29,cash withdrawal,11300.0,23334.0
979,1996-08-31,cash withdrawal · statement fee,14.6,23455.9
979,1996-08-31,interest,0.0,23470.5
979,1996-09-06,cash deposit,0.0,41369.9
979,1996-09-14,transfer out · household bill,5354.0,36015.9
979,1996-09-18,cash withdrawal,2200.0,33815.9
979,1996-09-28,cash withdrawal,6800.0,27015.9
979,1996-09-30,cash withdrawal · statement fee,14.6,27119.6
979,1996-09-30,interest,0.0,27134.2
979,1996-10-06,cash deposit,0.0,45033.6
979,1996-10-14,transfer out · household bill,5354.0,39679.6
979,1996-10-28,cash withdrawal,12000.0,27679.6
979,1996-10-31,cash withdrawal · statement fee,14.6,27799.6
979,1996-10-31,interest,0.0,27814.2
979,1996-11-06,cash deposit,0.0,45713.6
979,1996-11-14,transfer out · household bill,5354.0,40359.6
979,1996-11-27,cash withdrawal,10300.0,30059.6
979,1996-11-30,cash withdrawal · statement fee,14.6,30182.4
979,1996-11-30,interest,0.0,30197.0
979,1996-12-06,cash deposit,0.0,57053.4
979,1996-12-14,transfer out · household bill,5354.0,51699.4
979,1996-12-27,cash withdrawal,15600.0,36099.4
979,1996-12-31,cash withdrawal · statement fee,14.6,36249.6
979,1996-12-31,interest,0.0,36264.2
979,1997-01-06,cash deposit,0.0,54163.6
979,1997-01-07,cash withdrawal,800.0,53363.6
979,1997-01-09,cash withdrawal,1100.0,52263.6
979,1997-01-11,cash withdrawal,1300.0,50963.6
979,1997-01-13,cash withdrawal,1300.0,49663.6
979,1997-01-14,transfer out · household bill,5354.0,44309.6
979,1997-01-14,cash withdrawal,2700.0,41609.6
979,1997-01-19,cash withdrawal,1200.0,40409.6
979,1997-01-26,cash withdrawal,1400.0,29009.6
979,1997-01-26,cash withdrawal,10000.0,30409.6
979,1997-01-31,cash withdrawal · statement fee,14.6,29159.7
979,1997-01-31,interest,0.0,29174.3
979,1997-02-06,cash deposit,0.0,47073.7
979,1997-02-14,transfer out · household bill,5354.0,41719.7
979,1997-02-23,cash withdrawal,4500.0,37219.7
979,1997-02-25,cash withdrawal,8300.0,28919.7
979,1997-02-28,cash withdrawal · statement fee,14.6,29043.0
979,1997-02-28,interest,0.0,29057.6
979,1997-03-06,cash deposit,0.0,46957.0
979,1997-03-14,transfer out · household bill,5354.0,41603.0
979,1997-03-27,cash withdrawal,12300.0,29303.0
979,1997-03-31,cash withdrawal · statement fee,14.6,29428.6
979,1997-03-31,interest,0.0,29443.2
979,1997-04-06,cash deposit,0.0,47342.6
979,1997-04-14,transfer out · household bill,5354.0,41988.6
979,1997-04-26,cash withdrawal,8600.0,33388.6
979,1997-04-30,cash withdrawal · statement fee,14.6,33517.4
979,1997-04-30,interest,0.0,33532.0
979,1997-05-06,cash deposit,0.0,51431.4
979,1997-05-14,transfer out · household bill,5354.0,46077.4
979,1997-05-26,cash withdrawal,13700.0,32377.4
979,1997-05-31,cash withdrawal · statement fee,14.6,32518.7
979,1997-05-31,interest,0.0,32533.3
979,1997-06-02,cash withdrawal,2600.0,29918.7
979,1997-06-02,cash withdrawal,1600.0,28318.7
979,1997-06-06,cash deposit,0.0,55189.7
979,1997-06-14,transfer out · household bill,5354.0,49835.7
979,1997-06-23,cash withdrawal,13600.0,36235.7
979,1997-06-25,cash withdrawal,11600.0,24635.7
979,1997-06-30,cash withdrawal · statement fee,14.6,24793.3
979,1997-06-30,interest,0.0,24807.9
979,1997-07-06,cash deposit,0.0,42707.3
979,1997-07-14,transfer out · household bill,5354.0,37353.3
979,1997-07-25,cash withdrawal,10200.0,27153.3
979,1997-07-31,cash withdrawal · statement fee,14.6,27259.5
979,1997-07-31,interest,0.0,27274.1
979,1997-08-06,cash deposit,0.0,45173.5
979,1997-08-06,cash withdrawal,4300.0,40873.5
979,1997-08-14,transfer out · household bill,5354.0,35519.5
979,1997-08-24,cash withdrawal,11100.0,24419.5
979,1997-08-31,cash withdrawal · statement fee,14.6,24542.4
979,1997-08-31,interest,0.0,24557.0
979,1997-09-06,cash deposit,0.0,42456.4
979,1997-09-14,transfer out · household bill,5354.0,37102.4
979,1997-09-23,cash withdrawal,8200.0,28902.4
979,1997-09-30,cash withdrawal · statement fee,14.6,29007.0
979,1997-09-30,interest,0.0,29021.6
979,1997-10-06,cash deposit,0.0,46921.0
979,1997-10-14,transfer out · household bill,5354.0,41567.0
979,1997-10-23,cash withdrawal,12600.0,28967.0
979,1997-10-31,cash withdrawal · statement fee,14.6,29084.7
979,1997-10-31,interest,0.0,29099.3
979,1997-11-06,cash deposit,0.0,46998.7
979,1997-11-14,transfer out · household bill,5354.0,41644.7
979,1997-11-22,cash withdrawal,10500.0,31144.7
979,1997-11-30,cash withdrawal · statement fee,14.6,31264.0
979,1997-11-30,interest,0.0,31278.6
979,1997-12-06,cash deposit,0.0,58135.0
979,1997-12-14,transfer out · household bill,5354.0,52781.0
979,1997-12-22,cash withdrawal,18400.0,34381.0
979,1997-12-31,cash withdrawal · statement fee,14.6,34520.1
979,1997-12-31,interest,0.0,34534.7
979,1998-01-01,cash withdrawal,2000.0,32520.1
979,1998-01-03,cash withdrawal,1800.0,30720.1
979,1998-01-06,cash deposit,0.0,48634.1
979,1998-01-14,transfer out · household bill,5354.0,43280.1
979,1998-01-16,cash withdrawal,1500.0,41780.1
979,1998-01-21,cash withdrawal,1200.0,37880.1
979,1998-01-21,cash withdrawal,2700.0,39080.1
979,1998-01-21,cash withdrawal,10900.0,26980.1
979,1998-01-29,cash withdrawal,2600.0,23080.1
979,1998-01-29,cash withdrawal,1300.0,25680.1
979,1998-01-31,cash withdrawal · statement fee,14.6,23213.4
979,1998-01-31,interest,0.0,23228.0
979,1998-02-06,cash deposit,0.0,41127.4
979,1998-02-14,transfer out · household bill,5354.0,35773.4
979,1998-02-20,cash withdrawal,11800.0,23973.4
979,1998-02-28,cash withdrawal · statement fee,14.6,24063.6
979,1998-02-28,interest,0.0,24078.2
979,1998-03-06,cash deposit,0.0,41977.6
979,1998-03-14,transfer out · household bill,5354.0,36623.6
979,1998-03-22,cash withdrawal,11200.0,25423.6
979,1998-03-31,cash withdrawal · statement fee,14.6,25520.2
979,1998-03-31,interest,0.0,25534.8
979,1998-04-06,cash deposit,0.0,43434.2
979,1998-04-14,transfer out · household bill,5354.0,38080.2
979,1998-04-21,cash withdrawal,15500.0,22580.2
979,1998-04-30,cash withdrawal · statement fee,14.6,22675.6
979,1998-04-30,interest,0.0,22690.2
979,1998-05-06,cash deposit,0.0,40589.6
979,1998-05-14,transfer out · household bill,5354.0,35235.6
979,1998-05-21,cash withdrawal,13400.0,21835.6
979,1998-05-31,cash withdrawal · statement fee,14.6,21921.5
979,1998-05-31,interest,0.0,21936.1
979,1998-06-06,cash deposit,0.0,48792.5
979,1998-06-13,cash withdrawal,9700.0,39092.5
979,1998-06-14,transfer out · household bill,5354.0,33738.5
979,1998-06-18,cash withdrawal,2200.0,31538.5
979,1998-06-20,cash withdrawal,10700.0,20838.5
979,1998-06-30,cash withdrawal · statement fee,14.6,20920.5
979,1998-06-30,interest,0.0,20935.1
979,1998-07-06,cash deposit,0.0,38834.5
979,1998-07-14,transfer out · household bill,5354.0,33480.5
979,1998-07-20,cash withdrawal,14500.0,18980.5
979,1998-07-31,cash withdrawal · statement fee,14.6,19055.2
979,1998-07-31,interest,0.0,19069.8
979,1998-08-06,cash deposit,0.0,36969.2
979,1998-08-14,transfer out · household bill,5354.0,31615.2
979,1998-08-31,cash withdrawal · statement fee,14.6,31705.4
979,1998-08-31,interest,0.0,31720.0
979,1998-09-06,cash deposit,0.0,49619.4
979,1998-09-14,transfer out · household bill,5354.0,44265.4
979,1998-09-18,cash withdrawal,16000.0,28265.4
979,1998-09-20,cash withdrawal,2500.0,25765.4
979,1998-09-30,cash withdrawal · statement fee,14.6,25874.7
979,1998-09-30,interest,0.0,25889.3
979,1998-10-06,cash deposit,0.0,43788.7
979,1998-10-14,transfer out · household bill,5354.0,38434.7
979,1998-10-18,cash withdrawal,14200.0,24234.7
979,1998-10-31,cash withdrawal · statement fee,14.6,24326.3
979,1998-10-31,interest,0.0,24340.9
979,1998-11-06,cash deposit,0.0,42240.3
979,1998-11-14,transfer out · household bill,5354.0,36886.3
979,1998-11-17,cash withdrawal,14300.0,22586.3
979,1998-11-30,cash withdrawal · statement fee,14.6,22669.4
979,1998-11-30,interest,0.0,22684.0
979,1998-12-06,cash deposit,0.0,49540.4
979,1998-12-14,transfer out · household bill,5354.0,44186.4
979,1998-12-31,interest,0.0,44327.4
1357,1995-11-20,cash deposit,0.0,900.0
1357,1995-12-08,transfer in,0.0,4335.0
1357,1995-12-20,cash deposit,0.0,12935.0
1357,1995-12-31,interest,0.0,12955.9
1357,1996-01-08,transfer in,0.0,16390.9
1357,1996-01-19,cash deposit,0.0,21490.9
1357,1996-01-31,interest,0.0,21559.7
1357,1996-02-08,transfer in,0.0,24994.7
1357,1996-02-18,cash deposit,0.0,28394.7
1357,1996-02-29,interest,0.0,28496.1
1357,1996-03-08,transfer in,0.0,31931.1
1357,1996-03-19,cash withdrawal,4600.0,27331.1
1357,1996-03-31,interest,0.0,27447.6
1357,1996-04-08,transfer in,0.0,30882.6
1357,1996-04-11,transfer out · household bill,2290.0,28592.6
1357,1996-04-18,cash withdrawal,200.0,28392.6
1357,1996-04-19,cash withdrawal,1170.0,27222.6
1357,1996-04-30,cash withdrawal · statement fee,14.6,27323.1
1357,1996-04-30,interest,0.0,27337.7
1357,1996-05-08,transfer in,0.0,30758.1
1357,1996-05-11,transfer out · household bill,2290.0,28468.1
1357,1996-05-17,cash withdrawal,570.0,27898.1
1357,1996-05-18,cash deposit,0.0,29198.1
1357,1996-05-31,cash withdrawal · statement fee,14.6,29301.8
1357,1996-05-31,interest,0.0,29316.4
1357,1996-06-08,transfer in,0.0,32736.8
1357,1996-06-09,cash withdrawal,5730.0,27006.8
1357,1996-06-11,transfer out · household bill,2290.0,24716.8
1357,1996-06-17,cash deposit,0.0,25716.8
1357,1996-06-30,cash withdrawal · statement fee,14.6,25812.9
1357,1996-06-30,interest,0.0,25827.5
1357,1996-07-08,transfer in,0.0,29247.9
1357,1996-07-11,transfer out · household bill,2290.0,26957.9
1357,1996-07-17,cash deposit,0.0,28657.9
1357,1996-07-31,cash withdrawal · statement fee,14.6,28757.5
1357,1996-07-31,interest,0.0,28772.1
1357,1996-08-08,transfer in,0.0,32192.5
1357,1996-08-11,transfer out · household bill,2290.0,29902.5
1357,1996-08-31,cash withdrawal · statement fee,14.6,30010.9
1357,1996-08-31,interest,0.0,30025.5
1357,1996-09-08,transfer in,0.0,33445.9
1357,1996-09-11,transfer out · household bill,2290.0,31155.9
1357,1996-09-15,cash withdrawal,800.0,30355.9
1357,1996-09-27,cash withdrawal,240.0,30115.9
1357,1996-09-30,cash withdrawal · statement fee,14.6,30227.6
1357,1996-09-30,interest,0.0,30242.2
1357,1996-10-08,transfer in,0.0,33662.6
1357,1996-10-11,transfer out · household bill,2290.0,31372.6
1357,1996-10-15,cash withdrawal,1000.0,30372.6
1357,1996-10-31,cash withdrawal · statement fee,14.6,30484.8
1357,1996-10-31,interest,0.0,30499.4
1357,1996-11-08,transfer in,0.0,33919.8
1357,1996-11-11,transfer out · household bill,2290.0,31629.8
1357,1996-11-14,cash deposit,0.0,34629.8
1357,1996-11-30,cash withdrawal · statement fee,14.6,34752.5
1357,1996-11-30,interest,0.0,34767.1
1357,1996-12-08,transfer in,0.0,38187.5
1357,1996-12-10,cash withdrawal,420.0,37767.5
1357,1996-12-11,transfer out · household bill,2290.0,35477.5
1357,1996-12-14,cash withdrawal,2100.0,33377.5
1357,1996-12-31,cash withdrawal · statement fee,14.6,33504.9
1357,1996-12-31,interest,0.0,33519.5
1357,1997-01-03,cash withdrawal,180.0,33324.9
1357,1997-01-04,cash withdrawal,630.0,32694.9
1357,1997-01-06,cash withdrawal,630.0,32064.9
1357,1997-01-08,transfer in,0.0,35499.9
1357,1997-01-08,cash withdrawal,870.0,34629.9
1357,1997-01-10,cash withdrawal,660.0,33969.9
1357,1997-01-11,transfer out · household bill,2290.0,31679.9
1357,1997-01-13,cash withdrawal,660.0,34519.9
1357,1997-01-13,cash deposit,0.0,35179.9
1357,1997-01-22,cash withdrawal,390.0,34129.9
1357,1997-01-31,cash withdrawal · statement fee,14.6,34257.2
1357,1997-01-31,interest,0.0,34271.8
1357,1997-02-08,transfer in,0.0,37692.2
1357,1997-02-11,transfer out · household bill,2290.0,35402.2
1357,1997-02-12,cash deposit,0.0,35502.2
1357,1997-02-28,cash withdrawal · statement fee,14.6,35633.5
1357,1997-02-28,interest,0.0,35648.1
1357,1997-03-08,transfer in,0.0,39068.5
1357,1997-03-11,transfer out · household bill,2290.0,36778.5
1357,1997-03-14,cash deposit,0.0,39078.5
1357,1997-03-31,cash withdrawal · statement fee,14.6,39221.0
1357,1997-03-31,interest,0.0,39235.6
1357,1997-04-08,transfer in,0.0,42656.0
1357,1997-04-11,transfer out · household bill,2290.0,40366.0
1357,1997-04-13,cash deposit,0.0,40466.0
1357,1997-04-30,cash withdrawal · statement fee,14.6,40618.1
1357,1997-04-30,interest,0.0,40632.7
1357,1997-05-08,transfer in,0.0,44053.1
1357,1997-05-11,transfer out · household bill,2290.0,41763.1
1357,1997-05-13,cash deposit,0.0,42663.1
1357,1997-05-31,cash withdrawal · statement fee,14.6,42823.0
1357,1997-05-31,interest,0.0,42837.6
1357,1997-06-05,cash withdrawal,180.0,42643.0
1357,1997-06-08,transfer in,0.0,46078.0
1357,1997-06-11,transfer out · household bill,2290.0,43788.0
1357,1997-06-12,cash withdrawal,1100.0,42688.0
1357,1997-06-14,cash withdrawal,360.0,42328.0
1357,1997-06-21,cash withdrawal,4200.0,38128.0
1357,1997-06-30,cash withdrawal · statement fee,14.6,38286.1
1357,1997-06-30,interest,0.0,38300.7
1357,1997-07-08,transfer in,0.0,41721.1
1357,1997-07-11,transfer out · household bill,2290.0,39431.1
1357,1997-07-12,cash withdrawal,2400.0,37031.1
1357,1997-07-31,cash withdrawal · statement fee,14.6,37172.5
1357,1997-07-31,interest,0.0,37187.1
1357,1997-08-03,cash withdrawal,270.0,36902.5
1357,1997-08-08,transfer in,0.0,40337.5
1357,1997-08-11,transfer out · household bill,2290.0,41547.5
1357,1997-08-11,cash deposit,0.0,43837.5
1357,1997-08-31,cash withdrawal · statement fee,14.6,41701.1
1357,1997-08-31,interest,0.0,41715.7
1357,1997-09-05,cash withdrawal,600.0,41101.1
1357,1997-09-08,transfer in,0.0,44536.1
1357,1997-09-10,cash deposit,0.0,45236.1
1357,1997-09-11,transfer out · household bill,2290.0,42946.1
1357,1997-09-28,cash withdrawal,150.0,42796.1
1357,1997-09-30,cash withdrawal · statement fee,14.6,42959.5
1357,1997-09-30,interest,0.0,42974.1
1357,1997-10-05,cash withdrawal,1260.0,41699.5
1357,1997-10-08,transfer in,0.0,45134.5
1357,1997-10-10,cash withdrawal,2300.0,42834.5
1357,1997-10-11,transfer out · household bill,2290.0,40544.5
1357,1997-10-31,cash withdrawal · statement fee,14.6,40702.2
1357,1997-10-31,interest,0.0,40716.8
1357,1997-11-08,transfer in,0.0,44137.2
1357,1997-11-09,cash withdrawal,1900.0,42237.2
1357,1997-11-11,transfer out · household bill,2290.0,39947.2
1357,1997-11-30,cash withdrawal · statement fee,14.6,40100.1
1357,1997-11-30,interest,0.0,40114.7
1357,1997-12-08,transfer in,0.0,43535.1
1357,1997-12-09,cash deposit,0.0,46135.1
1357,1997-12-11,transfer out · household bill,2290.0,43845.1
1357,1997-12-22,cash withdrawal,330.0,43515.1
1357,1997-12-31,cash withdrawal · statement fee,14.6,43678.8
1357,1997-12-31,interest,0.0,43693.4
1357,1998-01-06,cash withdrawal,330.0,43348.8
1357,1998-01-08,transfer in,0.0,46783.8
1357,1998-01-08,cash withdrawal,2300.0,44483.8
1357,1998-01-09,cash withdrawal,180.0,44303.8
1357,1998-01-11,transfer out · household bill,2290.0,42013.8
1357,1998-01-12,cash withdrawal,270.0,41743.8
1357,1998-01-12,cash withdrawal,240.0,41503.8
1357,1998-01-22,cash withdrawal,2370.0,39133.8
1357,1998-01-23,cash withdrawal,330.0,38803.8
1357,1998-01-24,cash withdrawal,510.0,38293.8
1357,1998-01-31,cash withdrawal · statement fee,14.6,38451.0
1357,1998-01-31,interest,0.0,38465.6
1357,1998-02-07,cash deposit,0.0,41251.0
1357,1998-02-08,transfer in,0.0,44686.0
1357,1998-02-11,transfer out · household bill,2290.0,42396.0
1357,1998-02-11,cash withdrawal,1410.0,40986.0
1357,1998-02-28,cash withdrawal · statement fee,14.6,41140.6
1357,1998-02-28,interest,0.0,41155.2
1357,1998-03-08,transfer in,0.0,44575.6
1357,1998-03-09,cash deposit,0.0,45575.6
1357,1998-03-11,transfer out · household bill,2290.0,43285.6
1357,1998-03-31,cash withdrawal · statement fee,14.6,43449.0
1357,1998-03-31,interest,0.0,43463.6
1357,1998-04-08,transfer in,0.0,46984.0
1357,1998-04-08,cash deposit,0.0,43549.0
1357,1998-04-11,transfer out · household bill,2290.0,44694.0
1357,1998-04-30,cash withdrawal · statement fee,14.6,44863.2
1357,1998-04-30,interest,0.0,44877.8
1357,1998-05-06,cash withdrawal,1350.0,43513.2
1357,1998-05-08,transfer in,0.0,46948.2
1357,1998-05-08,cash withdrawal,2000.0,44948.2
1357,1998-05-11,transfer out · household bill,2290.0,42658.2
1357,1998-05-31,cash withdrawal · statement fee,14.6,42824.3
1357,1998-05-31,interest,0.0,42838.9
1357,1998-06-02,cash withdrawal,1350.0,41474.3
1357,1998-06-03,cash withdrawal,2850.0,38624.3
1357,1998-06-07,cash deposit,0.0,40924.3
1357,1998-06-08,transfer in,0.0,44359.3
1357,1998-06-11,transfer out · household bill,2290.0,42069.3
1357,1998-06-19,cash withdrawal,840.0,41229.3
1357,1998-06-30,cash withdrawal · statement fee,14.6,41386.8
1357,1998-06-30,interest,0.0,41401.4
1357,1998-07-05,cash withdrawal,1290.0,40096.8
1357,1998-07-07,cash deposit,0.0,40796.8
1357,1998-07-08,transfer in,0.0,44231.8
1357,1998-07-11,transfer out · household bill,2290.0,41941.8
1357,1998-07-31,cash withdrawal · statement fee,14.6,42101.3
1357,1998-07-31,interest,0.0,42115.9
1357,1998-08-06,cash deposit,0.0,46201.3
1357,1998-08-08,transfer in,0.0,49636.3
1357,1998-08-11,transfer out · household bill,2290.0,47346.3
1357,1998-08-31,cash withdrawal · statement fee,14.6,47524.0
1357,1998-08-31,interest,0.0,47538.6
1357,1998-09-05,cash deposit,0.0,49724.0
1357,1998-09-08,transfer in,0.0,53159.0
1357,1998-09-11,transfer out · household bill,2290.0,50869.0
1357,1998-09-30,cash withdrawal · statement fee,14.6,51062.9
1357,1998-09-30,interest,0.0,51077.5
1357,1998-10-05,cash deposit,0.0,54862.9
1357,1998-10-08,transfer in,0.0,58297.9
1357,1998-10-11,transfer out · household bill,2290.0,56007.9
1357,1998-10-20,cash withdrawal,1260.0,54747.9
1357,1998-10-31,cash withdrawal · statement fee,14.6,54959.8
1357,1998-10-31,interest,0.0,54974.4
1357,1998-11-04,cash deposit,0.0,56259.8
1357,1998-11-08,transfer in,0.0,59694.8
1357,1998-11-11,transfer out · household bill,2290.0,57404.8
1357,1998-11-30,cash withdrawal · statement fee,14.6,57626.7
1357,1998-11-30,interest,0.0,57641.3
1357,1998-12-04,cash deposit,0.0,61626.7
1357,1998-12-06,cash withdrawal,240.0,61386.7
1357,1998-12-08,transfer in,0.0,64821.7
1357,1998-12-11,transfer out · household bill,2290.0,62531.7
1357,1998-12-31,interest,0.0,62788.2
1466,1997-03-26,cash deposit,0.0,800.0
1466,1997-04-25,cash deposit,0.0,12100.0
1466,1997-05-25,cash deposit,0.0,16600.0
1466,1997-06-24,cash deposit,0.0,27932.0
1466,1997-06-24,cash withdrawal,3100.0,24832.0
1466,1997-06-30,interest,0.0,24856.1
1466,1997-07-24,cash deposit,0.0,26256.1
1466,1997-07-31,interest,0.0,26359.6
1466,1997-08-23,cash deposit,0.0,28059.6
1466,1997-08-31,interest,0.0,28163.1
1466,1997-09-22,cash deposit,0.0,30263.1
1466,1997-09-25,cash deposit,0.0,62516.1
1466,1997-09-30,interest,0.0,62650.9
1466,1997-10-22,cash withdrawal,18700.0,43950.9
1466,1997-10-31,interest,0.0,44211.5
1466,1997-11-21,cash withdrawal,7600.0,36611.5
1466,1997-11-30,interest,0.0,36872.1
1466,1997-12-21,cash withdrawal,4600.0,32272.1
1466,1997-12-31,interest,0.0,32532.7
1466,1998-01-20,cash withdrawal,700.0,31832.7
1466,1998-01-31,interest,0.0,32093.3
1466,1998-02-19,cash withdrawal,1600.0,30493.3
1466,1998-02-28,interest,0.0,30753.9
1466,1998-03-21,cash withdrawal,5700.0,25053.9
1466,1998-03-31,interest,0.0,25314.5
1466,1998-04-20,cash withdrawal,1200.0,24114.5
1466,1998-04-30,interest,0.0,24375.1
1466,1998-05-20,cash withdrawal,1900.0,22475.1
1466,1998-05-31,interest,0.0,22735.7
1466,1998-06-19,cash withdrawal,1700.0,21035.7
1466,1998-06-30,interest,0.0,21296.3
1466,1998-07-19,card withdrawal,2100.0,19196.3
1466,1998-07-31,interest,0.0,19456.9
1466,1998-08-18,card withdrawal,6200.0,13256.9
1466,1998-08-31,interest,0.0,13517.5
1466,1998-09-17,cash deposit,0.0,15917.5
1466,1998-09-30,interest,0.0,16178.1
1466,1998-10-17,cash deposit,0.0,17778.1
1466,1998-10-31,interest,0.0,18038.7
1466,1998-11-16,cash deposit,0.0,18138.7
1644,1993-05-09,cash deposit,0.0,400.0
1644,1993-06-06,cash deposit,0.0,23359.0
1644,1993-06-08,cash deposit,0.0,24259.0
1644,1993-06-30,interest,0.0,24336.5
1644,1993-07-06,cash deposit,0.0,39642.5
1644,1993-07-08,cash withdrawal,7100.0,32542.5
1644,1993-07-31,interest,0.0,32670.3
1644,1993-08-06,cash deposit,0.0,47976.3
1644,1993-08-07,cash withdrawal,9800.0,38176.3
1644,1993-08-31,interest,0.0,38330.8
1644,1993-09-06,cash deposit,0.0,53636.8
1644,1993-09-06,cash withdrawal,13400.0,40236.8
1644,1993-09-30,interest,0.0,40449.6
1644,1993-10-06,cash deposit,0.0,55755.6
1644,1993-10-06,cash withdrawal,16300.0,39455.6
1644,1993-10-07,transfer out,1022.0,38433.6
1644,1993-10-10,transfer out · household bill,2534.0,35899.6
1644,1993-10-12,transfer out · insurance,17.0,35882.6
1644,1993-10-31,cash withdrawal · statement fee,14.6,36032.9
1644,1993-10-31,interest,0.0,36047.5
1644,1993-11-05,cash withdrawal,3900.0,32132.9
1644,1993-11-06,cash deposit,0.0,47438.9
1644,1993-11-07,transfer out,1022.0,46416.9
1644,1993-11-10,transfer out · household bill,2534.0,43882.9
1644,1993-11-12,transfer out · insurance,17.0,43865.9
1644,1993-11-30,cash withdrawal · statement fee,14.6,44030.0
1644,1993-11-30,interest,0.0,44044.6
1644,1993-12-05,cash withdrawal,9800.0,34230.0
1644,1993-12-06,cash deposit,0.0,57189.0
1644,1993-12-07,transfer out,1022.0,56167.0
1644,1993-12-10,transfer out · household bill,2534.0,53633.0
1644,1993-12-12,transfer out · insurance,17.0,53616.0
1644,1993-12-23,cash withdrawal,1920.0,51696.0
1644,1993-12-31,cash withdrawal · statement fee,14.6,51897.3
1644,1993-12-31,interest,0.0,51911.9
1644,1994-01-02,cash withdrawal,5440.0,46457.3
1644,1994-01-04,cash withdrawal,9900.0,36557.3
1644,1994-01-06,cash deposit,0.0,51863.3
1644,1994-01-07,transfer out,1022.0,50841.3
1644,1994-01-07,cash withdrawal,1320.0,49521.3
1644,1994-01-09,cash withdrawal,2400.0,47121.3
1644,1994-01-10,transfer out · household bill,2534.0,44587.3
1644,1994-01-12,transfer out · insurance,17.0,44570.3
1644,1994-01-14,cash withdrawal,2160.0,42410.3
1644,1994-01-15,cash withdrawal,1440.0,40970.3
1644,1994-01-22,cash withdrawal,2400.0,38570.3
1644,1994-01-23,cash withdrawal,2280.0,36290.3
1644,1994-01-24,cash withdrawal,1080.0,35210.3
1644,1994-01-31,cash withdrawal · statement fee,14.6,35369.3
1644,1994-01-31,interest,0.0,35383.9
1644,1994-02-03,cash withdrawal,6300.0,29069.3
1644,1994-02-06,cash deposit,0.0,44375.3
1644,1994-02-07,transfer out,1022.0,43353.3
1644,1994-02-10,transfer out · household bill,2534.0,40819.3
1644,1994-02-12,transfer out · insurance,17.0,40802.3
1644,1994-02-28,cash withdrawal · statement fee,14.6,40955.1
1644,1994-02-28,interest,0.0,40969.7
1644,1994-03-03,cash withdrawal,720.0,40235.1
1644,1994-03-05,cash withdrawal,5300.0,34935.1
1644,1994-03-06,cash deposit,0.0,50241.1
1644,1994-03-07,transfer out,1022.0,43939.1
1644,1994-03-07,cash withdrawal,5280.0,44961.1
1644,1994-03-10,transfer out · household bill,2534.0,41405.1
1644,1994-03-12,transfer out · insurance,17.0,41388.1
1644,1994-03-16,cash withdrawal,1200.0,40188.1
1644,1994-03-31,cash withdrawal · statement fee,14.6,40344.6
1644,1994-03-31,interest,0.0,40359.2
1644,1994-04-04,cash withdrawal,6000.0,34344.6
1644,1994-04-06,cash deposit,0.0,49650.6
1644,1994-04-07,transfer out,1022.0,48628.6
1644,1994-04-10,transfer out · household bill,2534.0,46094.6
1644,1994-04-12,transfer out · insurance,17.0,46077.6
1644,1994-04-30,cash withdrawal · statement fee,14.6,46252.2
1644,1994-04-30,interest,0.0,46266.8
1644,1994-05-04,cash withdrawal,11600.0,34652.2
1644,1994-05-05,cash withdrawal,3480.0,31172.2
1644,1994-05-06,cash deposit,0.0,46478.2
1644,1994-05-07,transfer out,1022.0,45456.2
1644,1994-05-10,transfer out · household bill,2534.0,42922.2
1644,1994-05-12,transfer out · insurance,17.0,42905.2
1644,1994-05-31,cash withdrawal · statement fee,14.6,43070.8
1644,1994-05-31,interest,0.0,43085.4
1644,1994-06-03,cash withdrawal,8800.0,34270.8
1644,1994-06-06,cash deposit,0.0,57229.8
1644,1994-06-06,cash withdrawal,35680.0,21549.8
1644,1994-06-07,transfer out,1022.0,20527.8
1644,1994-06-10,transfer out · household bill,2534.0,17993.8
1644,1994-06-12,transfer out · insurance,17.0,17976.8
1644,1994-06-30,cash withdrawal · statement fee,14.6,18055.7
1644,1994-06-30,interest,0.0,18070.3
1644,1994-07-03,cash deposit,0.0,21355.7
1644,1994-07-06,cash deposit,0.0,36661.7
1644,1994-07-07,transfer out,1022.0,35639.7
1644,1994-07-10,transfer out · household bill,2534.0,33105.7
1644,1994-07-12,transfer out · insurance,17.0,33088.7
1644,1994-07-31,cash withdrawal,1560.0,31642.9
1644,1994-07-31,cash withdrawal · statement fee,14.6,33202.9
1644,1994-07-31,interest,0.0,33217.5
1644,1994-08-02,cash withdrawal,2400.0,29242.9
1644,1994-08-06,cash deposit,0.0,44548.9
1644,1994-08-07,transfer out,1022.0,43526.9
1644,1994-08-10,transfer out · household bill,2534.0,40992.9
1644,1994-08-12,transfer out · insurance,17.0,40975.9
1644,1994-08-31,cash withdrawal · statement fee,14.6,41127.9
1644,1994-08-31,interest,0.0,41142.5
1644,1994-09-01,cash withdrawal,8400.0,32727.9
1644,1994-09-06,cash deposit,0.0,48033.9
1644,1994-09-07,transfer out,1022.0,47011.9
1644,1994-09-10,transfer out · household bill,2534.0,44477.9
1644,1994-09-12,transfer out · insurance,17.0,44460.9
1644,1994-09-30,cash withdrawal · statement fee,14.6,44630.3
1644,1994-09-30,interest,0.0,44644.9
1644,1994-10-01,cash withdrawal,12100.0,32530.3
1644,1994-10-06,cash deposit,0.0,47836.3
1644,1994-10-07,transfer out,1022.0,46814.3
1644,1994-10-10,transfer out · household bill,2534.0,44280.3
1644,1994-10-12,transfer out · insurance,17.0,44263.3
1644,1994-10-31,cash withdrawal · statement fee,14.6,44434.4
1644,1994-10-31,cash withdrawal,12600.0,31834.4
1644,1994-10-31,interest,0.0,44449.0
1644,1994-11-06,cash deposit,0.0,47140.4
1644,1994-11-07,transfer out,1022.0,46118.4
1644,1994-11-10,transfer out · household bill,2534.0,43584.4
1644,1994-11-12,transfer out · insurance,17.0,43567.4
1644,1994-11-30,cash withdrawal · statement fee,14.6,43733.8
1644,1994-11-30,cash withdrawal,12500.0,31233.8
1644,1994-11-30,interest,0.0,43748.4
1644,1994-12-01,cash withdrawal,4320.0,26913.8
1644,1994-12-05,cash withdrawal,5400.0,21513.8
1644,1994-12-06,cash deposit,0.0,44472.8
1644,1994-12-07,transfer out,1022.0,43450.8
1644,1994-12-10,transfer out · household bill,2534.0,40916.8
1644,1994-12-12,transfer out · insurance,17.0,40899.8
1644,1994-12-30,cash withdrawal,8000.0,32899.8
1644,1994-12-31,cash withdrawal · statement fee,14.6,33046.5
1644,1994-12-31,interest,0.0,33061.1
1644,1995-01-06,cash deposit,0.0,48352.5
1644,1995-01-07,transfer out,1022.0,47330.5
1644,1995-01-10,transfer out · household bill,2534.0,44796.5
1644,1995-01-12,transfer out · insurance,17.0,44059.5
1644,1995-01-12,cash withdrawal,720.0,44076.5
1644,1995-01-13,cash withdrawal,1800.0,42259.5
1644,1995-01-15,cash withdrawal,1680.0,40579.5
1644,1995-01-17,cash withdrawal,1440.0,39139.5
1644,1995-01-21,cash withdrawal,6560.0,32579.5
1644,1995-01-27,cash withdrawal,960.0,31619.5
1644,1995-01-28,cash withdrawal,3240.0,28379.5
1644,1995-01-29,cash withdrawal,4100.0,24279.5
1644,1995-01-31,cash withdrawal,4800.0,19614.6
1644,1995-01-31,cash withdrawal · statement fee,14.6,24414.6
1644,1995-01-31,interest,0.0,24429.2
1644,1995-02-06,cash deposit,0.0,34920.6
1644,1995-02-07,transfer out,1022.0,33898.6
1644,1995-02-10,transfer out · household bill,2534.0,31364.6
1644,1995-02-12,transfer out · insurance,17.0,31347.6
1644,1995-02-28,cash withdrawal · statement fee,14.6,31452.7
1644,1995-02-28,cash withdrawal,5400.0,26052.7
1644,1995-02-28,interest,0.0,31467.3
1644,1995-03-06,cash deposit,0.0,41358.7
1644,1995-03-07,transfer out,1022.0,40336.7
1644,1995-03-10,transfer out · household bill,2534.0,37802.7
1644,1995-03-12,transfer out · insurance,17.0,37785.7
1644,1995-03-29,cash withdrawal,1320.0,36465.7
1644,1995-03-30,cash withdrawal,8700.0,27765.7
1644,1995-03-31,cash withdrawal · statement fee,14.6,27896.4
1644,1995-03-31,interest,0.0,27911.0
1644,1995-04-06,cash deposit,0.0,43202.4
1644,1995-04-07,transfer out,1022.0,42180.4
1644,1995-04-10,transfer out · household bill,2534.0,39646.4
1644,1995-04-12,transfer out · insurance,17.0,39629.4
1644,1995-04-29,cash withdrawal,8700.0,30929.4
1644,1995-04-30,cash withdrawal · statement fee,14.6,31067.9
1644,1995-04-30,interest,0.0,31082.5
1644,1995-05-06,cash deposit,0.0,46373.9
1644,1995-05-07,transfer out,1022.0,45351.9
1644,1995-05-10,transfer out · household bill,2534.0,42817.9
1644,1995-05-12,transfer out · insurance,17.0,42800.9
1644,1995-05-29,cash withdrawal,10800.0,32000.9
1644,1995-05-31,cash withdrawal · statement fee,14.6,32151.0
1644,1995-05-31,interest,0.0,32165.6
1644,1995-06-06,cash deposit,0.0,55110.0
1644,1995-06-07,transfer out,1022.0,54088.0
1644,1995-06-10,transfer out · household bill,2534.0,51554.0
1644,1995-06-12,transfer out · insurance,17.0,51537.0
1644,1995-06-28,cash withdrawal,14400.0,37137.0
1644,1995-06-30,cash withdrawal · statement fee,14.6,37315.0
1644,1995-06-30,interest,0.0,37329.6
1644,1995-07-06,cash deposit,0.0,52621.0
1644,1995-07-07,transfer out,1022.0,51599.0
1644,1995-07-10,transfer out · household bill,2534.0,49065.0
1644,1995-07-12,transfer out · insurance,17.0,49048.0
1644,1995-07-27,cash withdrawal,1680.0,47368.0
1644,1995-07-28,cash withdrawal,11000.0,36368.0
1644,1995-07-31,cash withdrawal · statement fee,14.6,36541.2
1644,1995-07-31,interest,0.0,36555.8
1644,1995-08-06,cash deposit,0.0,51847.2
1644,1995-08-07,transfer out,1022.0,50825.2
1644,1995-08-10,transfer out · household bill,2534.0,48291.2
1644,1995-08-12,transfer out · insurance,17.0,48274.2
1644,1995-08-14,cash withdrawal,1080.0,47194.2
1644,1995-08-27,cash withdrawal,14300.0,32894.2
1644,1995-08-31,cash withdrawal · statement fee,14.6,33059.0
1644,1995-08-31,interest,0.0,33073.6
1644,1995-09-06,cash deposit,0.0,48365.0
1644,1995-09-07,transfer out,1022.0,47343.0
1644,1995-09-08,cash withdrawal,2280.0,45063.0
1644,1995-09-10,transfer out · household bill,2534.0,42529.0
1644,1995-09-12,transfer out · insurance,17.0,42512.0
1644,1995-09-26,cash withdrawal,7900.0,34612.0
1644,1995-09-30,cash withdrawal · statement fee,14.6,34761.3
1644,1995-09-30,interest,0.0,34775.9
1644,1995-10-06,cash deposit,0.0,50067.3
1644,1995-10-07,transfer out,1022.0,49045.3
1644,1995-10-10,transfer out · household bill,2534.0,46511.3
1644,1995-10-12,transfer out · insurance,17.0,46494.3
1644,1995-10-26,cash withdrawal,11200.0,35294.3
1644,1995-10-31,cash withdrawal · statement fee,14.6,35454.7
1644,1995-10-31,interest,0.0,35469.3
1644,1995-11-06,cash deposit,0.0,50760.7
1644,1995-11-07,transfer out,1022.0,49738.7
1644,1995-11-10,transfer out · household bill,2534.0,47204.7
1644,1995-11-12,transfer out · insurance,17.0,47187.7
1644,1995-11-25,cash withdrawal,16900.0,30287.7
1644,1995-11-30,cash withdrawal · statement fee,14.6,30445.6
1644,1995-11-30,interest,0.0,30460.2
1644,1995-12-06,cash deposit,0.0,53404.6
1644,1995-12-07,transfer out,1022.0,52382.6
1644,1995-12-10,transfer out · household bill,2534.0,49848.6
1644,1995-12-12,transfer out · insurance,17.0,49831.6
1644,1995-12-24,cash withdrawal,1280.0,48551.6
1644,1995-12-25,cash withdrawal,17400.0,31151.6
1644,1995-12-31,cash withdrawal · statement fee,14.6,31310.9
1644,1995-12-31,interest,0.0,31325.5
1644,1996-01-02,cash withdrawal,9280.0,22030.9
1644,1996-01-04,cash withdrawal,3000.0,19030.9
1644,1996-01-06,cash deposit,0.0,34336.9
1644,1996-01-06,cash withdrawal,1800.0,32536.9
1644,1996-01-06,cash withdrawal,1680.0,30856.9
1644,1996-01-07,transfer out,1022.0,29834.9
1644,1996-01-08,cash withdrawal,600.0,29234.9
1644,1996-01-10,transfer out · household bill,2534.0,26700.9
1644,1996-01-12,transfer out · insurance,17.0,26683.9
1644,1996-01-16,cash withdrawal,2760.0,23923.9
1644,1996-01-16,cash withdrawal,1320.0,22603.9
1644,1996-01-23,cash withdrawal,960.0,21643.9
1644,1996-01-24,cash withdrawal,1600.0,20043.9
1644,1996-01-27,cash withdrawal,1320.0,18723.9
1644,1996-01-31,cash withdrawal · statement fee,14.6,18808.1
1644,1996-01-31,interest,0.0,18822.7
1644,1996-02-06,cash deposit,0.0,34114.1
1644,1996-02-07,transfer out,1022.0,33092.1
1644,1996-02-10,transfer out · household bill,2534.0,30558.1
1644,1996-02-12,transfer out · insurance,17.0,30541.1
1644,1996-02-23,cash withdrawal,4300.0,26241.1
1644,1996-02-29,cash withdrawal · statement fee,14.6,26338.8
1644,1996-02-29,interest,0.0,26353.4
1644,1996-03-06,cash deposit,0.0,41644.8
1644,1996-03-07,transfer out,1022.0,40622.8
1644,1996-03-10,transfer out · household bill,2534.0,38088.8
1644,1996-03-12,transfer out · insurance,17.0,38071.8
1644,1996-03-24,cash withdrawal,6600.0,31471.8
1644,1996-03-31,cash withdrawal · statement fee,14.6,31598.7
1644,1996-03-31,interest,0.0,31613.3
1644,1996-04-06,cash deposit,0.0,46904.7
1644,1996-04-07,transfer out,1022.0,45882.7
1644,1996-04-10,transfer out · household bill,2534.0,43348.7
1644,1996-04-12,transfer out · insurance,17.0,43331.7
1644,1996-04-23,cash withdrawal,12900.0,30431.7
1644,1996-04-26,cash withdrawal,2160.0,28271.7
1644,1996-04-30,cash withdrawal · statement fee,14.6,28411.3
1644,1996-04-30,interest,0.0,28425.9
1644,1996-05-06,cash deposit,0.0,43717.3
1644,1996-05-07,transfer out,1022.0,42695.3
1644,1996-05-10,transfer out · household bill,2534.0,40161.3
1644,1996-05-12,transfer out · insurance,17.0,40144.3
1644,1996-05-23,cash withdrawal,8900.0,31244.3
1644,1996-05-31,cash withdrawal · statement fee,14.6,31376.0
1644,1996-05-31,interest,0.0,31390.6
1644,1996-06-06,cash deposit,0.0,54335.0
1644,1996-06-07,transfer out,1022.0,53313.0
1644,1996-06-10,transfer out · household bill,2534.0,50779.0
1644,1996-06-12,transfer out · insurance,17.0,50762.0
1644,1996-06-22,cash withdrawal,11800.0,38962.0
1644,1996-06-30,cash withdrawal · statement fee,14.6,39127.1
1644,1996-06-30,interest,0.0,39141.7
1644,1996-07-06,cash deposit,0.0,54433.1
1644,1996-07-07,transfer out,1022.0,53411.1
1644,1996-07-10,transfer out · household bill,2534.0,50877.1
1644,1996-07-12,transfer out · insurance,17.0,50860.1
1644,1996-07-22,cash withdrawal,12900.0,37960.1
1644,1996-07-31,cash withdrawal · statement fee,14.6,38129.6
1644,1996-07-31,interest,0.0,38144.2
1644,1996-08-06,cash deposit,0.0,53435.6
1644,1996-08-07,transfer out,1022.0,52413.6
1644,1996-08-10,transfer out · household bill,2534.0,49879.6
1644,1996-08-12,transfer out · insurance,17.0,49862.6
1644,1996-08-21,cash withdrawal,9700.0,40162.6
1644,1996-08-31,cash withdrawal · statement fee,14.6,40330.9
1644,1996-08-31,interest,0.0,40345.5
1644,1996-09-06,cash deposit,0.0,55636.9
1644,1996-09-07,transfer out,1022.0,54614.9
1644,1996-09-10,transfer out · household bill,2534.0,52080.9
1644,1996-09-12,transfer out · insurance,17.0,52063.9
1644,1996-09-20,cash withdrawal,10500.0,41563.9
1644,1996-09-30,cash withdrawal · statement fee,14.6,41739.3
1644,1996-09-30,interest,0.0,41753.9
1644,1996-10-06,cash deposit,0.0,57045.3
1644,1996-10-07,transfer out,1022.0,56023.3
1644,1996-10-10,transfer out · household bill,2534.0,53489.3
1644,1996-10-12,transfer out · insurance,17.0,53472.3
1644,1996-10-20,cash withdrawal,14300.0,39172.3
1644,1996-10-23,cash withdrawal,5280.0,33892.3
1644,1996-10-31,cash withdrawal · statement fee,14.6,34060.3
1644,1996-10-31,interest,0.0,34074.9
1644,1996-11-06,cash deposit,0.0,49366.3
1644,1996-11-07,transfer out,1022.0,48344.3
1644,1996-11-10,transfer out · household bill,2534.0,45810.3
1644,1996-11-12,transfer out · insurance,17.0,45793.3
1644,1996-11-19,cash withdrawal,5100.0,40693.3
1644,1996-11-30,cash withdrawal · statement fee,14.6,40849.9
1644,1996-11-30,interest,0.0,40864.5
1644,1996-12-05,cash withdrawal,2880.0,37969.9
1644,1996-12-06,cash deposit,0.0,60928.9
1644,1996-12-07,transfer out,1022.0,59906.9
1644,1996-12-10,transfer out · household bill,2534.0,57372.9
1644,1996-12-12,transfer out · insurance,17.0,57355.9
1644,1996-12-14,cash withdrawal,1200.0,56155.9
1644,1996-12-19,cash withdrawal,14800.0,41355.9
1644,1996-12-31,cash withdrawal · statement fee,14.6,41539.4
1644,1996-12-31,interest,0.0,41554.0
1644,1997-01-05,cash withdrawal,3120.0,38419.4
1644,1997-01-06,cash deposit,0.0,53725.4
1644,1997-01-07,transfer out,1022.0,52703.4
1644,1997-01-10,transfer out · household bill,2534.0,50169.4
1644,1997-01-12,transfer out · insurance,17.0,50152.4
1644,1997-01-17,cash withdrawal,960.0,49192.4
1644,1997-01-18,cash withdrawal,1440.0,47752.4
1644,1997-01-18,cash withdrawal,9000.0,38752.4
1644,1997-01-19,cash withdrawal,1800.0,36952.4
1644,1997-01-20,cash withdrawal,3720.0,33232.4
1644,1997-01-23,cash withdrawal,4800.0,27472.4
1644,1997-01-23,cash withdrawal,960.0,32272.4
1644,1997-01-27,cash withdrawal,2040.0,25432.4
1644,1997-01-31,cash withdrawal · statement fee,14.6,25583.4
1644,1997-01-31,interest,0.0,25598.0
1644,1997-02-06,cash deposit,0.0,40889.4
1644,1997-02-07,transfer out,1022.0,39867.4
1644,1997-02-10,transfer out · household bill,2534.0,37333.4
1644,1997-02-12,transfer out · insurance,17.0,37316.4
1644,1997-02-17,cash withdrawal,2100.0,35216.4
1644,1997-02-28,cash withdrawal · statement fee,14.6,35341.4
1644,1997-02-28,interest,0.0,35356.0
1644,1997-03-03,cash withdrawal,2280.0,33061.4
1644,1997-03-06,cash deposit,0.0,48367.4
1644,1997-03-07,transfer out,1022.0,47345.4
1644,1997-03-10,transfer out · household bill,2534.0,44811.4
1644,1997-03-12,transfer out · insurance,17.0,44794.4
1644,1997-03-19,cash withdrawal,9700.0,35094.4
1644,1997-03-31,cash withdrawal · statement fee,14.6,35241.8
1644,1997-03-31,interest,0.0,35256.4
1644,1997-04-06,cash deposit,0.0,50547.8
1644,1997-04-07,transfer out,1022.0,49525.8
1644,1997-04-10,transfer out · household bill,2534.0,46991.8
1644,1997-04-12,transfer out · insurance,17.0,46974.8
1644,1997-04-18,cash withdrawal,7400.0,39574.8
1644,1997-04-30,cash withdrawal · statement fee,14.6,39730.9
1644,1997-04-30,interest,0.0,39745.5
1644,1997-05-06,cash deposit,0.0,55036.9
1644,1997-05-07,transfer out,1022.0,54014.9
1644,1997-05-10,transfer out · household bill,2534.0,51480.9
1644,1997-05-12,transfer out · insurance,17.0,51463.9
1644,1997-05-18,cash withdrawal,13400.0,38063.9
1644,1997-05-31,cash withdrawal · statement fee,14.6,38227.0
1644,1997-05-31,interest,0.0,38241.6
1644,1997-06-06,cash deposit,0.0,61186.0
1644,1997-06-07,transfer out,1022.0,60164.0
1644,1997-06-10,transfer out · household bill,2534.0,57630.0
1644,1997-06-12,transfer out · insurance,17.0,57613.0
1644,1997-06-17,cash withdrawal,18600.0,39013.0
1644,1997-06-20,cash withdrawal,5520.0,33493.0
1644,1997-06-30,cash withdrawal · statement fee,14.6,33655.5
1644,1997-06-30,interest,0.0,33670.1
1644,1997-07-06,cash deposit,0.0,48961.5
1644,1997-07-07,transfer out,1022.0,47939.5
1644,1997-07-10,transfer out · household bill,2534.0,45405.5
1644,1997-07-12,transfer out · insurance,17.0,45388.5
1644,1997-07-17,cash withdrawal,2160.0,43228.5
1644,1997-07-17,cash withdrawal,9600.0,33628.5
1644,1997-07-31,cash withdrawal · statement fee,14.6,33767.5
1644,1997-07-31,interest,0.0,33782.1
1644,1997-08-06,cash deposit,0.0,49073.5
1644,1997-08-07,transfer out,1022.0,48051.5
1644,1997-08-10,transfer out · household bill,2534.0,45517.5
1644,1997-08-12,transfer out · insurance,17.0,45500.5
1644,1997-08-16,cash withdrawal,12500.0,33000.5
1644,1997-08-25,cash withdrawal,1800.0,31200.5
1644,1997-08-31,cash withdrawal · statement fee,14.6,31335.0
1644,1997-08-31,interest,0.0,31349.6
1644,1997-09-06,cash deposit,0.0,46641.0
1644,1997-09-07,transfer out,1022.0,45619.0
1644,1997-09-10,transfer out · household bill,2534.0,43085.0
1644,1997-09-12,transfer out · insurance,17.0,43068.0
1644,1997-09-15,cash withdrawal,10400.0,32668.0
1644,1997-09-30,cash withdrawal · statement fee,14.6,32797.5
1644,1997-09-30,interest,0.0,32812.1
1644,1997-10-06,cash deposit,0.0,48103.5
1644,1997-10-07,transfer out,1022.0,47081.5
1644,1997-10-10,transfer out · household bill,2534.0,44547.5
1644,1997-10-12,transfer out · insurance,17.0,44530.5
1644,1997-10-15,cash withdrawal,8200.0,36330.5
1644,1997-10-31,cash withdrawal · statement fee,14.6,36470.5
1644,1997-10-31,interest,0.0,36485.1
1644,1997-11-06,cash deposit,0.0,51776.5
1644,1997-11-07,transfer out,1022.0,50754.5
1644,1997-11-10,transfer out · household bill,2534.0,48220.5
1644,1997-11-12,transfer out · insurance,17.0,48203.5
1644,1997-11-14,cash withdrawal,13200.0,35003.5
1644,1997-11-23,cash withdrawal,960.0,34043.5
1644,1997-11-30,cash withdrawal · statement fee,14.6,34185.0
1644,1997-11-30,interest,0.0,34199.6
1644,1997-12-06,cash deposit,0.0,57144.0
1644,1997-12-07,transfer out,1022.0,56122.0
1644,1997-12-10,transfer out · household bill,2534.0,53588.0
1644,1997-12-12,transfer out · insurance,17.0,53571.0
1644,1997-12-14,cash withdrawal,11500.0,42071.0
1644,1997-12-16,cash withdrawal,4160.0,37911.0
1644,1997-12-31,cash withdrawal · statement fee,14.6,38064.2
1644,1997-12-31,interest,0.0,38078.8
1644,1998-01-05,cash withdrawal,8320.0,29744.2
1644,1998-01-06,cash deposit,0.0,45050.2
1644,1998-01-07,transfer out,1022.0,44028.2
1644,1998-01-07,cash withdrawal,1800.0,42228.2
1644,1998-01-08,cash withdrawal,2520.0,39708.2
1644,1998-01-09,cash withdrawal,5520.0,34188.2
1644,1998-01-10,transfer out · household bill,2534.0,31654.2
1644,1998-01-12,transfer out · insurance,17.0,31637.2
1644,1998-01-13,cash withdrawal,3240.0,28897.2
1644,1998-01-13,cash deposit,0.0,32137.2
1644,1998-01-17,cash withdrawal,1800.0,26377.2
1644,1998-01-17,cash withdrawal,720.0,28177.2
1644,1998-01-19,cash withdrawal,3000.0,23377.2
1644,1998-01-24,cash withdrawal,1800.0,21577.2
1644,1998-01-31,cash withdrawal · statement fee,14.6,21680.5
1644,1998-01-31,interest,0.0,21695.1
1644,1998-02-06,cash deposit,0.0,36986.5
1644,1998-02-07,transfer out,1022.0,35964.5
1644,1998-02-09,cash withdrawal,5640.0,30324.5
1644,1998-02-10,transfer out · household bill,2534.0,27790.5
1644,1998-02-12,transfer out · insurance,17.0,29173.5
1644,1998-02-12,cash deposit,0.0,29190.5
1644,1998-02-28,cash withdrawal · statement fee,14.6,29271.3
1644,1998-02-28,interest,0.0,29285.9
1644,1998-03-06,cash deposit,0.0,44577.3
1644,1998-03-07,transfer out,1022.0,43555.3
1644,1998-03-10,transfer out · household bill,2534.0,41021.3
1644,1998-03-12,transfer out · insurance,17.0,41004.3
1644,1998-03-14,cash withdrawal,7200.0,33804.3
1644,1998-03-26,cash withdrawal,960.0,32844.3
1644,1998-03-31,cash withdrawal · statement fee,14.6,32969.5
1644,1998-03-31,interest,0.0,32984.1
1644,1998-04-06,cash deposit,0.0,48275.5
1644,1998-04-07,transfer out,1022.0,47253.5
1644,1998-04-10,transfer out · household bill,2534.0,44719.5
1644,1998-04-12,transfer out · insurance,17.0,44702.5
1644,1998-04-12,cash withdrawal,3240.0,41462.5
1644,1998-04-13,cash withdrawal,4500.0,36962.5
1644,1998-04-17,cash withdrawal,1800.0,35162.5
1644,1998-04-30,cash withdrawal · statement fee,14.6,35297.6
1644,1998-04-30,interest,0.0,35312.2
1644,1998-05-06,cash deposit,0.0,50603.6
1644,1998-05-07,transfer out,1022.0,49581.6
1644,1998-05-10,transfer out · household bill,2534.0,47047.6
1644,1998-05-12,transfer out · insurance,17.0,47030.6
1644,1998-05-13,cash withdrawal,8600.0,38430.6
1644,1998-05-15,cash withdrawal,2640.0,35790.6
1644,1998-05-31,cash withdrawal · statement fee,14.6,35930.9
1644,1998-05-31,interest,0.0,35945.5
1644,1998-06-06,cash deposit,0.0,58889.9
1644,1998-06-07,transfer out,1022.0,57867.9
1644,1998-06-10,transfer out · household bill,2534.0,55333.9
1644,1998-06-12,transfer out · insurance,17.0,44316.9
1644,1998-06-12,cash withdrawal,11000.0,44333.9
1644,1998-06-29,cash withdrawal,13760.0,30556.9
1644,1998-06-30,cash withdrawal · statement fee,14.6,30720.0
1644,1998-06-30,interest,0.0,30734.6
1644,1998-07-06,cash deposit,0.0,46026.0
1644,1998-07-07,transfer out,1022.0,45004.0
1644,1998-07-10,transfer out · household bill,2534.0,42470.0
1644,1998-07-12,transfer out · insurance,17.0,36353.0
1644,1998-07-12,cash withdrawal,6100.0,36370.0
1644,1998-07-31,cash withdrawal · statement fee,14.6,36485.5
1644,1998-07-31,interest,0.0,36500.1
1644,1998-08-06,cash deposit,0.0,51791.5
1644,1998-08-07,transfer out,1022.0,50769.5
1644,1998-08-10,transfer out · household bill,2534.0,48235.5
1644,1998-08-11,cash withdrawal,9700.0,38535.5
1644,1998-08-12,transfer out · insurance,17.0,38518.5
1644,1998-08-31,cash withdrawal · statement fee,14.6,38663.8
1644,1998-08-31,interest,0.0,38678.4
1644,1998-09-06,cash deposit,0.0,53969.8
1644,1998-09-07,transfer out,1022.0,52947.8
1644,1998-09-10,transfer out · household bill,2534.0,40613.8
1644,1998-09-10,cash withdrawal,9800.0,43147.8
1644,1998-09-12,transfer out · insurance,17.0,40596.8
1644,1998-09-30,cash withdrawal · statement fee,14.6,40749.6
1644,1998-09-30,interest,0.0,40764.2
1644,1998-10-06,cash deposit,0.0,56055.6
1644,1998-10-07,transfer out,1022.0,55033.6
1644,1998-10-10,transfer out · household bill,2534.0,42199.6
1644,1998-10-10,cash withdrawal,10300.0,44733.6
1644,1998-10-12,transfer out · insurance,17.0,42182.6
1644,1998-10-16,cash withdrawal,3120.0,39062.6
1644,1998-10-31,cash withdrawal · statement fee,14.6,39216.4
1644,1998-10-31,interest,0.0,39231.0
1644,1998-11-06,cash deposit,0.0,54522.4
1644,1998-11-07,transfer out,1022.0,53500.4
1644,1998-11-09,cash withdrawal,7700.0,45800.4
1644,1998-11-10,transfer out · household bill,2534.0,43266.4
1644,1998-11-12,transfer out · insurance,17.0,43249.4
1644,1998-11-30,cash withdrawal · statement fee,14.6,43409.2
1644,1998-11-30,interest,0.0,43423.8
1644,1998-12-01,cash withdrawal,4000.0,39409.2
1644,1998-12-06,cash deposit,0.0,62368.2
1644,1998-12-07,transfer out,1022.0,61346.2
1644,1998-12-09,cash withdrawal,13800.0,47546.2
1644,1998-12-10,transfer out · household bill,2534.0,45012.2
1644,1998-12-12,transfer out · insurance,17.0,44995.2
1644,1998-12-31,interest,0.0,45183.0
1805,1993-02-02,cash deposit,0.0,1100.0
1805,1993-03-04,cash deposit,0.0,10600.0
1805,1993-04-03,cash deposit,0.0,19300.0
1805,1993-05-03,cash deposit,0.0,19600.0
1805,1993-06-02,cash deposit,0.0,21900.0
1805,1993-07-02,cash deposit,0.0,24700.0
1805,1993-08-01,cash deposit,0.0,26200.0
1805,1993-08-27,cash deposit,0.0,50113.0
1805,1993-08-31,cash withdrawal,15100.0,35044.7
1805,1993-08-31,interest,0.0,50144.7
1805,1993-09-30,cash withdrawal,3600.0,31590.7
1805,1993-09-30,interest,0.0,35190.7
1805,1993-10-30,cash withdrawal,1700.0,29890.7
1805,1993-10-31,interest,0.0,30036.7
1805,1993-11-24,cash deposit,0.0,44955.7
1805,1993-11-29,cash withdrawal,12200.0,32755.7
1805,1993-11-30,interest,0.0,32901.0
1805,1993-12-29,cash withdrawal,6500.0,26401.0
1805,1993-12-31,interest,0.0,26537.5
1805,1994-01-28,cash deposit,0.0,27937.5
1805,1994-01-31,interest,0.0,28074.0
1805,1994-02-27,cash withdrawal,200.0,27874.0
1805,1994-02-28,interest,0.0,28010.5
1805,1994-03-15,cash deposit,0.0,49127.5
1805,1994-03-29,cash withdrawal,12200.0,36927.5
1805,1994-03-31,interest,0.0,37065.6
1805,1994-04-28,cash withdrawal,6800.0,30265.6
1805,1994-04-30,interest,0.0,30419.5
1805,1994-05-24,cash deposit,0.0,35857.5
1805,1994-05-28,cash withdrawal,6900.0,28957.5
1805,1994-05-31,interest,0.0,29107.0
1805,1994-06-27,cash withdrawal,1000.0,28107.0
1805,1994-06-30,interest,0.0,28227.6
1805,1994-07-27,cash withdrawal,400.0,27827.6
1805,1994-07-31,interest,0.0,27948.3
1805,1994-09-10,cash deposit,0.0,72763.3
1805,1994-09-18,cash deposit,0.0,119399.3
1805,1994-09-18,cash withdrawal,44300.0,75099.3
1805,1994-09-25,cash withdrawal,20000.0,55099.3
1805,1994-09-30,cash withdrawal · statement fee,14.6,55271.9
1805,1994-09-30,interest,0.0,55286.5
1805,1994-10-07,transfer out · household bill,3110.0,52161.9
1805,1994-10-24,cash deposit,0.0,79677.9
1805,1994-10-25,cash withdrawal,25800.0,53877.9
1805,1994-10-31,cash withdrawal · statement fee,14.6,54095.7
1805,1994-10-31,interest,0.0,54110.3
1805,1994-11-07,transfer out · household bill,3110.0,50985.7
1805,1994-11-24,cash withdrawal,11400.0,39585.7
1805,1994-11-30,cash withdrawal · statement fee,14.6,39782.4
1805,1994-11-30,interest,0.0,39797.0
1805,1994-12-07,transfer out · household bill,3110.0,36672.4
1805,1994-12-22,cash withdrawal,7200.0,29472.4
1805,1994-12-24,cash withdrawal,700.0,28772.4
1805,1994-12-31,cash withdrawal · statement fee,14.6,28909.0
1805,1994-12-31,interest,0.0,28923.6
1805,1995-01-05,cash withdrawal,6300.0,22609.0
1805,1995-01-07,transfer out · household bill,3110.0,19499.0
1805,1995-01-23,cash deposit,0.0,25299.0
1805,1995-01-31,cash withdrawal · statement fee,14.6,25380.2
1805,1995-01-31,interest,0.0,25394.8
1805,1995-02-07,transfer out · household bill,3110.0,22270.2
1805,1995-02-22,cash deposit,0.0,29570.2
1805,1995-02-28,cash withdrawal · statement fee,14.6,29665.6
1805,1995-02-28,interest,0.0,29680.2
1805,1995-03-07,transfer out · household bill,3110.0,26555.6
1805,1995-03-24,cash deposit,0.0,29355.6
1805,1995-03-31,cash withdrawal · statement fee,14.6,29464.2
1805,1995-03-31,interest,0.0,29478.8
1805,1995-04-07,transfer out · household bill,3110.0,26354.2
1805,1995-04-17,cash deposit,0.0,44766.2
1805,1995-04-23,cash withdrawal,7200.0,37566.2
1805,1995-04-30,cash deposit,0.0,58417.4
1805,1995-04-30,cash withdrawal · statement fee,14.6,58402.8
1805,1995-04-30,interest,0.0,37713.4
1805,1995-05-01,cash withdrawal,7670.0,50732.8
1805,1995-05-07,transfer out · household bill,3110.0,47622.8
1805,1995-05-23,cash withdrawal,8300.0,39322.8
1805,1995-05-31,cash withdrawal · statement fee,14.6,39505.1
1805,1995-05-31,interest,0.0,39519.7
1805,1995-06-05,cash deposit,0.0,68576.1
1805,1995-06-07,transfer out · household bill,3110.0,65466.1
1805,1995-06-12,cash withdrawal,22585.0,42881.1
1805,1995-06-22,cash withdrawal,2800.0,40081.1
1805,1995-06-30,cash withdrawal · statement fee,14.6,40254.3
1805,1995-06-30,interest,0.0,40268.9
1805,1995-07-07,transfer out · household bill,3110.0,37144.3
1805,1995-07-10,cash deposit,0.0,84415.3
1805,1995-07-12,cash deposit,0.0,110281.3
1805,1995-07-12,cash withdrawal,24400.0,85881.3
1805,1995-07-14,cash deposit,0.0,129037.3
1805,1995-07-14,cash withdrawal,40100.0,88937.3
1805,1995-07-20,cash withdrawal,13411.0,75526.3
1805,1995-07-22,cash withdrawal,19700.0,55826.3
1805,1995-07-31,cash withdrawal · statement fee,14.6,56111.9
1805,1995-07-31,interest,0.0,56126.5
1805,1995-08-07,transfer out · household bill,3110.0,53001.9
1805,1995-08-16,cash deposit,0.0,74784.9
1805,1995-08-19,cash withdrawal,14100.0,60684.9
1805,1995-08-21,cash withdrawal,12100.0,48584.9
1805,1995-08-25,cash withdrawal,3000.0,45584.9
1805,1995-08-31,cash withdrawal · statement fee,14.6,45798.5
1805,1995-08-31,interest,0.0,45813.1
1805,1995-09-06,cash withdrawal,5700.0,40098.5
1805,1995-09-07,transfer out · household bill,3110.0,36988.5
1805,1995-09-12,cash deposit,0.0,55466.5
1805,1995-09-20,cash withdrawal,7200.0,48266.5
1805,1995-09-24,cash withdrawal,3600.0,44666.5
1805,1995-09-30,cash withdrawal · statement fee,14.6,44847.2
1805,1995-09-30,interest,0.0,44861.8
1805,1995-10-06,cash withdrawal,7346.0,37501.2
1805,1995-10-07,transfer out · household bill,3110.0,34391.2
1805,1995-10-20,cash withdrawal,5128.0,35463.2
1805,1995-10-20,cash deposit,0.0,40591.2
1805,1995-10-23,cash withdrawal,15217.0,20246.2
1805,1995-10-31,cash withdrawal · statement fee,14.6,20366.2
1805,1995-10-31,interest,0.0,20380.8
1805,1995-11-06,cash deposit,0.0,69112.2
1805,1995-11-06,cash withdrawal,16088.0,53024.2
1805,1995-11-07,transfer out · household bill,3110.0,49914.2
1805,1995-11-10,cash deposit,0.0,95393.2
1805,1995-11-15,cash deposit,0.0,139372.2
1805,1995-11-15,cash withdrawal,52400.0,86972.2
1805,1995-11-19,cash withdrawal,20500.0,66472.2
1805,1995-11-30,cash deposit,0.0,79782.2
1805,1995-11-30,cash withdrawal · statement fee,14.6,80065.7
1805,1995-11-30,interest,0.0,80080.3
1805,1995-12-02,cash withdrawal,6000.0,74065.7
1805,1995-12-07,transfer out · household bill,3110.0,70955.7
1805,1995-12-19,cash withdrawal,13300.0,57655.7
1805,1995-12-20,cash deposit,0.0,77965.7
1805,1995-12-31,cash withdrawal · statement fee,14.6,78262.8
1805,1995-12-31,interest,0.0,78277.4
1805,1996-01-03,cash withdrawal,2400.0,75862.8
1805,1996-01-05,cash withdrawal,3000.0,72862.8
1805,1996-01-07,transfer out · household bill,3110.0,69752.8
1805,1996-01-09,cash withdrawal,19800.0,49952.8
1805,1996-01-12,cash deposit,0.0,71426.8
1805,1996-01-18,cash withdrawal,19202.0,52224.8
1805,1996-01-18,cash withdrawal,4400.0,47824.8
1805,1996-01-21,cash withdrawal,6000.0,41824.8
1805,1996-01-23,cash withdrawal,7200.0,34624.8
1805,1996-01-28,cash withdrawal,6000.0,28624.8
1805,1996-01-29,cash withdrawal,7200.0,21424.8
1805,1996-01-30,cash deposit,0.0,52621.8
1805,1996-01-31,cash deposit,0.0,78160.1
1805,1996-01-31,cash withdrawal · statement fee,14.6,78145.5
1805,1996-01-31,interest,0.0,52859.1
1805,1996-02-07,transfer out · household bill,3110.0,75035.5
1805,1996-02-12,cash withdrawal,9900.0,65135.5
1805,1996-02-17,cash withdrawal,12000.0,53135.5
1805,1996-02-25,cash withdrawal,7500.0,45635.5
1805,1996-02-27,cash withdrawal,15591.0,30044.5
1805,1996-02-29,cash withdrawal · statement fee,14.6,30286.6
1805,1996-02-29,interest,0.0,30301.2
1805,1996-03-07,transfer out · household bill,3110.0,27176.6
1805,1996-03-18,cash deposit,0.0,33276.6
1805,1996-03-24,cash deposit,0.0,61910.6
1805,1996-03-25,cash deposit,0.0,82214.6
1805,1996-03-31,cash withdrawal · statement fee,14.6,82380.8
1805,1996-03-31,interest,0.0,82395.4
1805,1996-04-03,cash deposit,0.0,90732.8
1805,1996-04-06,cash withdrawal,3141.0,87591.8
1805,1996-04-07,transfer out · household bill,3110.0,84481.8
1805,1996-04-11,cash deposit,0.0,125722.8
1805,1996-04-11,cash withdrawal,40400.0,85322.8
1805,1996-04-17,cash withdrawal,18300.0,67022.8
1805,1996-04-30,cash withdrawal · statement fee,14.6,67325.0
1805,1996-04-30,interest,0.0,67339.6
1805,1996-05-07,transfer out · household bill,3110.0,64215.0
1805,1996-05-17,cash withdrawal,7500.0,56715.0
1805,1996-05-31,cash withdrawal · statement fee,14.6,56958.7
1805,1996-05-31,interest,0.0,56973.3
1805,1996-06-07,transfer out · household bill,3110.0,53848.7
1805,1996-06-09,cash deposit,0.0,75759.7
1805,1996-06-09,cash withdrawal,45900.0,29859.7
1805,1996-06-10,cash withdrawal,4694.0,25165.7
1805,1996-06-16,cash deposit,0.0,37365.7
1805,1996-06-24,cash withdrawal,10500.0,26865.7
1805,1996-06-30,cash withdrawal · statement fee,14.6,27006.2
1805,1996-06-30,interest,0.0,27020.8
1805,1996-07-05,cash deposit,0.0,53092.2
1805,1996-07-07,transfer out · household bill,3110.0,49982.2
1805,1996-07-09,cash deposit,0.0,64882.2
1805,1996-07-16,cash deposit,0.0,82410.2
1805,1996-07-16,cash withdrawal,12400.0,70010.2
1805,1996-07-30,cash deposit,0.0,88320.2
1805,1996-07-31,cash withdrawal · statement fee,14.6,88556.3
1805,1996-07-31,interest,0.0,88570.9
1805,1996-08-07,transfer out · household bill,3110.0,85446.3
1805,1996-08-13,cash withdrawal,13500.0,71946.3
1805,1996-08-15,cash withdrawal,3900.0,68046.3
1805,1996-08-31,cash withdrawal · statement fee,14.6,68348.3
1805,1996-08-31,interest,0.0,68362.9
1805,1996-09-07,transfer out · household bill,3110.0,65238.3
1805,1996-09-12,cash deposit,0.0,73202.3
1805,1996-09-14,cash withdrawal,3800.0,69402.3
1805,1996-09-30,cash deposit,0.0,83702.7
1805,1996-09-30,cash withdrawal · statement fee,14.6,83688.1
1805,1996-09-30,interest,0.0,69691.7
1805,1996-10-07,transfer out · household bill,3110.0,80578.1
1805,1996-10-14,cash withdrawal,7600.0,72978.1
1805,1996-10-29,cash deposit,0.0,88521.1
1805,1996-10-31,cash withdrawal · statement fee,14.6,88834.3
1805,1996-10-31,interest,0.0,88848.9
1805,1996-11-07,transfer out · household bill,3110.0,85724.3
1805,1996-11-13,cash withdrawal,8300.0,77424.3
1805,1996-11-20,cash deposit,0.0,89196.3
1805,1996-11-30,cash withdrawal · statement fee,14.6,89539.9
1805,1996-11-30,interest,0.0,89554.5
1805,1996-12-03,cash withdrawal,8100.0,81439.9
1805,1996-12-07,transfer out · household bill,3110.0,78329.9
1805,1996-12-13,cash withdrawal,5200.0,73129.9
1805,1996-12-15,cash withdrawal,18727.0,54402.9
1805,1996-12-22,cash withdrawal,5100.0,49302.9
1805,1996-12-24,cash deposit,0.0,84505.9
1805,1996-12-31,cash withdrawal · statement fee,14.6,84800.2
1805,1996-12-31,interest,0.0,84814.8
1805,1997-01-01,cash withdrawal,5400.0,79400.2
1805,1997-01-06,cash withdrawal,7500.0,71900.2
1805,1997-01-07,transfer out · household bill,3110.0,68790.2
1805,1997-01-09,cash withdrawal,7800.0,60990.2
1805,1997-01-12,cash withdrawal,8100.0,61790.2
1805,1997-01-12,cash deposit,0.0,69890.2
1805,1997-01-14,cash withdrawal,27300.0,34490.2
1805,1997-01-14,cash withdrawal,3900.0,30590.2
1805,1997-01-23,cash deposit,0.0,61980.2
1805,1997-01-31,cash withdrawal · statement fee,14.6,62209.2
1805,1997-01-31,interest,0.0,62223.8
1805,1997-02-07,transfer out · household bill,3110.0,59099.2
1805,1997-02-11,cash deposit,0.0,64599.2
1805,1997-02-14,cash withdrawal,2679.0,61920.2
1805,1997-02-19,cash withdrawal,4500.0,57420.2
1805,1997-02-28,cash withdrawal · statement fee,14.6,57656.7
1805,1997-02-28,interest,0.0,57671.3
1805,1997-03-07,transfer out · household bill,3110.0,54546.7
1805,1997-03-13,cash deposit,0.0,63546.7
1805,1997-03-14,cash deposit,0.0,90006.7
1805,1997-03-31,cash withdrawal · statement fee,14.6,90309.5
1805,1997-03-31,interest,0.0,90324.1
1805,1997-04-07,transfer out · household bill,3110.0,87199.5
1805,1997-04-12,cash withdrawal,6200.0,80999.5
1805,1997-04-13,cash deposit,0.0,92935.5
1805,1997-04-18,cash deposit,0.0,142323.5
1805,1997-04-18,cash withdrawal,20800.0,121523.5
1805,1997-04-30,cash withdrawal · statement fee,14.6,63932.0
1805,1997-04-30,cash withdrawal,58000.0,63946.6
1805,1997-04-30,interest,0.0,121946.6
1805,1997-05-07,transfer out · household bill,3110.0,60822.0
1805,1997-05-11,cash withdrawal,23751.0,37071.0
1805,1997-05-12,cash deposit,0.0,56971.0
1805,1997-05-18,cash deposit,0.0,74505.0
1805,1997-05-25,cash deposit,0.0,118391.0
1805,1997-05-25,cash withdrawal,57400.0,60991.0
1805,1997-05-26,cash withdrawal,24301.0,36690.0
1805,1997-05-31,cash withdrawal · statement fee,14.6,36918.0
1805,1997-05-31,interest,0.0,36932.6
1805,1997-06-07,transfer out · household bill,3110.0,33808.0
1805,1997-06-11,cash deposit,0.0,51108.0
1805,1997-06-14,cash withdrawal,6574.0,44534.0
1805,1997-06-24,cash deposit,0.0,53711.0
1805,1997-06-30,cash withdrawal · statement fee,14.6,53880.7
1805,1997-06-30,interest,0.0,53895.3
1805,1997-07-07,transfer out · household bill,3110.0,50770.7
1805,1997-07-11,cash deposit,0.0,61370.7
1805,1997-07-31,cash withdrawal · statement fee,14.6,61599.3
1805,1997-07-31,interest,0.0,61613.9
1805,1997-08-05,cash deposit,0.0,68991.3
1805,1997-08-07,transfer out · household bill,3110.0,65881.3
1805,1997-08-10,cash deposit,0.0,75481.3
1805,1997-08-12,cash withdrawal,5400.0,70081.3
1805,1997-08-14,cash deposit,0.0,88027.3
1805,1997-08-14,cash withdrawal,22713.0,65314.3
1805,1997-08-18,cash deposit,0.0,111410.3
1805,1997-08-21,cash withdrawal,12600.0,98810.3
1805,1997-08-31,cash withdrawal · statement fee,14.6,99146.8
1805,1997-08-31,interest,0.0,99161.4
1805,1997-09-07,transfer out · household bill,3110.0,96036.8
1805,1997-09-09,cash deposit,0.0,104757.8
1805,1997-09-09,cash withdrawal,13800.0,90957.8
1805,1997-09-17,cash deposit,0.0,148228.8
1805,1997-09-17,cash deposit,0.0,110989.8
1805,1997-09-17,cash withdrawal,52600.0,95628.8
1805,1997-09-29,cash deposit,0.0,124377.8
1805,1997-09-29,cash withdrawal,45800.0,78577.8
1805,1997-09-30,cash withdrawal · statement fee,14.6,78993.8
1805,1997-09-30,interest,0.0,79008.4
1805,1997-10-07,transfer out · household bill,3110.0,75883.8
1805,1997-10-09,cash deposit,0.0,79283.8
1805,1997-10-18,cash deposit,0.0,126766.8
1805,1997-10-18,cash withdrawal,45000.0,81766.8
1805,1997-10-19,cash deposit,0.0,100079.8
1805,1997-10-31,cash withdrawal · statement fee,14.6,100435.1
1805,1997-10-31,interest,0.0,100449.7
1805,1997-11-03,cash withdrawal,2400.0,98035.1
1805,1997-11-07,transfer out · household bill,3110.0,94925.1
1805,1997-11-08,cash withdrawal,15162.0,80763.1
1805,1997-11-08,cash deposit,0.0,95925.1
1805,1997-11-14,cash withdrawal,23414.0,57349.1
1805,1997-11-17,cash deposit,0.0,105707.1
1805,1997-11-30,cash withdrawal · statement fee,14.6,106095.7
1805,1997-11-30,interest,0.0,106110.3
1805,1997-12-05,cash withdrawal,5700.0,100395.7
1805,1997-12-07,transfer out · household bill,3110.0,97285.7
1805,1997-12-08,cash withdrawal,6700.0,90585.7
1805,1997-12-12,cash withdrawal,23481.0,67104.7
1805,1997-12-23,cash deposit,0.0,73884.7
1805,1997-12-26,cash deposit,0.0,96253.7
1805,1997-12-30,cash withdrawal,3300.0,92953.7
1805,1997-12-31,cash withdrawal · statement fee,14.6,93289.0
1805,1997-12-31,interest,0.0,93303.6
1805,1998-01-03,cash withdrawal,7800.0,85489.0
1805,1998-01-07,transfer out · household bill,3110.0,82279.0
1805,1998-01-07,cash withdrawal,5700.0,85389.0
1805,1998-01-07,cash deposit,0.0,91089.0
1805,1998-01-08,cash withdrawal,6300.0,75979.0
1805,1998-01-09,cash withdrawal,1800.0,74179.0
1805,1998-01-10,cash withdrawal,3900.0,70279.0
1805,1998-01-16,cash withdrawal,13200.0,57079.0
1805,1998-01-22,cash withdrawal,4200.0,52879.0
1805,1998-01-22,cash withdrawal,3000.0,49879.0
1805,1998-01-26,cash withdrawal,8100.0,41779.0
1805,1998-01-30,cash withdrawal,7200.0,34579.0
1805,1998-01-31,cash withdrawal · statement fee,14.6,34831.6
1805,1998-01-31,interest,0.0,34846.2
1805,1998-02-06,cash deposit,0.0,60031.6
1805,1998-02-07,transfer out · household bill,3110.0,56921.6
1805,1998-02-12,cash withdrawal,14657.0,42264.6
1805,1998-02-19,cash withdrawal,7322.0,34942.6
1805,1998-02-28,cash withdrawal · statement fee,14.6,35093.8
1805,1998-02-28,interest,0.0,35108.4
1805,1998-03-02,cash deposit,0.0,61972.8
1805,1998-03-03,cash deposit,0.0,74091.8
1805,1998-03-07,transfer out · household bill,3110.0,70981.8
1805,1998-03-08,cash deposit,0.0,82881.8
1805,1998-03-11,cash deposit,0.0,124074.8
1805,1998-03-11,cash withdrawal,46100.0,77974.8
1805,1998-03-30,cash withdrawal,6125.0,71849.8
1805,1998-03-31,cash withdrawal · statement fee,14.6,72142.1
1805,1998-03-31,interest,0.0,72156.7
1805,1998-04-07,transfer out · household bill,3110.0,79732.1
1805,1998-04-07,cash deposit,0.0,82842.1
1805,1998-04-22,cash withdrawal,21470.0,58262.1
1805,1998-04-23,cash withdrawal,2400.0,55862.1
1805,1998-04-30,cash withdrawal · statement fee,14.6,56146.9
1805,1998-04-30,interest,0.0,56161.5
1805,1998-05-07,transfer out · household bill,3110.0,73936.9
1805,1998-05-07,cash deposit,0.0,77046.9
1805,1998-05-20,cash deposit,0.0,112403.9
1805,1998-05-20,cash withdrawal,16800.0,95603.9
1805,1998-05-31,cash withdrawal · statement fee,14.6,95919.7
1805,1998-05-31,interest,0.0,95934.3
1805,1998-06-03,cash withdrawal,17638.0,78281.7
1805,1998-06-06,cash deposit,0.0,88081.7
1805,1998-06-07,transfer out · household bill,3110.0,84971.7
1805,1998-06-17,cash withdrawal,13200.0,71771.7
1805,1998-06-28,cash deposit,0.0,80062.7
1805,1998-06-30,cash withdrawal · statement fee,14.6,80384.1
1805,1998-06-30,interest,0.0,80398.7
1805,1998-07-06,cash deposit,0.0,91763.1
1805,1998-07-06,cash deposit,0.0,85784.1
1805,1998-07-07,transfer out · household bill,3110.0,88653.1
1805,1998-07-10,cash deposit,0.0,109094.1
1805,1998-07-31,cash withdrawal · statement fee,14.6,109499.4
1805,1998-07-31,interest,0.0,109514.0
1805,1998-08-05,cash withdrawal,9500.0,99999.4
1805,1998-08-07,transfer out · household bill,3110.0,96889.4
1805,1998-08-31,cash withdrawal · statement fee,14.6,97284.5
1805,1998-08-31,interest,0.0,97299.1
1805,1998-09-04,cash withdrawal,2300.0,94984.5
1805,1998-09-07,transfer out · household bill,3110.0,91874.5
1805,1998-09-13,cash withdrawal,11400.0,80474.5
1805,1998-09-30,cash withdrawal · statement fee,14.6,80814.2
1805,1998-09-30,interest,0.0,80828.8
1805,1998-10-04,cash deposit,0.0,82314.2
1805,1998-10-07,transfer out · household bill,3110.0,79204.2
1805,1998-10-08,cash deposit,0.0,107122.2
1805,1998-10-31,cash withdrawal · statement fee,14.6,107524.3
1805,1998-10-31,interest,0.0,107538.9
1805,1998-11-03,cash withdrawal,11400.0,96124.3
1805,1998-11-07,transfer out · household bill,3110.0,93014.3
1805,1998-11-30,cash withdrawal · statement fee,14.6,93394.4
1805,1998-11-30,interest,0.0,93409.0
1805,1998-12-03,cash withdrawal,3400.0,89994.4
1805,1998-12-07,transfer out · household bill,3110.0,86884.4
1805,1998-12-10,cash withdrawal,2100.0,84784.4
1805,1998-12-31,interest,0.0,85140.3
1918,1994-04-10,cash deposit,0.0,800.0
1918,1994-04-14,cash deposit,0.0,7147.0
1918,1994-04-30,interest,0.0,7163.9
1918,1994-05-10,cash deposit,0.0,15663.9
1918,1994-05-14,cash deposit,0.0,22010.9
1918,1994-05-31,interest,0.0,22076.6
1918,1994-06-09,cash deposit,0.0,24576.6
1918,1994-06-14,cash deposit,0.0,34096.6
1918,1994-06-30,interest,0.0,34216.8
1918,1994-07-09,cash withdrawal,4600.0,29616.8
1918,1994-07-14,cash deposit,0.0,35963.8
1918,1994-07-31,interest,0.0,36110.4
1918,1994-08-08,cash withdrawal,6300.0,29810.4
1918,1994-08-14,cash deposit,0.0,36157.4
1918,1994-08-14,transfer out · household bill,4231.0,31926.4
1918,1994-08-31,cash withdrawal · statement fee,14.6,32061.6
1918,1994-08-31,interest,0.0,32076.2
1918,1994-09-06,cash withdrawal,2640.0,29421.6
1918,1994-09-07,cash withdrawal,200.0,29221.6
1918,1994-09-14,cash deposit,0.0,35568.6
1918,1994-09-14,transfer out · household bill,4231.0,31337.6
1918,1994-09-30,cash withdrawal · statement fee,14.6,31461.5
1918,1994-09-30,interest,0.0,31476.1
1918,1994-10-07,cash withdrawal,5300.0,26161.5
1918,1994-10-14,cash deposit,0.0,32508.5
1918,1994-10-14,transfer out · household bill,4231.0,28277.5
1918,1994-10-31,cash withdrawal · statement fee,14.6,28386.2
1918,1994-10-31,interest,0.0,28400.8
1918,1994-11-06,cash withdrawal,100.0,28286.2
1918,1994-11-14,cash deposit,0.0,34633.2
1918,1994-11-14,transfer out · household bill,4231.0,30402.2
1918,1994-11-30,cash withdrawal · statement fee,14.6,30520.0
1918,1994-11-30,interest,0.0,30534.6
1918,1994-12-03,cash withdrawal,960.0,29560.0
1918,1994-12-06,cash withdrawal,1500.0,28060.0
1918,1994-12-14,cash deposit,0.0,37580.0
1918,1994-12-14,transfer out · household bill,4231.0,33349.0
1918,1994-12-31,cash withdrawal · statement fee,14.6,33475.4
1918,1994-12-31,interest,0.0,33490.0
1918,1995-01-03,cash withdrawal,3480.0,29995.4
1918,1995-01-05,cash withdrawal,2280.0,27715.4
1918,1995-01-05,cash withdrawal,500.0,27215.4
1918,1995-01-14,cash deposit,0.0,33562.4
1918,1995-01-14,transfer out · household bill,4231.0,29331.4
1918,1995-01-18,cash withdrawal,10400.0,18931.4
1918,1995-01-20,cash withdrawal,1080.0,17851.4
1918,1995-01-25,cash withdrawal,840.0,17011.4
1918,1995-01-26,cash withdrawal,1440.0,15571.4
1918,1995-01-28,cash withdrawal,2520.0,13051.4
1918,1995-01-31,cash withdrawal · statement fee,14.6,13136.8
1918,1995-01-31,interest,0.0,13151.4
1918,1995-02-04,cash deposit,0.0,20036.8
1918,1995-02-14,cash deposit,0.0,26383.8
1918,1995-02-14,transfer out · household bill,4231.0,22152.8
1918,1995-02-28,cash withdrawal · statement fee,14.6,22221.8
1918,1995-02-28,interest,0.0,22236.4
1918,1995-03-06,cash deposit,0.0,24021.8
1918,1995-03-14,cash deposit,0.0,30368.8
1918,1995-03-14,transfer out · household bill,4231.0,26137.8
1918,1995-03-25,cash withdrawal,5760.0,20377.8
1918,1995-03-29,cash withdrawal,1680.0,18697.8
1918,1995-03-31,cash withdrawal · statement fee,14.6,18785.3
1918,1995-03-31,interest,0.0,18799.9
1918,1995-04-05,cash deposit,0.0,21185.3
1918,1995-04-14,cash deposit,0.0,27532.3
1918,1995-04-14,transfer out · household bill,4231.0,23301.3
1918,1995-04-30,cash withdrawal · statement fee,14.6,23375.4
1918,1995-04-30,interest,0.0,23390.0
1918,1995-05-05,cash withdrawal,400.0,22975.4
1918,1995-05-14,cash deposit,0.0,29322.4
1918,1995-05-14,transfer out · household bill,4231.0,25091.4
1918,1995-05-16,cash withdrawal,3720.0,21371.4
1918,1995-05-31,cash withdrawal · statement fee,14.6,21450.1
1918,1995-05-31,interest,0.0,21464.7
1918,1995-06-04,cash withdrawal,400.0,21050.1
1918,1995-06-13,cash withdrawal,7040.0,14010.1
1918,1995-06-14,cash deposit,0.0,23530.1
1918,1995-06-14,transfer out · household bill,4231.0,19299.1
1918,1995-06-30,cash withdrawal · statement fee,14.6,19376.9
1918,1995-06-30,interest,0.0,19391.5
1918,1995-07-04,cash deposit,0.0,19676.9
1918,1995-07-14,cash deposit,0.0,26023.9
1918,1995-07-14,transfer out · household bill,4231.0,21792.9
1918,1995-07-28,cash withdrawal,2760.0,19032.9
1918,1995-07-31,cash withdrawal · statement fee,14.6,19103.1
1918,1995-07-31,interest,0.0,19117.7
1918,1995-08-03,cash deposit,0.0,21103.1
1918,1995-08-14,cash deposit,0.0,27450.1
1918,1995-08-14,transfer out · household bill,4231.0,23219.1
1918,1995-08-31,cash withdrawal · statement fee,14.6,23293.8
1918,1995-08-31,interest,0.0,23308.4
1918,1995-09-02,cash withdrawal,2100.0,21193.8
1918,1995-09-14,cash deposit,0.0,27540.8
1918,1995-09-14,transfer out · household bill,4231.0,23309.8
1918,1995-09-30,cash withdrawal · statement fee,14.6,23401.3
1918,1995-09-30,interest,0.0,23415.9
1918,1995-10-02,cash withdrawal,2900.0,20501.3
1918,1995-10-14,cash deposit,0.0,26848.3
1918,1995-10-14,transfer out · household bill,4231.0,22617.3
1918,1995-10-31,cash withdrawal · statement fee,14.6,22707.6
1918,1995-10-31,interest,0.0,22722.2
1918,1995-11-01,cash withdrawal,1400.0,21307.6
1918,1995-11-14,cash deposit,0.0,27654.6
1918,1995-11-14,transfer out · household bill,4231.0,23423.6
1918,1995-11-30,cash withdrawal · statement fee,14.6,23504.9
1918,1995-11-30,interest,0.0,23519.5
1918,1995-12-01,cash withdrawal,2000.0,21504.9
1918,1995-12-14,cash deposit,0.0,31024.9
1918,1995-12-14,transfer out · household bill,4231.0,26793.9
1918,1995-12-23,cash withdrawal,1600.0,25193.9
1918,1995-12-31,cash withdrawal · statement fee,14.6,25282.6
1918,1995-12-31,cash withdrawal,2400.0,22882.6
1918,1995-12-31,interest,0.0,25297.2
1918,1996-01-02,cash withdrawal,2880.0,20002.6
1918,1996-01-02,cash withdrawal,1320.0,18682.6
1918,1996-01-10,cash withdrawal,1920.0,16762.6
1918,1996-01-14,cash deposit,0.0,23109.6
1918,1996-01-14,transfer out · household bill,4231.0,18878.6
1918,1996-01-15,cash withdrawal,1080.0,17798.6
1918,1996-01-18,cash withdrawal,1320.0,16478.6
1918,1996-01-21,cash withdrawal,3000.0,13478.6
1918,1996-01-30,cash withdrawal,1200.0,12278.6
1918,1996-01-31,cash withdrawal · statement fee,14.6,12331.6
1918,1996-01-31,interest,0.0,12346.2
1918,1996-02-14,cash deposit,0.0,18678.6
1918,1996-02-14,transfer out · household bill,4231.0,14447.6
1918,1996-02-29,cash withdrawal · statement fee,14.6,14497.5
1918,1996-02-29,cash withdrawal,3000.0,11497.5
1918,1996-02-29,interest,0.0,14512.1
1918,1996-03-14,cash deposit,0.0,17844.5
1918,1996-03-14,transfer out · household bill,4231.0,13613.5
1918,1996-03-30,cash withdrawal,2300.0,11313.5
1918,1996-03-31,cash withdrawal · statement fee,14.6,11350.7
1918,1996-03-31,interest,0.0,11365.3
1918,1996-04-14,cash deposit,0.0,17697.7
1918,1996-04-14,transfer out · household bill,4231.0,13466.7
1918,1996-04-30,cash withdrawal · statement fee,14.6,13503.8
1918,1996-04-30,interest,0.0,13518.4
1918,1996-05-14,cash deposit,0.0,19850.8
1918,1996-05-14,transfer out · household bill,4231.0,15619.8
1918,1996-05-29,cash withdrawal,1800.0,13819.8
1918,1996-05-31,cash withdrawal · statement fee,14.6,13873.8
1918,1996-05-31,interest,0.0,13888.4
1918,1996-06-14,cash deposit,0.0,23393.8
1918,1996-06-14,transfer out · household bill,4231.0,19162.8
1918,1996-06-28,cash withdrawal,2200.0,16962.8
1918,1996-06-30,cash withdrawal · statement fee,14.6,17025.1
1918,1996-06-30,interest,0.0,17039.7
1918,1996-07-14,cash deposit,0.0,23372.1
1918,1996-07-14,transfer out · household bill,4231.0,19141.1
1918,1996-07-28,cash withdrawal,3000.0,16141.1
1918,1996-07-31,cash withdrawal · statement fee,14.6,16208.1
1918,1996-07-31,interest,0.0,16222.7
1918,1996-08-14,cash deposit,0.0,22555.1
1918,1996-08-14,transfer out · household bill,4231.0,18324.1
1918,1996-08-25,cash withdrawal,2760.0,15564.1
1918,1996-08-27,cash withdrawal,1800.0,13764.1
1918,1996-08-31,cash withdrawal · statement fee,14.6,13823.9
1918,1996-08-31,interest,0.0,13838.5
1918,1996-09-14,cash deposit,0.0,20170.9
1918,1996-09-14,transfer out · household bill,4231.0,15939.9
1918,1996-09-26,cash withdrawal,1000.0,14939.9
1918,1996-09-30,cash withdrawal · statement fee,14.6,14993.4
1918,1996-09-30,interest,0.0,15008.0
1918,1996-10-14,cash deposit,0.0,21340.4
1918,1996-10-14,transfer out · household bill,4231.0,17109.4
1918,1996-10-26,cash withdrawal,3500.0,13609.4
1918,1996-10-31,cash withdrawal · statement fee,14.6,13658.6
1918,1996-10-31,interest,0.0,13673.2
1918,1996-11-14,cash deposit,0.0,20005.6
1918,1996-11-14,transfer out · household bill,4231.0,15774.6
1918,1996-11-25,cash withdrawal,3000.0,12774.6
1918,1996-11-30,cash withdrawal · statement fee,14.6,12825.0
1918,1996-11-30,interest,0.0,12839.6
1918,1996-12-14,cash deposit,0.0,22345.0
1918,1996-12-14,transfer out · household bill,4231.0,18114.0
1918,1996-12-16,cash withdrawal,3600.0,14514.0
1918,1996-12-25,cash withdrawal,2900.0,11614.0
1918,1996-12-31,cash withdrawal · statement fee,14.6,11654.2
1918,1996-12-31,interest,0.0,11668.8
1918,1997-01-14,cash deposit,0.0,18001.2
1918,1997-01-14,transfer out · household bill,4231.0,13770.2
1918,1997-01-24,cash withdrawal,1700.0,12070.2
1918,1997-01-31,cash withdrawal · statement fee,14.6,12106.4
1918,1997-01-31,interest,0.0,12121.0
1918,1997-02-14,cash deposit,0.0,18453.4
1918,1997-02-14,transfer out · household bill,4231.0,14222.4
1918,1997-02-23,cash withdrawal,1800.0,12422.4
1918,1997-02-28,cash withdrawal · statement fee,14.6,12460.3
1918,1997-02-28,interest,0.0,12474.9
1918,1997-03-14,cash deposit,0.0,18807.3
1918,1997-03-14,transfer out · household bill,4231.0,14576.3
1918,1997-03-21,cash withdrawal,600.0,13976.3
1918,1997-03-25,cash withdrawal,100.0,13876.3
1918,1997-03-31,cash withdrawal · statement fee,14.6,13916.7
1918,1997-03-31,interest,0.0,13931.3
1918,1997-04-14,cash deposit,0.0,20263.7
1918,1997-04-14,transfer out · household bill,4231.0,16032.7
1918,1997-04-24,cash withdrawal,1320.0,15912.7
1918,1997-04-24,cash deposit,0.0,17232.7
1918,1997-04-30,cash withdrawal · statement fee,14.6,15966.8
1918,1997-04-30,interest,0.0,15981.4
1918,1997-05-14,cash deposit,0.0,22313.8
1918,1997-05-14,transfer out · household bill,4231.0,18082.8
1918,1997-05-24,cash withdrawal,400.0,17682.8
1918,1997-05-30,cash withdrawal,2640.0,15042.8
1918,1997-05-31,cash withdrawal · statement fee,14.6,15103.2
1918,1997-05-31,interest,0.0,15117.8
1918,1997-06-14,cash deposit,0.0,24623.2
1918,1997-06-14,transfer out · household bill,4231.0,20392.2
1918,1997-06-23,cash withdrawal,4400.0,15992.2
1918,1997-06-30,cash withdrawal · statement fee,14.6,16046.9
1918,1997-06-30,interest,0.0,16061.5
1918,1997-07-14,cash deposit,0.0,22393.9
1918,1997-07-14,transfer out · household bill,4231.0,18162.9
1918,1997-07-23,cash withdrawal,5000.0,13162.9
1918,1997-07-31,cash withdrawal · statement fee,14.6,13218.1
1918,1997-07-31,interest,0.0,13232.7
1918,1997-08-14,cash deposit,0.0,19565.1
1918,1997-08-14,transfer out · household bill,4231.0,15334.1
1918,1997-08-22,cash withdrawal,2900.0,12434.1
1918,1997-08-31,cash withdrawal · statement fee,14.6,12474.4
1918,1997-08-31,interest,0.0,12489.0
1918,1997-09-14,cash deposit,0.0,18821.4
1918,1997-09-14,transfer out · household bill,4231.0,14590.4
1918,1997-09-21,cash withdrawal,2300.0,12290.4
1918,1997-09-30,cash withdrawal · statement fee,14.6,12328.3
1918,1997-09-30,interest,0.0,12342.9
1918,1997-10-14,cash deposit,0.0,18675.3
1918,1997-10-14,transfer out · household bill,4231.0,14444.3
1918,1997-10-31,cash withdrawal · statement fee,14.6,14494.4
1918,1997-10-31,interest,0.0,14509.0
1918,1997-11-14,cash deposit,0.0,20841.4
1918,1997-11-14,transfer out · household bill,4231.0,16610.4
1918,1997-11-30,cash withdrawal · statement fee,14.6,16669.1
1918,1997-11-30,interest,0.0,16683.7
1918,1997-12-14,cash deposit,0.0,26189.1
1918,1997-12-14,transfer out · household bill,4231.0,21958.1
1918,1997-12-18,cash withdrawal,600.0,21358.1
1918,1997-12-27,cash withdrawal,5040.0,16318.1
1918,1997-12-31,cash withdrawal · statement fee,14.6,16381.9
1918,1997-12-31,interest,0.0,16396.5
1918,1998-01-04,cash withdrawal,2640.0,13741.9
1918,1998-01-14,cash deposit,0.0,20088.9
1918,1998-01-14,transfer out · household bill,4231.0,15857.9
1918,1998-01-19,cash withdrawal,3100.0,12757.9
1918,1998-01-31,cash withdrawal · statement fee,14.6,12806.0
1918,1998-01-31,interest,0.0,12820.6
1918,1998-02-14,cash deposit,0.0,19153.0
1918,1998-02-14,transfer out · household bill,4231.0,14922.0
1918,1998-02-28,cash withdrawal · statement fee,14.6,14963.7
1918,1998-02-28,interest,0.0,14978.3
1918,1998-03-14,cash deposit,0.0,21310.7
1918,1998-03-14,transfer out · household bill,4231.0,17079.7
1918,1998-03-20,cash withdrawal,4500.0,12579.7
1918,1998-03-31,cash withdrawal · statement fee,14.6,12623.6
1918,1998-03-31,interest,0.0,12638.2
1918,1998-04-14,cash deposit,0.0,18970.6
1918,1998-04-14,transfer out · household bill,4231.0,14739.6
1918,1998-04-30,cash withdrawal · statement fee,14.6,14790.1
1918,1998-04-30,interest,0.0,14804.7
1918,1998-05-14,cash deposit,0.0,21137.1
1918,1998-05-14,transfer out · household bill,4231.0,16906.1
1918,1998-05-19,cash withdrawal,4700.0,12206.1
1918,1998-05-31,cash withdrawal · statement fee,14.6,12251.0
1918,1998-05-31,interest,0.0,12265.6
1918,1998-06-14,cash deposit,0.0,21771.0
1918,1998-06-14,transfer out · household bill,4231.0,17540.0
1918,1998-06-30,cash withdrawal · statement fee,14.6,17586.9
1918,1998-06-30,interest,0.0,17601.5
1918,1998-07-14,cash deposit,0.0,23933.9
1918,1998-07-14,transfer out · household bill,4231.0,19702.9
1918,1998-07-31,cash withdrawal · statement fee,14.6,19764.7
1918,1998-07-31,interest,0.0,19779.3
1918,1998-08-14,cash deposit,0.0,26111.7
1918,1998-08-14,transfer out · household bill,4231.0,21880.7
1918,1998-08-17,cash withdrawal,8100.0,13780.7
1918,1998-08-31,cash withdrawal · statement fee,14.6,13835.2
1918,1998-08-31,interest,0.0,13849.8
1918,1998-09-14,cash deposit,0.0,20182.2
1918,1998-09-14,transfer out · household bill,4231.0,15951.2
1918,1998-09-30,cash withdrawal · statement fee,14.6,15997.1
1918,1998-09-30,interest,0.0,16011.7
1918,1998-10-14,cash deposit,0.0,22344.1
1918,1998-10-14,transfer out · household bill,4231.0,18113.1
1918,1998-10-31,cash withdrawal · statement fee,14.6,18177.7
1918,1998-10-31,interest,0.0,18192.3
1918,1998-11-07,cash withdrawal,3840.0,14337.7
1918,1998-11-14,cash deposit,0.0,20684.7
1918,1998-11-14,transfer out · household bill,4231.0,16453.7
1918,1998-11-30,cash withdrawal · statement fee,14.6,16508.5
1918,1998-11-30,interest,0.0,16523.1
1918,1998-12-14,cash deposit,0.0,26028.5
1918,1998-12-14,transfer out · household bill,4231.0,21797.5
1918,1998-12-25,cash withdrawal,960.0,20837.5
1918,1998-12-31,interest,0.0,20922.1
2108,1996-07-06,cash deposit,0.0,1000.0
2108,1996-07-10,cash deposit,0.0,15061.0
2108,1996-07-31,interest,0.0,15105.5
2108,1996-08-05,cash deposit,0.0,19105.5
2108,1996-08-10,cash deposit,0.0,33166.5
2108,1996-08-31,interest,0.0,33282.8
2108,1996-09-04,cash withdrawal,1400.0,31882.8
2108,1996-09-10,cash deposit,0.0,45943.8
2108,1996-09-30,interest,0.0,46119.3
2108,1996-10-04,cash withdrawal,11100.0,35019.3
2108,1996-10-10,cash deposit,0.0,49080.3
2108,1996-10-31,interest,0.0,49281.0
2108,1996-11-03,cash withdrawal,10100.0,39181.0
2108,1996-11-10,cash deposit,0.0,53242.0
2108,1996-11-10,transfer out · household bill,5974.0,47268.0
2108,1996-11-30,cash withdrawal · statement fee,14.6,47469.2
2108,1996-11-30,interest,0.0,47483.8
2108,1996-12-03,cash withdrawal,12300.0,35169.2
2108,1996-12-10,cash deposit,0.0,56261.2
2108,1996-12-10,transfer out · household bill,5974.0,50287.2
2108,1996-12-19,cash withdrawal,2560.0,47727.2
2108,1996-12-31,cash withdrawal · statement fee,14.6,47914.3
2108,1996-12-31,interest,0.0,47928.9
2108,1997-01-02,cash withdrawal,1680.0,46234.3
2108,1997-01-02,cash withdrawal,10800.0,35434.3
2108,1997-01-10,cash deposit,0.0,49495.3
2108,1997-01-10,transfer out · household bill,5974.0,43521.3
2108,1997-01-11,cash withdrawal,3000.0,40521.3
2108,1997-01-14,cash withdrawal,2040.0,38481.3
2108,1997-01-17,cash withdrawal,7360.0,31121.3
2108,1997-01-18,cash withdrawal,3360.0,27761.3
2108,1997-01-26,cash withdrawal,3360.0,24401.3
2108,1997-01-28,cash withdrawal,3480.0,20921.3
2108,1997-01-31,cash withdrawal · statement fee,14.6,21053.2
2108,1997-01-31,interest,0.0,21067.8
2108,1997-02-01,cash withdrawal,2700.0,18353.2
2108,1997-02-09,cash withdrawal,5160.0,13193.2
2108,1997-02-10,cash deposit,0.0,27254.2
2108,1997-02-10,transfer out · household bill,5974.0,21280.2
2108,1997-02-28,cash withdrawal · statement fee,14.6,21368.7
2108,1997-02-28,interest,0.0,21383.3
2108,1997-03-03,cash deposit,0.0,23768.7
2108,1997-03-10,cash deposit,0.0,37829.7
2108,1997-03-10,transfer out · household bill,5974.0,31855.7
2108,1997-03-31,cash withdrawal · statement fee,14.6,31977.9
2108,1997-03-31,interest,0.0,31992.5
2108,1997-04-02,cash withdrawal,8700.0,23277.9
2108,1997-04-10,cash deposit,0.0,37338.9
2108,1997-04-10,transfer out · household bill,5974.0,31364.9
2108,1997-04-30,cash withdrawal · statement fee,14.6,31498.2
2108,1997-04-30,interest,0.0,31512.8
2108,1997-05-02,cash withdrawal,6900.0,24598.2
2108,1997-05-10,cash deposit,0.0,38659.2
2108,1997-05-10,transfer out · household bill,5974.0,32685.2
2108,1997-05-31,cash withdrawal · statement fee,14.6,32805.1
2108,1997-05-31,interest,0.0,32819.7
2108,1997-06-01,cash withdrawal,8400.0,24405.1
2108,1997-06-02,cash withdrawal,4080.0,20325.1
2108,1997-06-10,cash deposit,0.0,41417.1
2108,1997-06-10,transfer out · household bill,5974.0,35443.1
2108,1997-06-13,cash withdrawal,2160.0,33283.1
2108,1997-06-20,cash withdrawal,1800.0,31483.1
2108,1997-06-28,cash withdrawal,15520.0,15963.1
2108,1997-06-30,cash withdrawal · statement fee,14.6,16064.1
2108,1997-06-30,interest,0.0,16078.7
2108,1997-07-01,cash withdrawal,2100.0,13964.1
2108,1997-07-10,cash deposit,0.0,28025.1
2108,1997-07-10,transfer out · household bill,5974.0,22051.1
2108,1997-07-31,cash withdrawal · statement fee,14.6,17120.1
2108,1997-07-31,cash withdrawal,5000.0,17134.7
2108,1997-07-31,interest,0.0,22134.7
2108,1997-08-10,cash deposit,0.0,31181.1
2108,1997-08-10,transfer out · household bill,5974.0,25207.1
2108,1997-08-30,cash withdrawal,7800.0,17407.1
2108,1997-08-31,cash withdrawal · statement fee,14.6,17501.4
2108,1997-08-31,interest,0.0,17516.0
2108,1997-09-10,cash deposit,0.0,31562.4
2108,1997-09-10,transfer out · household bill,5974.0,25588.4
2108,1997-09-29,cash withdrawal,8500.0,17088.4
2108,1997-09-30,cash withdrawal · statement fee,14.6,17183.4
2108,1997-09-30,interest,0.0,17198.0
2108,1997-10-05,cash withdrawal,1080.0,16103.4
2108,1997-10-10,cash deposit,0.0,30164.4
2108,1997-10-10,transfer out · household bill,5974.0,24190.4
2108,1997-10-29,cash withdrawal,11500.0,12690.4
2108,1997-10-31,cash withdrawal · statement fee,14.6,12778.2
2108,1997-10-31,interest,0.0,12792.8
2108,1997-11-10,cash deposit,0.0,26839.2
2108,1997-11-10,transfer out · household bill,5974.0,20865.2
2108,1997-11-30,cash withdrawal · statement fee,14.6,20926.9
2108,1997-11-30,interest,0.0,20941.5
2108,1997-12-10,cash deposit,0.0,42018.9
2108,1997-12-10,transfer out · household bill,5974.0,36044.9
2108,1997-12-15,cash withdrawal,3200.0,32844.9
2108,1997-12-18,cash withdrawal,1920.0,30924.9
2108,1997-12-26,cash withdrawal,5880.0,25044.9
2108,1997-12-31,cash withdrawal · statement fee,14.6,25150.0
2108,1997-12-31,interest,0.0,25164.6
2108,1998-01-10,cash deposit,0.0,39211.0
2108,1998-01-10,transfer out · household bill,5974.0,33237.0
2108,1998-01-10,cash withdrawal,720.0,32517.0
2108,1998-01-18,cash withdrawal,1800.0,30717.0
2108,1998-01-24,cash withdrawal,1200.0,29517.0
2108,1998-01-24,cash withdrawal,1320.0,28197.0
2108,1998-01-25,cash withdrawal,1560.0,26637.0
2108,1998-01-27,cash withdrawal,11400.0,15237.0
2108,1998-01-29,cash withdrawal,1800.0,13437.0
2108,1998-01-31,cash withdrawal · statement fee,14.6,13539.6
2108,1998-01-31,interest,0.0,13554.2
2108,1998-02-10,cash deposit,0.0,27600.6
2108,1998-02-10,transfer out · household bill,5974.0,21626.6
2108,1998-02-28,cash withdrawal · statement fee,14.6,21706.7
2108,1998-02-28,interest,0.0,21721.3
2108,1998-03-10,cash deposit,0.0,35767.7
2108,1998-03-10,transfer out · household bill,5974.0,29793.7
2108,1998-03-12,cash withdrawal,2640.0,27153.7
2108,1998-03-31,cash withdrawal · statement fee,14.6,27247.2
2108,1998-03-31,interest,0.0,27261.8
2108,1998-04-10,cash deposit,0.0,41308.2
2108,1998-04-10,transfer out · household bill,5974.0,35334.2
2108,1998-04-30,cash withdrawal,3480.0,31990.1
2108,1998-04-30,cash withdrawal · statement fee,14.6,31975.5
2108,1998-04-30,interest,0.0,35470.1
2108,1998-05-10,cash deposit,0.0,46036.5
2108,1998-05-10,transfer out · household bill,5974.0,40062.5
2108,1998-05-27,cash withdrawal,27900.0,12162.5
2108,1998-05-31,cash withdrawal · statement fee,14.6,12299.1
2108,1998-05-31,interest,0.0,12313.7
2108,1998-06-10,cash deposit,0.0,33391.1
2108,1998-06-10,transfer out · household bill,5974.0,27417.1
2108,1998-06-12,cash withdrawal,10880.0,16537.1
2108,1998-06-30,cash withdrawal · statement fee,14.6,16590.0
2108,1998-06-30,interest,0.0,16604.6
2108,1998-07-10,cash deposit,0.0,30651.0
2108,1998-07-10,transfer out · household bill,5974.0,24677.0
2108,1998-07-31,cash withdrawal · statement fee,14.6,24754.5
2108,1998-07-31,interest,0.0,24769.1
2108,1998-08-09,cash withdrawal,5280.0,19474.5
2108,1998-08-10,cash deposit,0.0,33535.5
2108,1998-08-10,transfer out · household bill,5974.0,27561.5
2108,1998-08-20,cash withdrawal,960.0,26601.5
2108,1998-08-29,cash withdrawal,4080.0,22521.5
2108,1998-08-31,cash withdrawal · statement fee,14.6,22614.2
2108,1998-08-31,interest,0.0,22628.8
2108,1998-09-10,cash deposit,0.0,36675.2
2108,1998-09-10,transfer out · household bill,5974.0,30701.2
2108,1998-09-30,cash withdrawal · statement fee,14.6,30803.5
2108,1998-09-30,interest,0.0,30818.1
2108,1998-10-10,cash deposit,0.0,44864.5
2108,1998-10-10,transfer out · household bill,5974.0,38890.5
2108,1998-10-31,cash withdrawal · statement fee,14.6,39027.2
2108,1998-10-31,interest,0.0,39041.8
2108,1998-11-01,cash withdrawal,3360.0,35667.2
2108,1998-11-10,cash deposit,0.0,49728.2
2108,1998-11-10,transfer out · household bill,5974.0,43754.2
2108,1998-11-30,cash withdrawal · statement fee,14.6,43915.1
2108,1998-11-30,interest,0.0,43929.7
2108,1998-12-10,cash deposit,0.0,65007.1
2108,1998-12-10,transfer out · household bill,5974.0,59033.1
2108,1998-12-23,cash withdrawal,38900.0,20133.1
2108,1998-12-28,cash withdrawal,4160.0,15973.1
2108,1998-12-31,interest,0.0,16150.6
2177,1993-01-04,cash deposit,0.0,800.0
2177,1993-01-05,transfer in · pension,0.0,5923.0
2177,1993-01-31,interest,0.0,5944.5
2177,1993-02-05,transfer in · pension,0.0,11067.5
2177,1993-02-28,interest,0.0,11092.2
2177,1993-03-05,transfer in · pension,0.0,16215.2
2177,1993-03-31,interest,0.0,16239.8
2177,1993-04-05,transfer in · pension,0.0,21362.8
2177,1993-04-30,interest,0.0,21387.5
2177,1993-05-05,transfer in · pension,0.0,26510.5
2177,1993-05-06,transfer out · household bill,3168.0,23342.5
2177,1993-05-31,cash withdrawal · statement fee,14.6,23413.5
2177,1993-05-31,interest,0.0,23428.1
2177,1993-06-05,transfer in · pension,0.0,28536.5
2177,1993-06-06,transfer out · household bill,3168.0,25368.5
2177,1993-06-10,cash withdrawal,2150.0,23218.5
2177,1993-06-30,cash withdrawal · statement fee,14.6,23301.9
2177,1993-06-30,interest,0.0,23316.5
2177,1993-07-05,transfer in · pension,0.0,28424.9
2177,1993-07-06,transfer out · household bill,3168.0,25256.9
2177,1993-07-21,cash withdrawal,3200.0,22056.9
2177,1993-07-31,cash withdrawal · statement fee,14.6,22141.5
2177,1993-07-31,interest,0.0,22156.1
2177,1993-08-05,transfer in · pension,0.0,27264.5
2177,1993-08-06,transfer out · household bill,3168.0,24096.5
2177,1993-08-31,cash withdrawal · statement fee,14.6,24181.0
2177,1993-08-31,interest,0.0,24195.6
2177,1993-09-05,transfer in · pension,0.0,29304.0
2177,1993-09-06,transfer out · household bill,3168.0,26136.0
2177,1993-09-30,cash withdrawal · statement fee,14.6,26228.9
2177,1993-09-30,interest,0.0,26243.5
2177,1993-10-05,transfer in · pension,0.0,31351.9
2177,1993-10-06,transfer out · household bill,3168.0,28183.9
2177,1993-10-16,cash withdrawal,2880.0,25303.9
2177,1993-10-19,cash withdrawal,1920.0,23383.9
2177,1993-10-31,cash withdrawal · statement fee,14.6,23475.9
2177,1993-10-31,interest,0.0,23490.5
2177,1993-11-05,transfer in · pension,0.0,28598.9
2177,1993-11-06,transfer out · household bill,3168.0,25430.9
2177,1993-11-26,cash withdrawal,1120.0,24310.9
2177,1993-11-30,cash withdrawal · statement fee,14.6,24400.1
2177,1993-11-30,interest,0.0,24414.7
2177,1993-12-05,transfer in · pension,0.0,29523.1
2177,1993-12-06,transfer out · household bill,3168.0,26355.1
2177,1993-12-09,cash withdrawal,400.0,25955.1
2177,1993-12-30,cash withdrawal,100.0,25855.1
2177,1993-12-31,cash withdrawal · statement fee,14.6,25947.7
2177,1993-12-31,interest,0.0,25962.3
2177,1994-01-05,transfer in · pension,0.0,31070.7
2177,1994-01-06,transfer out · household bill,3168.0,27902.7
2177,1994-01-11,cash withdrawal,2080.0,25822.7
2177,1994-01-15,cash withdrawal,2350.0,23472.7
2177,1994-01-17,cash withdrawal,2240.0,21232.7
2177,1994-01-23,cash withdrawal,2000.0,19232.7
2177,1994-01-24,cash withdrawal,560.0,16672.7
2177,1994-01-24,cash withdrawal,880.0,17232.7
2177,1994-01-24,cash withdrawal,1120.0,18112.7
2177,1994-01-31,cash withdrawal · statement fee,14.6,16752.0
2177,1994-01-31,interest,0.0,16766.6
2177,1994-02-05,transfer in · pension,0.0,21875.0
2177,1994-02-06,transfer out · household bill,3168.0,18707.0
2177,1994-02-28,cash withdrawal · statement fee,14.6,18768.9
2177,1994-02-28,interest,0.0,18783.5
2177,1994-03-05,transfer in · pension,0.0,23891.9
2177,1994-03-06,transfer out · household bill,3168.0,20723.9
2177,1994-03-31,cash withdrawal · statement fee,14.6,20794.2
2177,1994-03-31,interest,0.0,20808.8
2177,1994-04-05,transfer in · pension,0.0,25917.2
2177,1994-04-06,transfer out · household bill,3168.0,22749.2
2177,1994-04-16,cash withdrawal,1120.0,21629.2
2177,1994-04-29,cash withdrawal,300.0,21329.2
2177,1994-04-30,cash withdrawal · statement fee,14.6,21405.5
2177,1994-04-30,interest,0.0,21420.1
2177,1994-05-05,transfer in · pension,0.0,26528.5
2177,1994-05-06,transfer out · household bill,3168.0,23360.5
2177,1994-05-29,cash withdrawal,600.0,22760.5
2177,1994-05-31,cash withdrawal · statement fee,14.6,22841.6
2177,1994-05-31,interest,0.0,22856.2
2177,1994-06-05,transfer in · pension,0.0,27964.6
2177,1994-06-06,transfer out · household bill,3168.0,24796.6
2177,1994-06-16,cash withdrawal,7150.0,17646.6
2177,1994-06-30,cash withdrawal · statement fee,14.6,17718.9
2177,1994-06-30,interest,0.0,17733.5
2177,1994-07-05,transfer in · pension,0.0,22841.9
2177,1994-07-06,transfer out · household bill,3168.0,18553.9
2177,1994-07-06,cash withdrawal,1120.0,21721.9
2177,1994-07-13,cash withdrawal,560.0,17993.9
2177,1994-07-31,cash withdrawal · statement fee,14.6,18054.4
2177,1994-07-31,interest,0.0,18069.0
2177,1994-08-05,transfer in · pension,0.0,23177.4
2177,1994-08-06,transfer out · household bill,3168.0,20009.4
2177,1994-08-31,cash withdrawal · statement fee,14.6,20076.7
2177,1994-08-31,interest,0.0,20091.3
2177,1994-09-05,transfer in · pension,0.0,25199.7
2177,1994-09-06,transfer out · household bill,3168.0,22031.7
2177,1994-09-26,cash withdrawal,500.0,21531.7
2177,1994-09-30,cash withdrawal · statement fee,14.6,21607.0
2177,1994-09-30,interest,0.0,21621.6
2177,1994-10-05,transfer in · pension,0.0,26730.0
2177,1994-10-06,transfer out · household bill,3168.0,23562.0
2177,1994-10-26,cash withdrawal,1200.0,22362.0
2177,1994-10-31,cash withdrawal · statement fee,14.6,22443.0
2177,1994-10-31,interest,0.0,22457.6
2177,1994-11-05,transfer in · pension,0.0,27566.0
2177,1994-11-06,transfer out · household bill,3168.0,24398.0
2177,1994-11-30,cash withdrawal · statement fee,14.6,24483.4
2177,1994-11-30,interest,0.0,24498.0
2177,1994-12-05,transfer in · pension,0.0,29606.4
2177,1994-12-06,transfer out · household bill,3168.0,26438.4
2177,1994-12-18,cash withdrawal,1300.0,25138.4
2177,1994-12-25,cash withdrawal,4200.0,20938.4
2177,1994-12-31,cash withdrawal · statement fee,14.6,21026.0
2177,1994-12-31,interest,0.0,21040.6
2177,1995-01-03,cash withdrawal,1760.0,19266.0
2177,1995-01-05,transfer in · pension,0.0,24389.0
2177,1995-01-06,transfer out · household bill,3168.0,21221.0
2177,1995-01-07,cash withdrawal,1600.0,19621.0
2177,1995-01-10,cash withdrawal,1120.0,18501.0
2177,1995-01-13,cash withdrawal,2080.0,16421.0
2177,1995-01-20,cash withdrawal,1360.0,15061.0
2177,1995-01-31,cash withdrawal · statement fee,14.6,15118.6
2177,1995-01-31,interest,0.0,15133.2
2177,1995-02-05,transfer in · pension,0.0,20241.6
2177,1995-02-06,transfer out · household bill,3168.0,17073.6
2177,1995-02-28,cash withdrawal · statement fee,14.6,17128.3
2177,1995-02-28,interest,0.0,17142.9
2177,1995-03-05,transfer in · pension,0.0,22251.3
2177,1995-03-06,transfer out · household bill,3168.0,19083.3
2177,1995-03-31,cash withdrawal · statement fee,14.6,19146.5
2177,1995-03-31,interest,0.0,19161.1
2177,1995-04-05,transfer in · pension,0.0,24269.5
2177,1995-04-06,transfer out · household bill,3168.0,21101.5
2177,1995-04-24,cash withdrawal,2100.0,19001.5
2177,1995-04-30,cash withdrawal · statement fee,14.6,19071.0
2177,1995-04-30,interest,0.0,19085.6
2177,1995-05-05,transfer in · pension,0.0,24194.0
2177,1995-05-06,transfer out · household bill,3168.0,21026.0
2177,1995-05-20,cash withdrawal,2720.0,18306.0
2177,1995-05-31,cash withdrawal · statement fee,14.6,18372.8
2177,1995-05-31,interest,0.0,18387.4
2177,1995-06-05,transfer in · pension,0.0,23495.8
2177,1995-06-06,transfer out · household bill,3168.0,20327.8
2177,1995-06-30,cash withdrawal,480.0,19930.6
2177,1995-06-30,cash withdrawal · statement fee,14.6,19916.0
2177,1995-06-30,interest,0.0,20410.6
2177,1995-07-05,transfer in · pension,0.0,25039.0
2177,1995-07-06,transfer out · household bill,3168.0,21871.0
2177,1995-07-31,cash withdrawal · statement fee,14.6,21945.7
2177,1995-07-31,interest,0.0,21960.3
2177,1995-08-05,transfer in · pension,0.0,27068.7
2177,1995-08-06,transfer out · household bill,3168.0,23900.7
2177,1995-08-31,cash withdrawal · statement fee,14.6,23983.7
2177,1995-08-31,interest,0.0,23998.3
2177,1995-09-02,cash withdrawal,3440.0,20543.7
2177,1995-09-05,transfer in · pension,0.0,25666.7
2177,1995-09-06,transfer out · household bill,3168.0,22498.7
2177,1995-09-30,cash withdrawal · statement fee,14.6,22578.5
2177,1995-09-30,interest,0.0,22593.1
2177,1995-10-05,transfer in · pension,0.0,27701.5
2177,1995-10-06,transfer out · household bill,3168.0,24533.5
2177,1995-10-19,cash withdrawal,2720.0,21813.5
2177,1995-10-31,cash withdrawal · statement fee,14.6,21894.4
2177,1995-10-31,interest,0.0,21909.0
2177,1995-11-05,transfer in · pension,0.0,27017.4
2177,1995-11-06,transfer out · household bill,3168.0,23849.4
2177,1995-11-30,cash withdrawal · statement fee,14.6,23932.1
2177,1995-11-30,interest,0.0,23946.7
2177,1995-12-05,transfer in · pension,0.0,29055.1
2177,1995-12-06,transfer out · household bill,3168.0,25887.1
2177,1995-12-18,cash withdrawal,1000.0,24887.1
2177,1995-12-31,cash withdrawal · statement fee,14.6,24976.4
2177,1995-12-31,interest,0.0,24991.0
2177,1996-01-04,cash withdrawal,1280.0,23696.4
2177,1996-01-05,transfer in · pension,0.0,28819.4
2177,1996-01-06,transfer out · household bill,3168.0,24211.4
2177,1996-01-06,cash withdrawal,1440.0,27379.4
2177,1996-01-08,cash withdrawal,2240.0,21971.4
2177,1996-01-13,cash withdrawal,480.0,21491.4
2177,1996-01-17,cash withdrawal,1360.0,20131.4
2177,1996-01-22,cash withdrawal,3050.0,17081.4
2177,1996-01-22,cash withdrawal,1760.0,15321.4
2177,1996-01-28,cash withdrawal,400.0,14921.4
2177,1996-01-31,cash withdrawal · statement fee,14.6,14992.3
2177,1996-01-31,interest,0.0,15006.9
2177,1996-02-05,transfer in · pension,0.0,20115.3
2177,1996-02-06,transfer out · household bill,3168.0,16947.3
2177,1996-02-29,cash withdrawal · statement fee,14.6,17001.0
2177,1996-02-29,interest,0.0,17015.6
2177,1996-03-05,transfer in · pension,0.0,22124.0
2177,1996-03-06,transfer out · household bill,3168.0,18956.0
2177,1996-03-31,cash withdrawal · statement fee,14.6,19018.2
2177,1996-03-31,interest,0.0,19032.8
2177,1996-04-05,transfer in · pension,0.0,24141.2
2177,1996-04-06,transfer out · household bill,3168.0,20973.2
2177,1996-04-10,cash withdrawal,640.0,20333.2
2177,1996-04-30,cash withdrawal · statement fee,14.6,20401.7
2177,1996-04-30,interest,0.0,20416.3
2177,1996-05-05,transfer in · pension,0.0,25524.7
2177,1996-05-06,transfer out · household bill,3168.0,22356.7
2177,1996-05-31,cash withdrawal · statement fee,14.6,22433.0
2177,1996-05-31,interest,0.0,22447.6
2177,1996-06-05,transfer in · pension,0.0,27556.0
2177,1996-06-06,transfer out · household bill,3168.0,24388.0
2177,1996-06-17,cash withdrawal,1300.0,23088.0
2177,1996-06-30,cash withdrawal · statement fee,14.6,23170.0
2177,1996-06-30,interest,0.0,23184.6
2177,1996-07-05,transfer in · pension,0.0,28293.0
2177,1996-07-06,transfer out · household bill,3168.0,25125.0
2177,1996-07-17,cash withdrawal,1100.0,24025.0
2177,1996-07-31,cash withdrawal · statement fee,14.6,24110.4
2177,1996-07-31,interest,0.0,24125.0
2177,1996-08-05,transfer in · pension,0.0,29233.4
2177,1996-08-06,transfer out · household bill,3168.0,26065.4
2177,1996-08-16,cash withdrawal,3400.0,22665.4
2177,1996-08-31,cash withdrawal · statement fee,14.6,22749.6
2177,1996-08-31,interest,0.0,22764.2
2177,1996-09-05,transfer in · pension,0.0,27872.6
2177,1996-09-06,transfer out · household bill,3168.0,24704.6
2177,1996-09-15,cash withdrawal,2700.0,22004.6
2177,1996-09-30,cash withdrawal · statement fee,14.6,22084.3
2177,1996-09-30,interest,0.0,22098.9
2177,1996-10-05,transfer in · pension,0.0,27207.3
2177,1996-10-06,transfer out · household bill,3168.0,24039.3
2177,1996-10-31,cash withdrawal · statement fee,14.6,24122.3
2177,1996-10-31,interest,0.0,24136.9
2177,1996-11-05,transfer in · pension,0.0,29245.3
2177,1996-11-06,transfer out · household bill,3168.0,26077.3
2177,1996-11-14,cash withdrawal,5700.0,20377.3
2177,1996-11-30,cash withdrawal · statement fee,14.6,20455.2
2177,1996-11-30,interest,0.0,20469.8
2177,1996-12-04,cash withdrawal,2000.0,18455.2
2177,1996-12-05,transfer in · pension,0.0,23578.2
2177,1996-12-06,transfer out · household bill,3168.0,20410.2
2177,1996-12-14,cash withdrawal,1300.0,19110.2
2177,1996-12-18,cash withdrawal,900.0,18210.2
2177,1996-12-27,cash withdrawal,2480.0,15730.2
2177,1996-12-31,cash withdrawal · statement fee,14.6,15793.1
2177,1996-12-31,interest,0.0,15807.7
2177,1997-01-05,transfer in · pension,0.0,20916.1
2177,1997-01-06,transfer out · household bill,3168.0,17748.1
2177,1997-01-13,cash withdrawal,560.0,17188.1
2177,1997-01-14,cash withdrawal,1120.0,16068.1
2177,1997-01-23,cash withdrawal,480.0,15588.1
2177,1997-01-31,cash withdrawal · statement fee,14.6,15639.9
2177,1997-01-31,interest,0.0,15654.5
2177,1997-02-05,transfer in · pension,0.0,20762.9
2177,1997-02-06,transfer out · household bill,3168.0,17594.9
2177,1997-02-12,cash withdrawal,3100.0,14494.9
2177,1997-02-28,cash withdrawal · statement fee,14.6,14542.8
2177,1997-02-28,interest,0.0,14557.4
2177,1997-03-05,transfer in · pension,0.0,19665.8
2177,1997-03-06,transfer out · household bill,3168.0,16497.8
2177,1997-03-11,cash withdrawal,880.0,15617.8
2177,1997-03-31,cash withdrawal · statement fee,14.6,15666.5
2177,1997-03-31,interest,0.0,15681.1
2177,1997-04-05,transfer in · pension,0.0,20789.5
2177,1997-04-06,transfer out · household bill,3168.0,17621.5
2177,1997-04-30,cash withdrawal · statement fee,14.6,17677.3
2177,1997-04-30,interest,0.0,17691.9
2177,1997-05-05,transfer in · pension,0.0,22800.3
2177,1997-05-06,transfer out · household bill,3168.0,19632.3
2177,1997-05-31,cash withdrawal · statement fee,14.6,19696.4
2177,1997-05-31,interest,0.0,19711.0
2177,1997-06-05,transfer in · pension,0.0,24819.4
2177,1997-06-06,transfer out · household bill,3168.0,21651.4
2177,1997-06-25,cash withdrawal,1680.0,19971.4
2177,1997-06-30,cash withdrawal · statement fee,14.6,20042.4
2177,1997-06-30,interest,0.0,20057.0
2177,1997-07-05,transfer in · pension,0.0,25165.4
2177,1997-07-06,transfer out · household bill,3168.0,21997.4
2177,1997-07-12,cash withdrawal,6300.0,15697.4
2177,1997-07-31,cash withdrawal · statement fee,14.6,15754.3
2177,1997-07-31,interest,0.0,15768.9
2177,1997-08-05,transfer in · pension,0.0,20877.3
2177,1997-08-06,transfer out · household bill,3168.0,17709.3
2177,1997-08-31,cash withdrawal · statement fee,14.6,17765.2
2177,1997-08-31,interest,0.0,17779.8
2177,1997-09-05,transfer in · pension,0.0,22888.2
2177,1997-09-06,transfer out · household bill,3168.0,19720.2
2177,1997-09-30,cash withdrawal · statement fee,14.6,19784.4
2177,1997-09-30,interest,0.0,19799.0
2177,1997-10-05,transfer in · pension,0.0,24907.4
2177,1997-10-06,transfer out · household bill,3168.0,21739.4
2177,1997-10-10,cash withdrawal,7700.0,14039.4
2177,1997-10-31,cash withdrawal · statement fee,14.6,14089.2
2177,1997-10-31,interest,0.0,14103.8
2177,1997-11-05,transfer in · pension,0.0,19212.2
2177,1997-11-06,transfer out · household bill,3168.0,16044.2
2177,1997-11-30,cash withdrawal · statement fee,14.6,16092.9
2177,1997-11-30,interest,0.0,16107.5
2177,1997-12-05,transfer in · pension,0.0,21215.9
2177,1997-12-06,transfer out · household bill,3168.0,18047.9
2177,1997-12-10,cash withdrawal,700.0,17347.9
2177,1997-12-31,cash withdrawal · statement fee,14.6,17402.8
2177,1997-12-31,interest,0.0,17417.4
2177,1998-01-05,transfer in · pension,0.0,22525.8
2177,1998-01-06,transfer out · household bill,3168.0,19357.8
2177,1998-01-07,cash withdrawal,1520.0,17837.8
2177,1998-01-10,cash withdrawal,1200.0,16637.8
2177,1998-01-21,cash withdrawal,500.0,16137.8
2177,1998-01-31,cash withdrawal · statement fee,14.6,16190.8
2177,1998-01-31,interest,0.0,16205.4
2177,1998-02-05,transfer in · pension,0.0,21313.8
2177,1998-02-06,transfer out · household bill,3168.0,18145.8
2177,1998-02-28,cash withdrawal · statement fee,14.6,18203.0
2177,1998-02-28,interest,0.0,18217.6
2177,1998-03-05,transfer in · pension,0.0,23326.0
2177,1998-03-06,transfer out · household bill,3168.0,20158.0
2177,1998-03-31,cash withdrawal · statement fee,14.6,20223.6
2177,1998-03-31,interest,0.0,20238.2
2177,1998-04-05,transfer in · pension,0.0,25346.6
2177,1998-04-06,transfer out · household bill,3168.0,22178.6
2177,1998-04-14,cash withdrawal,1600.0,20578.6
2177,1998-04-30,cash withdrawal · statement fee,14.6,20648.7
2177,1998-04-30,interest,0.0,20663.3
2177,1998-05-05,transfer in · pension,0.0,25771.7
2177,1998-05-06,transfer out · household bill,3168.0,22603.7
2177,1998-05-31,cash withdrawal · statement fee,14.6,22679.3
2177,1998-05-31,interest,0.0,22693.9
2177,1998-06-05,transfer in · pension,0.0,27802.3
2177,1998-06-06,transfer out · household bill,3168.0,24634.3
2177,1998-06-30,cash withdrawal · statement fee,14.6,24718.3
2177,1998-06-30,interest,0.0,24732.9
2177,1998-07-05,transfer in · pension,0.0,29841.3
2177,1998-07-06,transfer out · household bill,3168.0,26673.3
2177,1998-07-31,cash withdrawal · statement fee,14.6,26765.7
2177,1998-07-31,interest,0.0,26780.3
2177,1998-08-05,transfer in · pension,0.0,31888.7
2177,1998-08-06,transfer out · household bill,3168.0,28720.7
2177,1998-08-31,cash withdrawal · statement fee,14.6,28821.5
2177,1998-08-31,interest,0.0,28836.1
2177,1998-09-05,transfer in · pension,0.0,33944.5
2177,1998-09-06,transfer out · household bill,3168.0,30776.5
2177,1998-09-30,cash withdrawal · statement fee,14.6,30885.9
2177,1998-09-30,interest,0.0,30900.5
2177,1998-10-05,transfer in · pension,0.0,36008.9
2177,1998-10-06,transfer out · household bill,3168.0,32840.9
2177,1998-10-31,cash withdrawal · statement fee,14.6,32958.7
2177,1998-10-31,interest,0.0,32973.3
2177,1998-11-05,transfer in · pension,0.0,38081.7
2177,1998-11-06,transfer out · household bill,3168.0,34913.7
2177,1998-11-30,cash withdrawal · statement fee,14.6,35040.1
2177,1998-11-30,interest,0.0,35054.7
2177,1998-12-05,transfer in · pension,0.0,40163.1
2177,1998-12-06,transfer out · household bill,3168.0,36995.1
2177,1998-12-08,cash withdrawal,1400.0,35595.1
2177,1998-12-28,cash withdrawal,3280.0,32315.1
2177,1998-12-31,interest,0.0,32458.4
2233,1996-01-03,cash deposit,0.0,400.0
2233,1996-01-14,transfer in · pension,0.0,6293.0
2233,1996-01-31,interest,0.0,6308.2
2233,1996-02-14,transfer in · pension,0.0,12201.2
2233,1996-02-29,interest,0.0,12227.4
2233,1996-03-14,transfer in · pension,0.0,18120.4
2233,1996-03-31,interest,0.0,18146.7
2233,1996-04-14,transfer in · pension,0.0,24039.7
2233,1996-04-30,interest,0.0,24065.9
2233,1996-05-14,transfer in · pension,0.0,29958.9
2233,1996-05-31,cash withdrawal · statement fee,14.6,29973.7
2233,1996-05-31,interest,0.0,29988.3
2233,1996-06-01,cash withdrawal,2800.0,27173.7
2233,1996-06-03,cash withdrawal,9500.0,17673.7
2233,1996-06-08,transfer out · household bill,2028.0,15645.7
2233,1996-06-14,transfer in · pension,0.0,21538.7
2233,1996-06-30,cash withdrawal · statement fee,14.6,21608.6
2233,1996-06-30,interest,0.0,21623.2
2233,1996-07-01,cash withdrawal,2000.0,19608.6
2233,1996-07-08,transfer out · household bill,2028.0,17580.6
2233,1996-07-14,transfer in · pension,0.0,23473.6
2233,1996-07-23,cash withdrawal,2720.0,20753.6
2233,1996-07-31,cash withdrawal · statement fee,14.6,19226.8
2233,1996-07-31,cash withdrawal,1600.0,19241.4
2233,1996-07-31,interest,0.0,20841.4
2233,1996-08-08,transfer out · household bill,2028.0,17198.8
2233,1996-08-14,transfer in · pension,0.0,23091.8
2233,1996-08-30,cash withdrawal,2300.0,20791.8
2233,1996-08-31,cash withdrawal · statement fee,14.6,20866.0
2233,1996-08-31,interest,0.0,20880.6
2233,1996-09-08,transfer out · household bill,2028.0,18838.0
2233,1996-09-14,transfer in · pension,0.0,24731.0
2233,1996-09-14,cash withdrawal,3680.0,21051.0
2233,1996-09-30,cash withdrawal · statement fee,14.6,21123.8
2233,1996-09-30,interest,0.0,21138.4
2233,1996-10-08,transfer out · household bill,2028.0,19095.8
2233,1996-10-14,transfer in · pension,0.0,24988.8
2233,1996-10-31,cash withdrawal · statement fee,14.6,25071.6
2233,1996-10-31,interest,0.0,25086.2
2233,1996-11-08,transfer out · household bill,2028.0,23043.6
2233,1996-11-14,transfer in · pension,0.0,28936.6
2233,1996-11-28,cash withdrawal,4900.0,24036.6
2233,1996-11-30,cash withdrawal · statement fee,14.6,24133.5
2233,1996-11-30,interest,0.0,24148.1
2233,1996-12-08,transfer out · household bill,2028.0,22105.5
2233,1996-12-11,cash withdrawal,1400.0,20705.5
2233,1996-12-14,transfer in · pension,0.0,26598.5
2233,1996-12-28,cash withdrawal,3700.0,22898.5
2233,1996-12-31,cash withdrawal · statement fee,14.6,22987.1
2233,1996-12-31,interest,0.0,23001.7
2233,1997-01-08,transfer out · household bill,2028.0,20959.1
2233,1997-01-11,cash withdrawal,950.0,20009.1
2233,1997-01-14,transfer in · pension,0.0,25902.1
2233,1997-01-27,cash withdrawal,5300.0,20602.1
2233,1997-01-31,cash withdrawal · statement fee,14.6,20685.6
2233,1997-01-31,interest,0.0,20700.2
2233,1997-02-03,cash withdrawal,1600.0,19085.6
2233,1997-02-08,transfer out · household bill,2028.0,17057.6
2233,1997-02-14,transfer in · pension,0.0,22950.6
2233,1997-02-26,cash withdrawal,2400.0,20550.6
2233,1997-02-28,cash withdrawal · statement fee,14.6,20622.9
2233,1997-02-28,interest,0.0,20637.5
2233,1997-03-01,cash withdrawal,3040.0,17582.9
2233,1997-03-08,transfer out · household bill,2028.0,15554.9
2233,1997-03-14,transfer in · pension,0.0,21447.9
2233,1997-03-31,cash withdrawal · statement fee,14.6,21517.1
2233,1997-03-31,interest,0.0,21531.7
2233,1997-04-08,transfer out · household bill,2028.0,19489.1
2233,1997-04-14,transfer in · pension,0.0,25382.1
2233,1997-04-30,cash withdrawal · statement fee,14.6,25466.2
2233,1997-04-30,interest,0.0,25480.8
2233,1997-05-08,transfer out · household bill,2028.0,23438.2
2233,1997-05-14,transfer in · pension,0.0,29331.2
2233,1997-05-27,cash withdrawal,400.0,28931.2
2233,1997-05-31,cash withdrawal · statement fee,14.6,29031.7
2233,1997-05-31,interest,0.0,29046.3
2233,1997-06-04,cash withdrawal,9350.0,19681.7
2233,1997-06-08,transfer out · household bill,2028.0,17653.7
2233,1997-06-14,transfer in · pension,0.0,23546.7
2233,1997-06-26,cash withdrawal,3440.0,20106.7
2233,1997-06-30,cash withdrawal · statement fee,14.6,20188.2
2233,1997-06-30,interest,0.0,20202.8
2233,1997-07-08,transfer out · household bill,2028.0,18160.2
2233,1997-07-14,transfer in · pension,0.0,24053.2
2233,1997-07-26,cash withdrawal,2300.0,21753.2
2233,1997-07-31,cash withdrawal · statement fee,14.6,21830.1
2233,1997-07-31,interest,0.0,21844.7
2233,1997-08-08,transfer out · household bill,2028.0,19802.1
2233,1997-08-14,transfer in · pension,0.0,25695.1
2233,1997-08-14,cash withdrawal,1360.0,24335.1
2233,1997-08-25,cash withdrawal,4700.0,19635.1
2233,1997-08-31,cash withdrawal · statement fee,14.6,19714.9
2233,1997-08-31,interest,0.0,19729.5
2233,1997-09-08,transfer out · household bill,2028.0,17686.9
2233,1997-09-14,transfer in · pension,0.0,23579.9
2233,1997-09-24,cash withdrawal,7500.0,16079.9
2233,1997-09-30,cash withdrawal · statement fee,14.6,16149.2
2233,1997-09-30,interest,0.0,16163.8
2233,1997-10-08,transfer out · household bill,2028.0,14121.2
2233,1997-10-14,transfer in · pension,0.0,20014.2
2233,1997-10-24,cash withdrawal,1900.0,18114.2
2233,1997-10-31,cash withdrawal · statement fee,14.6,18174.0
2233,1997-10-31,interest,0.0,18188.6
2233,1997-11-08,transfer out · household bill,2028.0,16146.0
2233,1997-11-14,transfer in · pension,0.0,22039.0
2233,1997-11-23,cash withdrawal,4600.0,17439.0
2233,1997-11-30,cash withdrawal · statement fee,14.6,17503.9
2233,1997-11-30,interest,0.0,17518.5
2233,1997-12-08,transfer out · household bill,2028.0,15475.9
2233,1997-12-14,transfer in · pension,0.0,21368.9
2233,1997-12-16,cash withdrawal,2240.0,19128.9
2233,1997-12-27,cash withdrawal,1100.0,18028.9
2233,1997-12-31,cash withdrawal · statement fee,14.6,18090.8
2233,1997-12-31,interest,0.0,18105.4
2233,1998-01-08,transfer out · household bill,2028.0,16062.8
2233,1998-01-14,transfer in · pension,0.0,21955.8
2233,1998-01-22,cash withdrawal,6400.0,15555.8
2233,1998-01-31,cash withdrawal · statement fee,14.6,15617.0
2233,1998-01-31,interest,0.0,15631.6
2233,1998-02-01,cash withdrawal,480.0,15137.0
2233,1998-02-08,transfer out · household bill,2028.0,13109.0
2233,1998-02-14,transfer in · pension,0.0,19002.0
2233,1998-02-28,cash withdrawal · statement fee,14.6,19057.5
2233,1998-02-28,interest,0.0,19072.1
2233,1998-03-05,cash withdrawal,560.0,18497.5
2233,1998-03-08,transfer out · household bill,2028.0,16469.5
2233,1998-03-14,transfer in · pension,0.0,22362.5
2233,1998-03-31,cash withdrawal · statement fee,14.6,22432.9
2233,1998-03-31,interest,0.0,22447.5
2233,1998-04-08,transfer out · household bill,2028.0,20404.9
2233,1998-04-14,transfer in · pension,0.0,26297.9
2233,1998-04-30,cash withdrawal · statement fee,14.6,26385.5
2233,1998-04-30,interest,0.0,26400.1
2233,1998-05-08,transfer out · household bill,2028.0,24357.5
2233,1998-05-14,transfer in · pension,0.0,30250.5
2233,1998-05-14,cash withdrawal,2240.0,28010.5
2233,1998-05-31,cash withdrawal · statement fee,14.6,28114.5
2233,1998-05-31,interest,0.0,28129.1
2233,1998-06-08,transfer out · household bill,2028.0,26086.5
2233,1998-06-14,transfer in · pension,0.0,31979.5
2233,1998-06-20,cash withdrawal,11450.0,20529.5
2233,1998-06-30,cash withdrawal · statement fee,14.6,20623.2
2233,1998-06-30,interest,0.0,20637.8
2233,1998-07-08,transfer out · household bill,2028.0,18595.2
2233,1998-07-14,transfer in · pension,0.0,24488.2
2233,1998-07-31,cash withdrawal · statement fee,14.6,24568.4
2233,1998-07-31,interest,0.0,24583.0
2233,1998-08-08,transfer out · household bill,2028.0,22540.4
2233,1998-08-14,transfer in · pension,0.0,28433.4
2233,1998-08-31,cash withdrawal · statement fee,14.6,28530.0
2233,1998-08-31,interest,0.0,28544.6
2233,1998-09-08,transfer out · household bill,2028.0,26502.0
2233,1998-09-14,transfer in · pension,0.0,32395.0
2233,1998-09-30,cash withdrawal · statement fee,14.6,32507.8
2233,1998-09-30,interest,0.0,32522.4
2233,1998-10-08,transfer out · household bill,2028.0,30479.8
2233,1998-10-14,transfer in · pension,0.0,36372.8
2233,1998-10-31,cash withdrawal · statement fee,14.6,36502.4
2233,1998-10-31,interest,0.0,36517.0
2233,1998-11-08,transfer out · household bill,2028.0,34474.4
2233,1998-11-14,transfer in · pension,0.0,40367.4
2233,1998-11-30,cash withdrawal · statement fee,14.6,40513.3
2233,1998-11-30,interest,0.0,40527.9
2233,1998-12-08,transfer out · household bill,2028.0,38485.3
2233,1998-12-14,transfer in · pension,0.0,44378.3
2233,1998-12-15,cash withdrawal,450.0,43928.3
2233,1998-12-31,interest,0.0,44104.7
2302,1993-09-10,cash deposit,0.0,300.0
2302,1993-09-11,cash deposit,0.0,12837.0
2302,1993-09-30,interest,0.0,12872.6
2302,1993-10-10,cash deposit,0.0,16372.6
2302,1993-10-11,cash deposit,0.0,28909.7
2302,1993-10-31,interest,0.0,29008.5
2302,1993-11-09,cash withdrawal,2000.0,27008.5
2302,1993-11-11,cash deposit,0.0,39545.5
2302,1993-11-30,interest,0.0,39695.5
2302,1993-12-09,cash withdrawal,7800.0,31895.5
2302,1993-12-11,cash deposit,0.0,50701.5
2302,1993-12-31,interest,0.0,50897.8
2302,1994-01-08,cash withdrawal,12800.0,38097.8
2302,1994-01-11,cash deposit,0.0,50634.8
2302,1994-01-26,cash withdrawal,7600.0,43034.8
2302,1994-01-31,cash withdrawal · statement fee,14.6,43225.1
2302,1994-01-31,interest,0.0,43239.7
2302,1994-02-07,transfer out · household bill,1989.0,41236.1
2302,1994-02-07,cash withdrawal,7000.0,34236.1
2302,1994-02-09,transfer out,1838.0,32398.1
2302,1994-02-11,cash deposit,0.0,44935.1
2302,1994-02-17,cash withdrawal,1200.0,43735.1
2302,1994-02-28,cash withdrawal · statement fee,14.6,43899.2
2302,1994-02-28,interest,0.0,43913.8
2302,1994-03-04,cash withdrawal,1800.0,42099.2
2302,1994-03-05,cash withdrawal,4900.0,37199.2
2302,1994-03-07,transfer out · household bill,1989.0,35210.2
2302,1994-03-09,transfer out,1838.0,28972.2
2302,1994-03-09,cash withdrawal,4400.0,30810.2
2302,1994-03-11,cash deposit,0.0,41509.2
2302,1994-03-31,cash withdrawal · statement fee,14.6,41663.1
2302,1994-03-31,interest,0.0,41677.7
2302,1994-04-07,transfer out · household bill,1989.0,39674.1
2302,1994-04-08,cash withdrawal,5400.0,34274.1
2302,1994-04-09,transfer out,1838.0,32436.1
2302,1994-04-10,cash withdrawal,2700.0,29736.1
2302,1994-04-11,cash deposit,0.0,42273.1
2302,1994-04-24,cash withdrawal,3400.0,38873.1
2302,1994-04-30,cash withdrawal · statement fee,14.6,39026.5
2302,1994-04-30,interest,0.0,39041.1
2302,1994-05-07,transfer out · household bill,1989.0,37037.5
2302,1994-05-08,cash withdrawal,4500.0,32537.5
2302,1994-05-09,transfer out,1838.0,30699.5
2302,1994-05-11,cash deposit,0.0,43236.5
2302,1994-05-31,cash withdrawal · statement fee,14.6,43393.2
2302,1994-05-31,interest,0.0,43407.8
2302,1994-06-07,transfer out · household bill,1989.0,33904.2
2302,1994-06-07,cash withdrawal,7500.0,35893.2
2302,1994-06-09,transfer out,1838.0,32066.2
2302,1994-06-11,cash deposit,0.0,50872.2
2302,1994-06-24,cash withdrawal,2800.0,48072.2
2302,1994-06-30,cash withdrawal · statement fee,14.6,48251.2
2302,1994-06-30,interest,0.0,48265.8
2302,1994-07-07,transfer out · household bill,1989.0,34262.2
2302,1994-07-07,cash withdrawal,12000.0,36251.2
2302,1994-07-09,transfer out,1838.0,32424.2
2302,1994-07-11,cash deposit,0.0,44961.2
2302,1994-07-22,cash withdrawal,1600.0,43361.2
2302,1994-07-31,cash withdrawal · statement fee,14.6,43528.6
2302,1994-07-31,interest,0.0,43543.2
2302,1994-08-06,cash withdrawal,9200.0,34328.6
2302,1994-08-07,transfer out · household bill,1989.0,32339.6
2302,1994-08-09,transfer out,1838.0,30501.6
2302,1994-08-11,cash deposit,0.0,43038.6
2302,1994-08-31,cash withdrawal · statement fee,14.6,43197.4
2302,1994-08-31,interest,0.0,43212.0
2302,1994-09-05,cash withdrawal,9000.0,34197.4
2302,1994-09-07,transfer out · household bill,1989.0,32208.4
2302,1994-09-09,transfer out,1838.0,30370.4
2302,1994-09-11,cash deposit,0.0,42907.4
2302,1994-09-30,cash withdrawal · statement fee,14.6,43065.2
2302,1994-09-30,interest,0.0,43079.8
2302,1994-10-05,cash withdrawal,8600.0,34465.2
2302,1994-10-07,transfer out · household bill,1989.0,32476.2
2302,1994-10-09,transfer out,1838.0,30638.2
2302,1994-10-11,cash deposit,0.0,43175.2
2302,1994-10-31,cash withdrawal · statement fee,14.6,43334.0
2302,1994-10-31,interest,0.0,43348.6
2302,1994-11-04,cash withdrawal,4900.0,38434.0
2302,1994-11-07,transfer out · household bill,1989.0,36445.0
2302,1994-11-09,transfer out,1838.0,34607.0
2302,1994-11-11,cash deposit,0.0,47144.0
2302,1994-11-22,cash withdrawal,1400.0,45744.0
2302,1994-11-30,cash withdrawal · statement fee,14.6,45914.2
2302,1994-11-30,interest,0.0,45928.8
2302,1994-12-04,cash withdrawal,7300.0,38614.2
2302,1994-12-07,transfer out · household bill,1989.0,36625.2
2302,1994-12-09,transfer out,1838.0,34787.2
2302,1994-12-11,cash deposit,0.0,53593.2
2302,1994-12-28,cash withdrawal,2700.0,50893.2
2302,1994-12-31,cash withdrawal · statement fee,14.6,51084.4
2302,1994-12-31,interest,0.0,51099.0
2302,1995-01-03,cash withdrawal,9400.0,41684.4
2302,1995-01-04,cash withdrawal,3900.0,37784.4
2302,1995-01-07,transfer out · household bill,1989.0,35795.4
2302,1995-01-09,transfer out,1838.0,33957.4
2302,1995-01-11,cash deposit,0.0,46494.4
2302,1995-01-31,cash withdrawal · statement fee,14.6,46665.3
2302,1995-01-31,interest,0.0,46679.9
2302,1995-02-02,cash withdrawal,6600.0,40065.3
2302,1995-02-07,transfer out · household bill,1989.0,38076.3
2302,1995-02-09,transfer out,1838.0,36238.3
2302,1995-02-11,cash deposit,0.0,48775.3
2302,1995-02-28,cash withdrawal · statement fee,14.6,48954.8
2302,1995-02-28,interest,0.0,48969.4
2302,1995-03-04,cash withdrawal,8300.0,40654.8
2302,1995-03-07,transfer out · household bill,1989.0,38665.8
2302,1995-03-09,transfer out,1838.0,36827.8
2302,1995-03-11,cash deposit,0.0,49364.8
2302,1995-03-31,cash withdrawal · statement fee,14.6,49548.9
2302,1995-03-31,interest,0.0,49563.5
2302,1995-04-02,cash withdrawal,500.0,49048.9
2302,1995-04-03,cash withdrawal,7700.0,41348.9
2302,1995-04-07,transfer out · household bill,1989.0,39359.9
2302,1995-04-09,transfer out,1838.0,37521.9
2302,1995-04-11,cash deposit,0.0,50058.9
2302,1995-04-16,cash withdrawal,1900.0,48158.9
2302,1995-04-30,cash withdrawal · statement fee,14.6,48337.0
2302,1995-04-30,interest,0.0,48351.6
2302,1995-05-03,cash withdrawal,9700.0,38637.0
2302,1995-05-07,transfer out · household bill,1989.0,36648.0
2302,1995-05-09,transfer out,1838.0,34810.0
2302,1995-05-11,cash deposit,0.0,47347.0
2302,1995-05-31,cash withdrawal · statement fee,14.6,47523.7
2302,1995-05-31,interest,0.0,47538.3
2302,1995-06-02,cash withdrawal,6400.0,41123.7
2302,1995-06-07,transfer out · household bill,1989.0,39134.7
2302,1995-06-09,transfer out,1838.0,37296.7
2302,1995-06-11,cash deposit,0.0,56102.7
2302,1995-06-25,cash withdrawal,4700.0,51402.7
2302,1995-06-30,cash withdrawal · statement fee,14.6,51600.3
2302,1995-06-30,interest,0.0,51614.9
2302,1995-07-02,cash withdrawal,9100.0,42500.3
2302,1995-07-07,transfer out · household bill,1989.0,40511.3
2302,1995-07-09,transfer out,1838.0,38673.3
2302,1995-07-11,cash deposit,0.0,51210.3
2302,1995-07-31,cash withdrawal · statement fee,14.6,51402.6
2302,1995-07-31,interest,0.0,51417.2
2302,1995-08-01,cash withdrawal,8900.0,42502.6
2302,1995-08-05,cash withdrawal,3400.0,39102.6
2302,1995-08-07,transfer out · household bill,1989.0,37113.6
2302,1995-08-09,transfer out,1838.0,35275.6
2302,1995-08-11,cash deposit,0.0,47812.6
2302,1995-08-31,cash withdrawal · statement fee,14.6,47989.8
2302,1995-08-31,cash withdrawal,7600.0,40389.8
2302,1995-08-31,interest,0.0,48004.4
2302,1995-09-07,transfer out · household bill,1989.0,38400.8
2302,1995-09-09,transfer out,1838.0,36562.8
2302,1995-09-11,cash deposit,0.0,49099.8
2302,1995-09-30,cash withdrawal · statement fee,14.6,49284.3
2302,1995-09-30,cash withdrawal,7400.0,41884.3
2302,1995-09-30,interest,0.0,49298.9
2302,1995-10-07,transfer out · household bill,1989.0,39895.3
2302,1995-10-09,transfer out,1838.0,38057.3
2302,1995-10-11,cash deposit,0.0,50594.3
2302,1995-10-16,cash withdrawal,4200.0,46394.3
2302,1995-10-30,cash withdrawal,6900.0,39494.3
2302,1995-10-31,cash withdrawal · statement fee,14.6,39674.0
2302,1995-10-31,interest,0.0,39688.6
2302,1995-11-07,transfer out · household bill,1989.0,37685.0
2302,1995-11-09,transfer out,1838.0,35847.0
2302,1995-11-11,cash deposit,0.0,48384.0
2302,1995-11-29,cash withdrawal,4500.0,43884.0
2302,1995-11-30,cash withdrawal · statement fee,14.6,44055.6
2302,1995-11-30,interest,0.0,44070.2
2302,1995-12-01,cash withdrawal,3800.0,40255.6
2302,1995-12-07,transfer out · household bill,1989.0,38266.6
2302,1995-12-09,transfer out,1838.0,36428.6
2302,1995-12-11,cash deposit,0.0,55234.6
2302,1995-12-18,cash withdrawal,2800.0,52434.6
2302,1995-12-29,cash withdrawal,11500.0,40934.6
2302,1995-12-31,cash withdrawal · statement fee,14.6,41120.6
2302,1995-12-31,interest,0.0,41135.2
2302,1996-01-02,cash withdrawal,2300.0,38820.6
2302,1996-01-03,cash withdrawal,3200.0,35620.6
2302,1996-01-07,transfer out · household bill,1989.0,33631.6
2302,1996-01-09,transfer out,1838.0,31793.6
2302,1996-01-11,cash deposit,0.0,44330.6
2302,1996-01-28,cash withdrawal,7400.0,36930.6
2302,1996-01-31,cash withdrawal · statement fee,14.6,37083.8
2302,1996-01-31,interest,0.0,37098.4
2302,1996-02-07,transfer out · household bill,1989.0,35094.8
2302,1996-02-09,transfer out,1838.0,33256.8
2302,1996-02-11,cash deposit,0.0,45793.8
2302,1996-02-15,cash withdrawal,1100.0,44693.8
2302,1996-02-27,cash withdrawal,7700.0,36993.8
2302,1996-02-29,cash withdrawal · statement fee,14.6,37149.5
2302,1996-02-29,interest,0.0,37164.1
2302,1996-03-07,transfer out · household bill,1989.0,35160.5
2302,1996-03-09,transfer out,1838.0,33322.5
2302,1996-03-11,cash deposit,0.0,45859.5
2302,1996-03-24,cash withdrawal,3100.0,42759.5
2302,1996-03-28,cash withdrawal,6100.0,36659.5
2302,1996-03-31,cash withdrawal · statement fee,14.6,36815.3
2302,1996-03-31,interest,0.0,36829.9
2302,1996-04-07,transfer out · household bill,1989.0,34826.3
2302,1996-04-09,transfer out,1838.0,32988.3
2302,1996-04-11,cash deposit,0.0,45525.3
2302,1996-04-17,cash withdrawal,1100.0,44425.3
2302,1996-04-27,cash withdrawal,8300.0,36125.3
2302,1996-04-30,cash withdrawal · statement fee,14.6,36279.1
2302,1996-04-30,interest,0.0,36293.7
2302,1996-05-07,transfer out · household bill,1989.0,34290.1
2302,1996-05-09,transfer out,1838.0,32452.1
2302,1996-05-11,cash deposit,0.0,44989.1
2302,1996-05-27,cash withdrawal,6400.0,38589.1
2302,1996-05-31,cash withdrawal · statement fee,14.6,38743.5
2302,1996-05-31,interest,0.0,38758.1
2302,1996-06-07,transfer out · household bill,1989.0,36754.5
2302,1996-06-09,transfer out,1838.0,34916.5
2302,1996-06-11,cash deposit,0.0,53722.5
2302,1996-06-17,cash withdrawal,12100.0,41622.5
2302,1996-06-26,cash withdrawal,7900.0,33722.5
2302,1996-06-30,cash withdrawal · statement fee,14.6,33879.3
2302,1996-06-30,interest,0.0,33893.9
2302,1996-07-07,transfer out · household bill,1989.0,31890.3
2302,1996-07-09,transfer out,1838.0,30052.3
2302,1996-07-11,cash deposit,0.0,42589.3
2302,1996-07-17,cash withdrawal,3300.0,39289.3
2302,1996-07-26,cash withdrawal,2900.0,36389.3
2302,1996-07-31,cash withdrawal · statement fee,14.6,36528.7
2302,1996-07-31,interest,0.0,36543.3
2302,1996-08-07,transfer out · household bill,1989.0,34539.7
2302,1996-08-09,transfer out,1838.0,28401.7
2302,1996-08-09,cash withdrawal,4300.0,30239.7
2302,1996-08-11,cash deposit,0.0,40938.7
2302,1996-08-25,cash withdrawal,8400.0,32538.7
2302,1996-08-31,cash withdrawal · statement fee,14.6,32677.4
2302,1996-08-31,interest,0.0,32692.0
2302,1996-09-07,transfer out · household bill,1989.0,30688.4
2302,1996-09-09,transfer out,1838.0,28850.4
2302,1996-09-11,cash deposit,0.0,41387.4
2302,1996-09-24,cash withdrawal,7800.0,33587.4
2302,1996-09-30,cash withdrawal · statement fee,14.6,33722.6
2302,1996-09-30,interest,0.0,33737.2
2302,1996-10-07,transfer out · household bill,1989.0,31733.6
2302,1996-10-09,transfer out,1838.0,29895.6
2302,1996-10-11,cash deposit,0.0,42432.6
2302,1996-10-24,cash withdrawal,8800.0,33632.6
2302,1996-10-31,cash withdrawal · statement fee,14.6,33770.7
2302,1996-10-31,interest,0.0,33785.3
2302,1996-11-07,transfer out · household bill,1989.0,31781.7
2302,1996-11-09,transfer out,1838.0,29943.7
2302,1996-11-11,cash deposit,0.0,42480.7
2302,1996-11-23,cash withdrawal,11300.0,31180.7
2302,1996-11-30,cash withdrawal · statement fee,14.6,31315.3
2302,1996-11-30,interest,0.0,31329.9
2302,1996-12-05,cash withdrawal,2000.0,29315.3
2302,1996-12-07,transfer out · household bill,1989.0,27326.3
2302,1996-12-09,transfer out,1838.0,25488.3
2302,1996-12-11,cash deposit,0.0,44294.3
2302,1996-12-21,cash withdrawal,1700.0,42594.3
2302,1996-12-23,cash withdrawal,9300.0,33294.3
2302,1996-12-31,cash withdrawal · statement fee,14.6,33428.2
2302,1996-12-31,interest,0.0,33442.8
2302,1997-01-07,transfer out · household bill,1989.0,31439.2
2302,1997-01-09,transfer out,1838.0,22101.2
2302,1997-01-09,cash withdrawal,7500.0,23939.2
2302,1997-01-11,cash deposit,0.0,34638.2
2302,1997-01-22,cash withdrawal,6800.0,27838.2
2302,1997-01-31,cash withdrawal · statement fee,14.6,27951.8
2302,1997-01-31,interest,0.0,27966.4
2302,1997-02-07,transfer out · household bill,1989.0,25962.8
2302,1997-02-09,transfer out,1838.0,24124.8
2302,1997-02-11,cash deposit,0.0,36661.8
2302,1997-02-16,cash withdrawal,1400.0,35261.8
2302,1997-02-21,cash withdrawal,9600.0,25661.8
2302,1997-02-28,cash withdrawal · statement fee,14.6,25769.4
2302,1997-02-28,interest,0.0,25784.0
2302,1997-03-07,transfer out · household bill,1989.0,23780.4
2302,1997-03-09,transfer out,1838.0,21942.4
2302,1997-03-11,cash deposit,0.0,34479.4
2302,1997-03-23,cash withdrawal,5200.0,29279.4
2302,1997-03-31,cash withdrawal · statement fee,14.6,29386.9
2302,1997-03-31,interest,0.0,29401.5
2302,1997-04-07,transfer out · household bill,1989.0,27397.9
2302,1997-04-09,transfer out,1838.0,25559.9
2302,1997-04-11,cash deposit,0.0,38096.9
2302,1997-04-22,cash withdrawal,11100.0,26996.9
2302,1997-04-30,cash withdrawal · statement fee,14.6,27111.3
2302,1997-04-30,interest,0.0,27125.9
2302,1997-05-07,transfer out · household bill,1989.0,25122.3
2302,1997-05-09,transfer out,1838.0,23284.3
2302,1997-05-11,cash deposit,0.0,35821.3
2302,1997-05-22,cash withdrawal,7200.0,28621.3
2302,1997-05-31,cash withdrawal · statement fee,14.6,28730.8
2302,1997-05-31,interest,0.0,28745.4
2302,1997-06-07,transfer out · household bill,1989.0,26741.8
2302,1997-06-09,transfer out,1838.0,24903.8
2302,1997-06-11,cash deposit,0.0,43709.8
2302,1997-06-21,cash withdrawal,13600.0,30109.8
2302,1997-06-25,cash withdrawal,3600.0,26509.8
2302,1997-06-30,cash withdrawal · statement fee,14.6,26630.7
2302,1997-06-30,interest,0.0,26645.3
2302,1997-07-07,transfer out · household bill,1989.0,24641.7
2302,1997-07-09,transfer out,1838.0,22803.7
2302,1997-07-11,cash deposit,0.0,35340.7
2302,1997-07-21,cash withdrawal,9300.0,26040.7
2302,1997-07-31,cash withdrawal · statement fee,14.6,26143.9
2302,1997-07-31,interest,0.0,26158.5
2302,1997-08-07,transfer out · household bill,1989.0,24154.9
2302,1997-08-09,transfer out,1838.0,22316.9
2302,1997-08-11,cash deposit,0.0,34853.9
2302,1997-08-11,cash withdrawal,1900.0,32953.9
2302,1997-08-20,cash withdrawal,7300.0,25653.9
2302,1997-08-31,cash withdrawal · statement fee,14.6,25751.6
2302,1997-08-31,interest,0.0,25766.2
2302,1997-09-07,transfer out · household bill,1989.0,23762.6
2302,1997-09-09,transfer out,1838.0,21924.6
2302,1997-09-11,cash deposit,0.0,34461.6
2302,1997-09-19,cash withdrawal,10500.0,23961.6
2302,1997-09-30,cash withdrawal · statement fee,14.6,24056.7
2302,1997-09-30,interest,0.0,24071.3
2302,1997-10-07,transfer out · household bill,1989.0,22067.7
2302,1997-10-09,transfer out,1838.0,20229.7
2302,1997-10-11,cash deposit,0.0,32766.7
2302,1997-10-19,cash withdrawal,8800.0,23966.7
2302,1997-10-31,cash withdrawal · statement fee,14.6,24057.1
2302,1997-10-31,interest,0.0,24071.7
2302,1997-11-07,transfer out · household bill,1989.0,22068.1
2302,1997-11-09,transfer out,1838.0,20230.1
2302,1997-11-11,cash deposit,0.0,32767.1
2302,1997-11-18,cash withdrawal,8500.0,24267.1
2302,1997-11-30,cash withdrawal · statement fee,14.6,24357.1
2302,1997-11-30,interest,0.0,24371.7
2302,1997-12-07,transfer out · household bill,1989.0,22368.1
2302,1997-12-09,transfer out,1838.0,20530.1
2302,1997-12-11,cash deposit,0.0,39336.1
2302,1997-12-12,cash withdrawal,800.0,38536.1
2302,1997-12-18,cash withdrawal,6800.0,31736.1
2302,1997-12-24,cash withdrawal,1200.0,30536.1
2302,1997-12-31,cash withdrawal · statement fee,14.6,30644.4
2302,1997-12-31,interest,0.0,30659.0
2302,1998-01-07,transfer out · household bill,1989.0,28655.4
2302,1998-01-09,transfer out,1838.0,26817.4
2302,1998-01-11,cash deposit,0.0,39354.4
2302,1998-01-15,cash withdrawal,6900.0,32454.4
2302,1998-01-17,cash withdrawal,2900.0,29554.4
2302,1998-01-31,cash withdrawal · statement fee,14.6,29665.7
2302,1998-01-31,interest,0.0,29680.3
2302,1998-02-07,transfer out · household bill,1989.0,27676.7
2302,1998-02-09,transfer out,1838.0,25838.7
2302,1998-02-11,cash deposit,0.0,38375.7
2302,1998-02-16,cash withdrawal,7800.0,30575.7
2302,1998-02-18,cash withdrawal,4600.0,25975.7
2302,1998-02-28,cash withdrawal · statement fee,14.6,26080.4
2302,1998-02-28,interest,0.0,26095.0
2302,1998-03-07,transfer out · household bill,1989.0,24091.4
2302,1998-03-09,transfer out,1838.0,22253.4
2302,1998-03-11,cash deposit,0.0,34790.4
2302,1998-03-18,cash withdrawal,9100.0,25690.4
2302,1998-03-29,cash withdrawal,4300.0,21390.4
2302,1998-03-31,cash withdrawal · statement fee,14.6,21485.2
2302,1998-03-31,interest,0.0,21499.8
2302,1998-04-07,transfer out · household bill,1989.0,19496.2
2302,1998-04-09,transfer out,1838.0,17658.2
2302,1998-04-11,cash deposit,0.0,30195.2
2302,1998-04-17,cash withdrawal,6600.0,23595.2
2302,1998-04-26,cash withdrawal,4100.0,19495.2
2302,1998-04-30,cash withdrawal · statement fee,14.6,19573.4
2302,1998-04-30,interest,0.0,19588.0
2302,1998-05-07,transfer out · household bill,1989.0,17584.4
2302,1998-05-09,transfer out,1838.0,15746.4
2302,1998-05-11,cash deposit,0.0,28283.4
2302,1998-05-17,cash withdrawal,5000.0,23283.4
2302,1998-05-31,cash withdrawal · statement fee,14.6,23359.6
2302,1998-05-31,interest,0.0,23374.2
2302,1998-06-07,transfer out · household bill,1989.0,21370.6
2302,1998-06-09,transfer out,1838.0,19532.6
2302,1998-06-11,cash deposit,0.0,38338.6
2302,1998-06-16,cash withdrawal,12300.0,26038.6
2302,1998-06-30,cash withdrawal · statement fee,14.6,26131.9
2302,1998-06-30,interest,0.0,26146.5
2302,1998-07-06,cash withdrawal,2000.0,24131.9
2302,1998-07-07,transfer out · household bill,1989.0,22142.9
2302,1998-07-09,transfer out,1838.0,20304.9
2302,1998-07-11,cash deposit,0.0,32841.9
2302,1998-07-16,cash withdrawal,9000.0,23841.9
2302,1998-07-31,cash withdrawal · statement fee,14.6,23928.6
2302,1998-07-31,interest,0.0,23943.2
2302,1998-08-07,transfer out · household bill,1989.0,21939.6
2302,1998-08-09,transfer out,1838.0,20101.6
2302,1998-08-11,cash deposit,0.0,32638.6
2302,1998-08-15,cash withdrawal,10000.0,22638.6
2302,1998-08-27,cash withdrawal,3800.0,18838.6
2302,1998-08-31,cash withdrawal · statement fee,14.6,18917.2
2302,1998-08-31,interest,0.0,18931.8
2302,1998-09-07,transfer out · household bill,1989.0,16928.2
2302,1998-09-09,transfer out,1838.0,15090.2
2302,1998-09-11,cash deposit,0.0,27627.2
2302,1998-09-14,cash withdrawal,8300.0,19327.2
2302,1998-09-30,cash withdrawal · statement fee,14.6,19390.1
2302,1998-09-30,interest,0.0,19404.7
2302,1998-10-07,transfer out · household bill,1989.0,17401.1
2302,1998-10-09,transfer out,1838.0,15563.1
2302,1998-10-11,cash deposit,0.0,28100.1
2302,1998-10-14,cash withdrawal,5300.0,22800.1
2302,1998-10-22,cash withdrawal,1700.0,21100.1
2302,1998-10-31,cash withdrawal · statement fee,14.6,21169.8
2302,1998-10-31,interest,0.0,21184.4
2302,1998-11-07,transfer out · household bill,1989.0,19180.8
2302,1998-11-09,transfer out,1838.0,17342.8
2302,1998-11-11,cash deposit,0.0,29879.8
2302,1998-11-13,cash withdrawal,3300.0,26579.8
2302,1998-11-30,cash withdrawal · statement fee,14.6,26663.2
2302,1998-11-30,interest,0.0,26677.8
2302,1998-12-07,transfer out · household bill,1989.0,24674.2
2302,1998-12-09,transfer out,1838.0,22836.2
2302,1998-12-11,cash deposit,0.0,41642.2
2302,1998-12-13,cash withdrawal,9300.0,32342.2
2302,1998-12-24,cash withdrawal,900.0,31442.2
2302,1998-12-27,cash withdrawal,3600.0,27842.2
2302,1998-12-31,interest,0.0,27962.2
2691,1993-09-08,cash deposit,0.0,700.0
2691,1993-10-08,cash deposit,0.0,13700.0
2691,1993-11-07,cash deposit,0.0,18200.0
2691,1993-12-07,cash deposit,0.0,19000.0
2691,1994-01-06,cash deposit,0.0,19300.0
2691,1994-02-05,cash deposit,0.0,23900.0
2691,1994-03-07,cash withdrawal,1200.0,22700.0
2691,1994-04-06,cash deposit,0.0,23200.0
2691,1994-05-06,cash withdrawal,700.0,22500.0
2691,1994-06-05,cash withdrawal,800.0,21700.0
2691,1994-07-05,cash deposit,0.0,24400.0
2691,1994-08-04,cash deposit,0.0,24900.0
2691,1994-09-03,cash deposit,0.0,25900.0
2691,1994-10-03,cash withdrawal,1900.0,24000.0
2691,1994-11-02,cash withdrawal,1200.0,22800.0
2691,1994-12-02,cash deposit,0.0,25900.0
2691,1995-01-01,cash withdrawal,300.0,25600.0
2691,1995-01-31,cash withdrawal,2000.0,23603.2
2691,1995-01-31,interest,0.0,25603.2
2691,1995-03-02,cash deposit,0.0,24703.2
2691,1995-03-31,interest,0.0,24801.5
2691,1995-04-01,cash withdrawal,300.0,24501.5
2691,1995-04-30,interest,0.0,24599.8
2691,1995-05-01,cash deposit,0.0,25599.8
2691,1995-05-31,cash withdrawal,1700.0,23998.2
2691,1995-05-31,interest,0.0,25698.2
2691,1995-06-30,cash withdrawal,2200.0,21898.2
2691,1995-06-30,interest,0.0,24098.2
2691,1995-07-30,cash withdrawal,800.0,21098.2
2691,1995-07-31,interest,0.0,21198.2
2691,1995-08-29,cash withdrawal,600.0,20598.2
2691,1995-08-31,interest,0.0,20698.2
2691,1995-09-28,cash withdrawal,700.0,19998.2
2691,1995-09-30,interest,0.0,20098.2
2691,1995-10-28,cash deposit,0.0,20498.2
2691,1995-10-31,interest,0.0,20598.2
2691,1995-11-27,cash deposit,0.0,21898.2
2691,1995-11-30,interest,0.0,21998.2
2691,1995-12-27,cash withdrawal,200.0,21798.2
2691,1995-12-31,interest,0.0,21898.2
2691,1996-01-26,cash withdrawal,700.0,21198.2
2691,1996-01-31,interest,0.0,21298.2
2691,1996-03-26,cash deposit,0.0,23098.2
2691,1996-03-31,interest,0.0,23198.2
2691,1996-04-25,cash deposit,0.0,23798.2
2691,1996-04-30,interest,0.0,23898.1
2691,1996-05-25,cash withdrawal,800.0,23098.1
2691,1996-05-31,interest,0.0,23198.1
2691,1996-06-24,cash deposit,0.0,23498.1
2691,1996-06-30,interest,0.0,23598.1
2691,1996-07-24,cash withdrawal,300.0,23298.1
2691,1996-07-31,interest,0.0,23398.1
2691,1996-08-23,cash deposit,0.0,24798.1
2691,1996-08-31,interest,0.0,24898.1
2691,1996-09-22,cash withdrawal,2700.0,22198.1
2691,1996-09-30,interest,0.0,22298.1
2691,1996-10-22,cash deposit,0.0,22398.1
2691,1996-10-31,interest,0.0,22498.1
2691,1996-11-21,cash deposit,0.0,26498.1
2691,1996-11-30,interest,0.0,26598.1
2691,1996-12-21,cash deposit,0.0,28398.1
2691,1996-12-31,interest,0.0,28498.1
2691,1997-01-20,cash withdrawal,600.0,27898.1
2691,1997-01-31,interest,0.0,27998.1
2691,1997-02-19,cash withdrawal,100.0,27898.1
2691,1997-02-28,interest,0.0,27998.0
2691,1997-03-21,cash deposit,0.0,29698.0
2691,1997-03-31,interest,0.0,29798.0
2691,1997-04-20,cash withdrawal,1700.0,28098.0
2691,1997-04-30,interest,0.0,28198.0
2691,1997-05-20,cash withdrawal,1400.0,26798.0
2691,1997-05-31,interest,0.0,26898.0
2691,1997-06-19,cash withdrawal,500.0,26398.0
2691,1997-06-30,interest,0.0,26498.0
2691,1997-07-19,cash deposit,0.0,30398.0
2691,1997-07-31,interest,0.0,30498.0
2691,1997-08-18,cash deposit,0.0,30798.0
2691,1997-08-31,interest,0.0,30898.0
2691,1997-09-17,cash deposit,0.0,33598.0
2691,1997-09-30,interest,0.0,33698.0
2691,1997-10-17,cash withdrawal,4500.0,29198.0
2691,1997-10-31,interest,0.0,29298.0
2691,1997-11-16,cash deposit,0.0,30398.0
2691,1997-11-30,interest,0.0,30498.0
2691,1997-12-16,cash deposit,0.0,30798.0
2691,1997-12-31,interest,0.0,30897.9
2691,1998-01-15,cash withdrawal,1100.0,29797.9
2691,1998-01-31,interest,0.0,29897.9
2691,1998-02-14,cash withdrawal,3400.0,26497.9
2691,1998-02-28,interest,0.0,26597.9
2691,1998-03-16,cash withdrawal,900.0,25697.9
2691,1998-03-31,interest,0.0,25797.9
2691,1998-04-15,cash withdrawal,3000.0,22797.9
2691,1998-04-30,interest,0.0,22897.9
2691,1998-05-15,cash withdrawal,200.0,22697.9
2691,1998-05-31,interest,0.0,22797.9
2691,1998-06-14,cash withdrawal,1300.0,21497.9
2691,1998-06-30,interest,0.0,21597.9
2691,1998-07-14,cash withdrawal,700.0,20897.9
2691,1998-07-31,interest,0.0,20997.9
2691,1998-08-13,cash withdrawal,5800.0,15197.9
2691,1998-08-31,interest,0.0,15297.9
2691,1998-09-12,cash withdrawal,3100.0,12197.9
2814,1993-04-25,cash deposit,0.0,500.0
2814,1993-05-13,transfer in · pension,0.0,5044.0
2814,1993-06-13,transfer in · pension,0.0,9588.0
2814,1993-07-13,transfer in · pension,0.0,14132.0
2814,1993-08-13,transfer in · pension,0.0,18676.0
2814,1993-09-13,transfer in · pension,0.0,23220.0
2814,1993-09-22,cash withdrawal,800.0,22420.0
2814,1993-09-30,cash withdrawal · statement fee,14.6,22433.4
2814,1993-09-30,interest,0.0,22448.0
2814,1993-10-11,transfer out · household bill,2627.0,19806.4
2814,1993-10-13,transfer in · pension,0.0,24350.4
2814,1993-10-31,cash withdrawal · statement fee,14.6,24434.2
2814,1993-10-31,interest,0.0,24448.8
2814,1993-11-11,transfer out · household bill,2627.0,21807.2
2814,1993-11-13,transfer in · pension,0.0,26351.2
2814,1993-11-30,cash withdrawal · statement fee,14.6,26443.2
2814,1993-11-30,interest,0.0,26457.8
2814,1993-12-11,transfer out · household bill,2627.0,23816.2
2814,1993-12-13,transfer in · pension,0.0,28360.2
2814,1993-12-14,cash withdrawal,1680.0,26680.2
2814,1993-12-21,cash withdrawal,2800.0,23880.2
2814,1993-12-28,cash withdrawal,550.0,23330.2
2814,1993-12-31,cash withdrawal · statement fee,14.6,23422.2
2814,1993-12-31,interest,0.0,23436.8
2814,1994-01-06,cash withdrawal,4600.0,18262.2
2814,1994-01-06,cash withdrawal,560.0,22862.2
2814,1994-01-11,transfer out · household bill,2627.0,15635.2
2814,1994-01-13,transfer in · pension,0.0,20179.2
2814,1994-01-15,cash withdrawal,560.0,19619.2
2814,1994-01-16,cash withdrawal,1280.0,18339.2
2814,1994-01-24,cash withdrawal,1760.0,16579.2
2814,1994-01-27,cash withdrawal,2320.0,12659.2
2814,1994-01-27,cash withdrawal,1600.0,14979.2
2814,1994-01-31,cash withdrawal · statement fee,14.6,12724.1
2814,1994-01-31,interest,0.0,12738.7
2814,1994-02-11,transfer out · household bill,2627.0,10097.1
2814,1994-02-13,transfer in · pension,0.0,14641.1
2814,1994-02-28,cash withdrawal · statement fee,14.6,14684.1
2814,1994-02-28,interest,0.0,14698.7
2814,1994-03-11,transfer out · household bill,2627.0,12057.1
2814,1994-03-13,transfer in · pension,0.0,16601.1
2814,1994-03-31,cash withdrawal · statement fee,14.6,16652.5
2814,1994-03-31,interest,0.0,16667.1
2814,1994-04-11,transfer out · household bill,2627.0,14025.5
2814,1994-04-13,transfer in · pension,0.0,18569.5
2814,1994-04-30,cash withdrawal · statement fee,14.6,18629.0
2814,1994-04-30,interest,0.0,18643.6
2814,1994-05-01,cash withdrawal,1200.0,17429.0
2814,1994-05-11,transfer out · household bill,2627.0,14802.0
2814,1994-05-13,transfer in · pension,0.0,19346.0
2814,1994-05-31,cash withdrawal · statement fee,14.6,19409.8
2814,1994-05-31,interest,0.0,19424.4
2814,1994-06-11,transfer out · household bill,2627.0,16782.8
2814,1994-06-13,transfer in · pension,0.0,21326.8
2814,1994-06-30,cash withdrawal · statement fee,14.6,21397.8
2814,1994-06-30,interest,0.0,21412.4
2814,1994-07-11,transfer out · household bill,2627.0,17970.8
2814,1994-07-11,cash withdrawal,800.0,20597.8
2814,1994-07-13,transfer in · pension,0.0,22514.8
2814,1994-07-31,cash withdrawal · statement fee,14.6,22591.2
2814,1994-07-31,interest,0.0,22605.8
2814,1994-08-11,transfer out · household bill,2627.0,19964.2
2814,1994-08-13,transfer in · pension,0.0,24508.2
2814,1994-08-18,cash withdrawal,500.0,24008.2
2814,1994-08-31,cash withdrawal,3040.0,21065.8
2814,1994-08-31,cash withdrawal · statement fee,14.6,21051.2
2814,1994-08-31,interest,0.0,24105.8
2814,1994-09-11,transfer out · household bill,2627.0,18424.2
2814,1994-09-13,transfer in · pension,0.0,22968.2
2814,1994-09-30,cash withdrawal · statement fee,14.6,23046.0
2814,1994-09-30,interest,0.0,23060.6
2814,1994-10-11,transfer out · household bill,2627.0,20419.0
2814,1994-10-13,transfer in · pension,0.0,24963.0
2814,1994-10-17,cash withdrawal,400.0,24563.0
2814,1994-10-31,cash withdrawal · statement fee,14.6,24648.4
2814,1994-10-31,interest,0.0,24663.0
2814,1994-11-11,transfer out · household bill,2627.0,22021.4
2814,1994-11-13,transfer in · pension,0.0,26565.4
2814,1994-11-30,cash withdrawal · statement fee,14.6,26658.2
2814,1994-11-30,interest,0.0,26672.8
2814,1994-12-11,transfer out · household bill,2627.0,24031.2
2814,1994-12-13,transfer in · pension,0.0,28575.2
2814,1994-12-21,cash withdrawal,550.0,28025.2
2814,1994-12-31,cash withdrawal · statement fee,14.6,28125.6
2814,1994-12-31,interest,0.0,28140.2
2814,1995-01-04,cash withdrawal,2000.0,26125.6
2814,1995-01-08,cash withdrawal,1600.0,24525.6
2814,1995-01-09,cash withdrawal,2350.0,22175.6
2814,1995-01-10,cash withdrawal,1920.0,20255.6
2814,1995-01-11,transfer out · household bill,2627.0,17628.6
2814,1995-01-13,transfer in · pension,0.0,22172.6
2814,1995-01-20,cash withdrawal,880.0,21292.6
2814,1995-01-20,cash withdrawal,1120.0,20172.6
2814,1995-01-29,cash withdrawal,1120.0,19052.6
2814,1995-01-31,cash withdrawal · statement fee,14.6,19131.0
2814,1995-01-31,interest,0.0,19145.6
2814,1995-02-11,transfer out · household bill,2627.0,16504.0
2814,1995-02-13,transfer in · pension,0.0,21048.0
2814,1995-02-28,cash withdrawal · statement fee,14.6,21117.5
2814,1995-02-28,interest,0.0,21132.1
2814,1995-03-11,transfer out · household bill,2627.0,18490.5
2814,1995-03-13,transfer in · pension,0.0,23034.5
2814,1995-03-31,cash withdrawal · statement fee,14.6,23112.5
2814,1995-03-31,interest,0.0,23127.1
2814,1995-04-11,transfer out · household bill,2627.0,20485.5
2814,1995-04-13,transfer in · pension,0.0,25029.5
2814,1995-04-30,cash withdrawal · statement fee,14.6,25115.8
2814,1995-04-30,interest,0.0,25130.4
2814,1995-05-11,transfer out · household bill,2627.0,22488.8
2814,1995-05-13,transfer in · pension,0.0,27032.8
2814,1995-05-31,cash withdrawal · statement fee,14.6,27127.4
2814,1995-05-31,interest,0.0,27142.0
2814,1995-06-11,transfer out · household bill,2627.0,24500.4
2814,1995-06-13,transfer in · pension,0.0,29044.4
2814,1995-06-14,cash withdrawal,200.0,28844.4
2814,1995-06-22,cash withdrawal,13250.0,15594.4
2814,1995-06-30,cash withdrawal · statement fee,14.6,15680.3
2814,1995-06-30,interest,0.0,15694.9
2814,1995-07-11,transfer out · household bill,2627.0,13053.3
2814,1995-07-13,transfer in · pension,0.0,17597.3
2814,1995-07-31,cash withdrawal · statement fee,14.6,17652.6
2814,1995-07-31,interest,0.0,17667.2
2814,1995-08-11,transfer out · household bill,2627.0,15025.6
2814,1995-08-13,transfer in · pension,0.0,19569.6
2814,1995-08-27,cash withdrawal,1520.0,18049.6
2814,1995-08-31,cash withdrawal · statement fee,14.6,18112.1
2814,1995-08-31,interest,0.0,18126.7
2814,1995-09-09,cash withdrawal,3200.0,14912.1
2814,1995-09-11,transfer out · household bill,2627.0,12285.1
2814,1995-09-13,transfer in · pension,0.0,16829.1
2814,1995-09-30,cash withdrawal · statement fee,14.6,16884.7
2814,1995-09-30,interest,0.0,16899.3
2814,1995-10-11,transfer out · household bill,2627.0,14257.7
2814,1995-10-13,transfer in · pension,0.0,18801.7
2814,1995-10-31,cash withdrawal · statement fee,14.6,18861.9
2814,1995-10-31,interest,0.0,18876.5
2814,1995-11-11,transfer out · household bill,2627.0,16234.9
2814,1995-11-13,transfer in · pension,0.0,20778.9
2814,1995-11-30,cash withdrawal · statement fee,14.6,20847.2
2814,1995-11-30,interest,0.0,20861.8
2814,1995-12-11,transfer out · household bill,2627.0,18220.2
2814,1995-12-13,transfer in · pension,0.0,22764.2
2814,1995-12-28,cash withdrawal,1100.0,21664.2
2814,1995-12-31,cash withdrawal · statement fee,14.6,21740.2
2814,1995-12-31,interest,0.0,21754.8
2814,1996-01-01,cash withdrawal,480.0,19500.2
2814,1996-01-01,cash withdrawal,1760.0,19980.2
2814,1996-01-07,cash withdrawal,1040.0,18460.2
2814,1996-01-11,transfer out · household bill,2627.0,15833.2
2814,1996-01-13,transfer in · pension,0.0,20377.2
2814,1996-01-14,cash withdrawal,1680.0,18697.2
2814,1996-01-19,cash withdrawal,4450.0,14247.2
2814,1996-01-31,cash withdrawal · statement fee,14.6,14302.6
2814,1996-01-31,interest,0.0,14317.2
2814,1996-02-11,transfer out · household bill,2627.0,11675.6
2814,1996-02-13,transfer in · pension,0.0,16219.6
2814,1996-02-29,cash withdrawal · statement fee,14.6,16268.7
2814,1996-02-29,interest,0.0,16283.3
2814,1996-03-11,transfer out · household bill,2627.0,13641.7
2814,1996-03-13,transfer in · pension,0.0,18185.7
2814,1996-03-31,cash withdrawal · statement fee,14.6,18243.1
2814,1996-03-31,interest,0.0,18257.7
2814,1996-04-01,cash withdrawal,3680.0,14563.1
2814,1996-04-11,transfer out · household bill,2627.0,11936.1
2814,1996-04-13,transfer in · pension,0.0,16480.1
2814,1996-04-27,cash withdrawal,2000.0,14480.1
2814,1996-04-30,cash withdrawal · statement fee,14.6,14533.6
2814,1996-04-30,interest,0.0,14548.2
2814,1996-05-11,transfer out · household bill,2627.0,11906.6
2814,1996-05-13,transfer in · pension,0.0,16450.6
2814,1996-05-31,cash withdrawal · statement fee,14.6,16500.7
2814,1996-05-31,interest,0.0,16515.3
2814,1996-06-11,transfer out · household bill,2627.0,13873.7
2814,1996-06-13,transfer in · pension,0.0,18417.7
2814,1996-06-30,cash withdrawal · statement fee,14.6,18475.9
2814,1996-06-30,interest,0.0,18490.5
2814,1996-07-11,transfer out · household bill,2627.0,15848.9
2814,1996-07-13,transfer in · pension,0.0,20392.9
2814,1996-07-25,cash withdrawal,1360.0,19032.9
2814,1996-07-31,cash withdrawal · statement fee,14.6,19098.1
2814,1996-07-31,interest,0.0,19112.7
2814,1996-08-11,transfer out · household bill,2627.0,16471.1
2814,1996-08-13,transfer in · pension,0.0,21015.1
2814,1996-08-18,cash withdrawal,3520.0,17495.1
2814,1996-08-31,cash withdrawal · statement fee,14.6,17557.5
2814,1996-08-31,interest,0.0,17572.1
2814,1996-09-11,transfer out · household bill,2627.0,14930.5
2814,1996-09-13,transfer in · pension,0.0,19474.5
2814,1996-09-30,cash withdrawal · statement fee,14.6,19536.9
2814,1996-09-30,interest,0.0,19551.5
2814,1996-10-11,transfer out · household bill,2627.0,16909.9
2814,1996-10-13,transfer in · pension,0.0,21453.9
2814,1996-10-31,cash withdrawal · statement fee,14.6,21524.6
2814,1996-10-31,interest,0.0,21539.2
2814,1996-11-11,transfer out · household bill,2627.0,18897.6
2814,1996-11-13,transfer in · pension,0.0,23441.6
2814,1996-11-30,cash withdrawal · statement fee,14.6,23520.5
2814,1996-11-30,interest,0.0,23535.1
2814,1996-12-11,transfer out · household bill,2627.0,20893.5
2814,1996-12-13,transfer in · pension,0.0,25437.5
2814,1996-12-26,cash withdrawal,1250.0,24187.5
2814,1996-12-30,cash withdrawal,1440.0,22747.5
2814,1996-12-31,cash withdrawal · statement fee,14.6,22833.4
2814,1996-12-31,interest,0.0,22848.0
2814,1997-01-11,transfer out · household bill,2627.0,20206.4
2814,1997-01-11,cash withdrawal,1750.0,18456.4
2814,1997-01-13,transfer in · pension,0.0,23000.4
2814,1997-01-13,cash withdrawal,1680.0,21320.4
2814,1997-01-19,cash withdrawal,2880.0,18040.4
2814,1997-01-19,cash withdrawal,400.0,20920.4
2814,1997-01-22,cash withdrawal,1200.0,16840.4
2814,1997-01-24,cash withdrawal,1040.0,15800.4
2814,1997-01-31,cash withdrawal · statement fee,14.6,15868.8
2814,1997-01-31,interest,0.0,15883.4
2814,1997-02-11,transfer out · household bill,2627.0,13241.8
2814,1997-02-13,transfer in · pension,0.0,17785.8
2814,1997-02-28,cash withdrawal · statement fee,14.6,17840.7
2814,1997-02-28,interest,0.0,17855.3
2814,1997-03-11,transfer out · household bill,2627.0,15213.7
2814,1997-03-13,transfer in · pension,0.0,19757.7
2814,1997-03-31,cash withdrawal · statement fee,14.6,19821.1
2814,1997-03-31,interest,0.0,19835.7
2814,1997-04-11,transfer out · household bill,2627.0,17194.1
2814,1997-04-13,transfer in · pension,0.0,21738.1
2814,1997-04-30,cash withdrawal · statement fee,14.6,21809.6
2814,1997-04-30,interest,0.0,21824.2
2814,1997-05-11,transfer out · household bill,2627.0,19182.6
2814,1997-05-13,transfer in · pension,0.0,23726.6
2814,1997-05-31,cash withdrawal · statement fee,14.6,23806.5
2814,1997-05-31,interest,0.0,23821.1
2814,1997-06-02,cash withdrawal,1360.0,22446.5
2814,1997-06-11,transfer out · household bill,2627.0,19819.5
2814,1997-06-13,transfer in · pension,0.0,24363.5
2814,1997-06-17,cash withdrawal,6450.0,17913.5
2814,1997-06-30,cash withdrawal · statement fee,14.6,17984.4
2814,1997-06-30,interest,0.0,17999.0
2814,1997-07-11,transfer out · household bill,2627.0,15357.4
2814,1997-07-13,transfer in · pension,0.0,19901.4
2814,1997-07-31,cash withdrawal · statement fee,14.6,19965.2
2814,1997-07-31,interest,0.0,19979.8
2814,1997-08-06,cash withdrawal,2240.0,17725.2
2814,1997-08-11,transfer out · household bill,2627.0,15098.2
2814,1997-08-13,transfer in · pension,0.0,19642.2
2814,1997-08-31,cash withdrawal · statement fee,14.6,19707.1
2814,1997-08-31,interest,0.0,19721.7
2814,1997-09-11,transfer out · household bill,2627.0,17080.1
2814,1997-09-13,transfer in · pension,0.0,21624.1
2814,1997-09-30,cash withdrawal · statement fee,14.6,21694.9
2814,1997-09-30,interest,0.0,21709.5
2814,1997-10-11,transfer out · household bill,2627.0,19067.9
2814,1997-10-13,transfer in · pension,0.0,23611.9
2814,1997-10-31,cash withdrawal · statement fee,14.6,23690.9
2814,1997-10-31,interest,0.0,23705.5
2814,1997-11-11,transfer out · household bill,2627.0,21063.9
2814,1997-11-13,transfer in · pension,0.0,25607.9
2814,1997-11-30,cash withdrawal · statement fee,14.6,25695.1
2814,1997-11-30,interest,0.0,25709.7
2814,1997-12-11,transfer out · household bill,2627.0,23068.1
2814,1997-12-13,transfer in · pension,0.0,27612.1
2814,1997-12-14,cash withdrawal,500.0,27112.1
2814,1997-12-31,cash withdrawal · statement fee,14.6,27206.5
2814,1997-12-31,interest,0.0,27221.1
2814,1998-01-03,cash withdrawal,1040.0,26166.5
2814,1998-01-05,cash withdrawal,400.0,25766.5
2814,1998-01-09,cash withdrawal,2160.0,23606.5
2814,1998-01-11,transfer out · household bill,2627.0,20979.5
2814,1998-01-13,transfer in · pension,0.0,25523.5
2814,1998-01-13,cash withdrawal,800.0,24163.5
2814,1998-01-13,cash withdrawal,560.0,24963.5
2814,1998-01-14,cash withdrawal,720.0,23443.5
2814,1998-01-19,cash withdrawal,1120.0,22323.5
2814,1998-01-28,cash withdrawal,880.0,21443.5
2814,1998-01-31,cash withdrawal · statement fee,14.6,21525.2
2814,1998-01-31,interest,0.0,21539.8
2814,1998-02-11,transfer out · household bill,2627.0,18898.2
2814,1998-02-13,transfer in · pension,0.0,23442.2
2814,1998-02-28,cash withdrawal · statement fee,14.6,23520.0
2814,1998-02-28,interest,0.0,23534.6
2814,1998-03-11,transfer out · household bill,2627.0,20893.0
2814,1998-03-13,transfer in · pension,0.0,25437.0
2814,1998-03-31,cash withdrawal · statement fee,14.6,25523.3
2814,1998-03-31,interest,0.0,25537.9
2814,1998-04-11,transfer out · household bill,2627.0,22896.3
2814,1998-04-13,transfer in · pension,0.0,27440.3
2814,1998-04-30,cash withdrawal · statement fee,14.6,27534.8
2814,1998-04-30,interest,0.0,27549.4
2814,1998-05-11,transfer out · household bill,2627.0,24907.8
2814,1998-05-13,transfer in · pension,0.0,29451.8
2814,1998-05-31,cash withdrawal · statement fee,14.6,29554.7
2814,1998-05-31,interest,0.0,29569.3
2814,1998-06-06,cash withdrawal,3000.0,26554.7
2814,1998-06-11,transfer out · household bill,2627.0,23927.7
2814,1998-06-13,transfer in · pension,0.0,28471.7
2814,1998-06-30,cash withdrawal · statement fee,14.6,28573.8
2814,1998-06-30,interest,0.0,28588.4
2814,1998-07-11,transfer out · household bill,2627.0,25946.8
2814,1998-07-13,transfer in · pension,0.0,30490.8
2814,1998-07-31,cash withdrawal · statement fee,14.6,30597.9
2814,1998-07-31,interest,0.0,30612.5
2814,1998-08-11,transfer out · household bill,2627.0,27970.9
2814,1998-08-13,transfer in · pension,0.0,32514.9
2814,1998-08-31,cash withdrawal · statement fee,14.6,32630.3
2814,1998-08-31,interest,0.0,32644.9
2814,1998-09-11,transfer out · household bill,2627.0,30003.3
2814,1998-09-13,transfer in · pension,0.0,34547.3
2814,1998-09-30,cash withdrawal · statement fee,14.6,34671.1
2814,1998-09-30,interest,0.0,34685.7
2814,1998-10-07,cash withdrawal,3840.0,30831.1
2814,1998-10-11,transfer out · household bill,2627.0,28204.1
2814,1998-10-13,transfer in · pension,0.0,32748.1
2814,1998-10-20,cash withdrawal,3600.0,29148.1
2814,1998-10-31,cash withdrawal · statement fee,14.6,29263.0
2814,1998-10-31,interest,0.0,29277.6
2814,1998-11-11,transfer out · household bill,2627.0,26636.0
2814,1998-11-13,transfer in · pension,0.0,31180.0
2814,1998-11-20,cash withdrawal,560.0,30620.0
2814,1998-11-20,cash withdrawal,2400.0,28220.0
2814,1998-11-30,cash withdrawal · statement fee,14.6,28325.0
2814,1998-11-30,interest,0.0,28339.6
2814,1998-12-11,transfer out · household bill,2627.0,25698.0
2814,1998-12-13,transfer in · pension,0.0,30242.0
2814,1998-12-29,cash withdrawal,1250.0,28992.0
2814,1998-12-31,interest,0.0,29111.7
2944,1996-01-11,cash deposit,0.0,1000.0
2944,1996-01-13,cash deposit,0.0,6746.0
2944,1996-01-31,interest,0.0,6763.2
2944,1996-02-10,cash deposit,0.0,15063.2
2944,1996-02-13,cash deposit,0.0,20809.2
2944,1996-02-29,interest,0.0,20871.7
2944,1996-03-11,cash deposit,0.0,24171.7
2944,1996-03-13,cash deposit,0.0,29917.7
2944,1996-03-31,interest,0.0,30027.6
2944,1996-04-10,cash withdrawal,3900.0,26127.6
2944,1996-04-13,cash deposit,0.0,31873.6
2944,1996-04-30,interest,0.0,32003.2
2944,1996-05-10,cash withdrawal,1600.0,30403.2
2944,1996-05-13,cash deposit,0.0,36149.2
2944,1996-05-18,cash withdrawal,3840.0,32309.2
2944,1996-05-31,cash withdrawal · statement fee,14.6,32431.1
2944,1996-05-31,interest,0.0,32445.7
2944,1996-06-05,transfer out,615.0,31816.1
2944,1996-06-08,transfer out · household bill,2984.0,28832.1
2944,1996-06-09,cash withdrawal,4000.0,24832.1
2944,1996-06-13,cash deposit,0.0,33451.1
2944,1996-06-14,cash withdrawal,13440.0,20011.1
2944,1996-06-30,cash withdrawal · statement fee,14.6,20097.7
2944,1996-06-30,interest,0.0,20112.3
2944,1996-07-05,transfer out,615.0,19482.7
2944,1996-07-08,transfer out · household bill,2984.0,16498.7
2944,1996-07-09,cash deposit,0.0,20198.7
2944,1996-07-13,cash deposit,0.0,25944.7
2944,1996-07-31,cash withdrawal · statement fee,14.6,26028.3
2944,1996-07-31,interest,0.0,26042.9
2944,1996-08-05,transfer out,615.0,25413.3
2944,1996-08-08,transfer out · household bill,2984.0,23129.3
2944,1996-08-08,cash deposit,0.0,26113.3
2944,1996-08-13,cash deposit,0.0,28875.3
2944,1996-08-31,cash withdrawal · statement fee,14.6,28976.5
2944,1996-08-31,interest,0.0,28991.1
2944,1996-09-05,transfer out,615.0,28361.5
2944,1996-09-07,cash withdrawal,7000.0,21361.5
2944,1996-09-08,transfer out · household bill,2984.0,18377.5
2944,1996-09-13,cash deposit,0.0,24123.5
2944,1996-09-30,cash withdrawal · statement fee,14.6,24209.0
2944,1996-09-30,interest,0.0,24223.6
2944,1996-10-05,transfer out,615.0,23594.0
2944,1996-10-07,cash withdrawal,1700.0,21894.0
2944,1996-10-08,transfer out · household bill,2984.0,18910.0
2944,1996-10-13,cash deposit,0.0,24656.0
2944,1996-10-31,cash withdrawal · statement fee,14.6,24739.5
2944,1996-10-31,interest,0.0,24754.1
2944,1996-11-05,transfer out,615.0,24124.5
2944,1996-11-06,cash withdrawal,3400.0,20724.5
2944,1996-11-08,transfer out · household bill,2984.0,17740.5
2944,1996-11-13,cash deposit,0.0,23486.5
2944,1996-11-20,cash withdrawal,5160.0,18326.5
2944,1996-11-30,cash withdrawal · statement fee,14.6,18397.9
2944,1996-11-30,interest,0.0,18412.5
2944,1996-12-05,transfer out,615.0,17782.9
2944,1996-12-06,cash withdrawal,600.0,17182.9
2944,1996-12-08,transfer out · household bill,2984.0,14198.9
2944,1996-12-13,cash deposit,0.0,22817.9
2944,1996-12-23,cash withdrawal,2400.0,20417.9
2944,1996-12-30,cash withdrawal,5160.0,15257.9
2944,1996-12-31,cash withdrawal · statement fee,14.6,15323.8
2944,1996-12-31,interest,0.0,15338.4
2944,1997-01-02,cash withdrawal,600.0,14723.8
2944,1997-01-05,transfer out,615.0,19508.8
2944,1997-01-05,cash deposit,0.0,20123.8
2944,1997-01-07,cash withdrawal,3000.0,16508.8
2944,1997-01-08,transfer out · household bill,2984.0,13524.8
2944,1997-01-13,cash deposit,0.0,19270.8
2944,1997-01-13,cash withdrawal,960.0,18310.8
2944,1997-01-17,cash withdrawal,2400.0,15910.8
2944,1997-01-24,cash withdrawal,1440.0,14470.8
2944,1997-01-24,cash withdrawal,960.0,13510.8
2944,1997-01-31,cash withdrawal · statement fee,14.6,13560.4
2944,1997-01-31,interest,0.0,13575.0
2944,1997-02-04,cash deposit,0.0,14660.4
2944,1997-02-05,transfer out,615.0,14045.4
2944,1997-02-08,transfer out · household bill,2984.0,11061.4
2944,1997-02-13,cash deposit,0.0,16807.4
2944,1997-02-28,cash withdrawal · statement fee,14.6,16855.2
2944,1997-02-28,interest,0.0,16869.8
2944,1997-03-05,transfer out,615.0,16240.2
2944,1997-03-06,cash deposit,0.0,16640.2
2944,1997-03-08,transfer out · household bill,2984.0,13656.2
2944,1997-03-13,cash deposit,0.0,19402.2
2944,1997-03-31,cash withdrawal · statement fee,14.6,19462.0
2944,1997-03-31,interest,0.0,19476.6
2944,1997-04-05,transfer out,615.0,18847.0
2944,1997-04-05,cash withdrawal,1400.0,17447.0
2944,1997-04-08,transfer out · household bill,2984.0,14463.0
2944,1997-04-13,cash deposit,0.0,20209.0
2944,1997-04-30,cash withdrawal · statement fee,14.6,20273.5
2944,1997-04-30,interest,0.0,20288.1
2944,1997-05-04,cash withdrawal,5040.0,15233.5
2944,1997-05-05,transfer out,615.0,16918.5
2944,1997-05-05,cash deposit,0.0,17533.5
2944,1997-05-08,transfer out · household bill,2984.0,13934.5
2944,1997-05-13,cash deposit,0.0,19680.5
2944,1997-05-31,cash withdrawal · statement fee,14.6,19743.3
2944,1997-05-31,interest,0.0,19757.9
2944,1997-06-04,cash deposit,0.0,21243.3
2944,1997-06-05,transfer out,615.0,20628.3
2944,1997-06-08,transfer out · household bill,2984.0,17644.3
2944,1997-06-13,cash deposit,0.0,26263.3
2944,1997-06-30,cash withdrawal · statement fee,14.6,26345.9
2944,1997-06-30,interest,0.0,26360.5
2944,1997-07-04,cash deposit,0.0,26545.9
2944,1997-07-05,transfer out,615.0,25930.9
2944,1997-07-08,transfer out · household bill,2984.0,22946.9
2944,1997-07-13,cash deposit,0.0,28692.9
2944,1997-07-31,cash withdrawal · statement fee,14.6,28791.4
2944,1997-07-31,interest,0.0,28806.0
2944,1997-08-03,cash withdrawal,2900.0,25891.4
2944,1997-08-04,cash withdrawal,1200.0,24691.4
2944,1997-08-05,transfer out,615.0,24076.4
2944,1997-08-08,transfer out · household bill,2984.0,21092.4
2944,1997-08-13,cash deposit,0.0,26838.4
2944,1997-08-31,cash withdrawal,4440.0,22490.9
2944,1997-08-31,cash withdrawal · statement fee,14.6,26930.9
2944,1997-08-31,interest,0.0,26945.5
2944,1997-09-02,cash deposit,0.0,22590.9
2944,1997-09-05,transfer out,615.0,21975.9
2944,1997-09-08,transfer out · household bill,2984.0,18991.9
2944,1997-09-13,cash deposit,0.0,24737.9
2944,1997-09-30,cash withdrawal · statement fee,14.6,24822.2
2944,1997-09-30,interest,0.0,24836.8
2944,1997-10-02,cash deposit,0.0,28722.2
2944,1997-10-05,transfer out,615.0,28107.2
2944,1997-10-08,transfer out · household bill,2984.0,25123.2
2944,1997-10-13,cash deposit,0.0,30869.2
2944,1997-10-31,cash withdrawal · statement fee,14.6,30974.6
2944,1997-10-31,interest,0.0,30989.2
2944,1997-11-01,cash deposit,0.0,31374.6
2944,1997-11-05,transfer out,615.0,30759.6
2944,1997-11-08,transfer out · household bill,2984.0,27775.6
2944,1997-11-13,cash deposit,0.0,33521.6
2944,1997-11-13,cash withdrawal,1080.0,32441.6
2944,1997-11-30,cash withdrawal,5760.0,26799.6
2944,1997-11-30,cash withdrawal · statement fee,14.6,32559.6
2944,1997-11-30,interest,0.0,32574.2
2944,1997-12-01,cash deposit,0.0,31799.6
2944,1997-12-05,transfer out,615.0,31184.6
2944,1997-12-08,transfer out · household bill,2984.0,28200.6
2944,1997-12-13,cash deposit,0.0,36819.6
2944,1997-12-15,cash withdrawal,1120.0,35699.6
2944,1997-12-31,cash withdrawal · statement fee,14.6,37225.3
2944,1997-12-31,cash deposit,0.0,37239.9
2944,1997-12-31,interest,0.0,35839.9
2944,1998-01-05,transfer out,615.0,36610.3
2944,1998-01-08,transfer out · household bill,2984.0,33626.3
2944,1998-01-12,cash withdrawal,3480.0,30146.3
2944,1998-01-13,cash deposit,0.0,35892.3
2944,1998-01-16,cash withdrawal,2400.0,31812.3
2944,1998-01-16,cash withdrawal,1680.0,34212.3
2944,1998-01-21,cash withdrawal,2640.0,29172.3
2944,1998-01-26,cash withdrawal,1920.0,27252.3
2944,1998-01-29,cash withdrawal,2280.0,24972.3
2944,1998-01-30,cash deposit,0.0,36972.3
2944,1998-01-31,cash withdrawal · statement fee,14.6,37095.8
2944,1998-01-31,interest,0.0,37110.4
2944,1998-02-05,transfer out,615.0,36480.8
2944,1998-02-08,transfer out · household bill,2984.0,33496.8
2944,1998-02-13,cash deposit,0.0,39242.8
2944,1998-02-28,cash withdrawal · statement fee,14.6,39384.7
2944,1998-02-28,interest,0.0,39399.3
2944,1998-03-01,cash deposit,0.0,40584.7
2944,1998-03-05,transfer out,615.0,39969.7
2944,1998-03-08,transfer out · household bill,2984.0,36985.7
2944,1998-03-13,cash deposit,0.0,42731.7
2944,1998-03-31,cash withdrawal · statement fee,14.6,42887.8
2944,1998-03-31,cash withdrawal,2800.0,40087.8
2944,1998-03-31,interest,0.0,42902.4
2944,1998-04-05,transfer out,615.0,39472.8
2944,1998-04-08,transfer out · household bill,2984.0,36488.8
2944,1998-04-13,cash deposit,0.0,42234.8
2944,1998-04-30,cash withdrawal · statement fee,14.6,46592.8
2944,1998-04-30,cash deposit,0.0,46607.4
2944,1998-04-30,interest,0.0,42407.4
2944,1998-05-05,transfer out,615.0,45977.8
2944,1998-05-08,transfer out · household bill,2984.0,42993.8
2944,1998-05-13,cash deposit,0.0,48739.8
2944,1998-05-30,cash withdrawal,2400.0,46339.8
2944,1998-05-31,cash withdrawal · statement fee,14.6,46521.2
2944,1998-05-31,interest,0.0,46535.8
2944,1998-06-05,transfer out,615.0,45906.2
2944,1998-06-08,transfer out · household bill,2984.0,42922.2
2944,1998-06-13,cash deposit,0.0,51541.2
2944,1998-06-24,cash withdrawal,37600.0,13941.2
2944,1998-06-29,cash deposit,0.0,33941.2
2944,1998-06-30,cash withdrawal · statement fee,14.6,34098.8
2944,1998-06-30,interest,0.0,34113.4
2944,1998-07-05,transfer out,615.0,33483.8
2944,1998-07-08,transfer out · household bill,2984.0,30499.8
2944,1998-07-13,cash deposit,0.0,36245.8
2944,1998-07-29,cash deposit,0.0,40645.8
2944,1998-07-31,cash withdrawal · statement fee,14.6,40777.4
2944,1998-07-31,interest,0.0,40792.0
2944,1998-08-05,transfer out,615.0,40162.4
2944,1998-08-08,transfer out · household bill,2984.0,37178.4
2944,1998-08-13,cash deposit,0.0,42924.4
2944,1998-08-28,cash deposit,0.0,46324.4
2944,1998-08-31,cash withdrawal · statement fee,14.6,46483.8
2944,1998-08-31,interest,0.0,46498.4
2944,1998-09-05,transfer out,615.0,45868.8
2944,1998-09-08,transfer out · household bill,2984.0,41444.8
2944,1998-09-08,cash withdrawal,1440.0,44428.8
2944,1998-09-13,cash deposit,0.0,47190.8
2944,1998-09-27,cash withdrawal,500.0,46690.8
2944,1998-09-29,cash withdrawal,5280.0,41410.8
2944,1998-09-30,cash withdrawal · statement fee,14.6,41587.6
2944,1998-09-30,interest,0.0,41602.2
2944,1998-10-05,transfer out,615.0,40972.6
2944,1998-10-08,transfer out · household bill,2984.0,37988.6
2944,1998-10-13,cash deposit,0.0,43734.6
2944,1998-10-27,cash deposit,0.0,48434.6
2944,1998-10-31,cash withdrawal · statement fee,14.6,48598.6
2944,1998-10-31,interest,0.0,48613.2
2944,1998-11-05,transfer out,615.0,47983.6
2944,1998-11-08,transfer out · household bill,2984.0,44999.6
2944,1998-11-13,cash deposit,0.0,50745.6
2944,1998-11-26,cash withdrawal,100.0,50645.6
2944,1998-11-30,cash withdrawal · statement fee,14.6,50835.3
2944,1998-11-30,interest,0.0,50849.9
2944,1998-12-05,transfer out,615.0,50220.3
2944,1998-12-08,transfer out · household bill,2984.0,47236.3
2944,1998-12-13,cash deposit,0.0,55855.3
2944,1998-12-26,cash withdrawal,7200.0,48655.3
2944,1998-12-29,cash withdrawal,2400.0,46255.3
2944,1998-12-31,interest,0.0,46469.7
3071,1996-10-03,cash deposit,0.0,900.0
3071,1996-10-11,cash deposit,0.0,25166.0
3071,1996-10-31,interest,0.0,25237.0
3071,1996-11-02,cash deposit,0.0,26037.0
3071,1996-11-11,cash deposit,0.0,50303.0
3071,1996-11-30,interest,0.0,50477.7
3071,1996-12-02,cash withdrawal,10400.0,40077.7
3071,1996-12-11,cash deposit,0.0,76476.7
3071,1996-12-31,interest,0.0,76760.2
3071,1997-01-01,cash withdrawal,20100.0,56660.2
3071,1997-01-11,cash deposit,0.0,80926.2
3071,1997-01-31,cash withdrawal,26600.0,54653.8
3071,1997-01-31,interest,0.0,81253.8
3071,1997-02-11,cash deposit,0.0,78919.8
3071,1997-02-28,cash withdrawal · statement fee,14.6,79136.6
3071,1997-02-28,interest,0.0,79151.2
3071,1997-03-02,cash withdrawal,19300.0,59836.6
3071,1997-03-07,transfer out · household bill,5122.0,54714.6
3071,1997-03-07,transfer out,4268.0,50446.6
3071,1997-03-11,cash deposit,0.0,74712.6
3071,1997-03-31,cash withdrawal · statement fee,14.6,74999.8
3071,1997-03-31,interest,0.0,75014.4
3071,1997-04-01,cash withdrawal,18500.0,56499.8
3071,1997-04-07,transfer out · household bill,5122.0,51377.8
3071,1997-04-07,transfer out,4268.0,47109.8
3071,1997-04-11,cash deposit,0.0,71375.8
3071,1997-04-30,cash withdrawal · statement fee,14.6,71650.5
3071,1997-04-30,interest,0.0,71665.1
3071,1997-05-01,cash withdrawal,15500.0,56150.5
3071,1997-05-07,transfer out · household bill,5122.0,51028.5
3071,1997-05-07,transfer out,4268.0,46760.5
3071,1997-05-11,cash deposit,0.0,71026.5
3071,1997-05-31,cash withdrawal · statement fee,14.6,71293.7
3071,1997-05-31,cash withdrawal,11600.0,59693.7
3071,1997-05-31,interest,0.0,71308.3
3071,1997-06-07,transfer out · household bill,5122.0,54571.7
3071,1997-06-07,transfer out,4268.0,50303.7
3071,1997-06-11,cash deposit,0.0,86702.7
3071,1997-06-30,cash withdrawal · statement fee,14.6,67806.3
3071,1997-06-30,cash withdrawal,19200.0,67820.9
3071,1997-06-30,interest,0.0,87020.9
3071,1997-07-07,transfer out · household bill,5122.0,62684.3
3071,1997-07-07,transfer out,4268.0,58416.3
3071,1997-07-11,cash deposit,0.0,82682.3
3071,1997-07-30,cash withdrawal,18400.0,64282.3
3071,1997-07-31,cash withdrawal · statement fee,14.6,64582.1
3071,1997-07-31,interest,0.0,64596.7
3071,1997-08-07,transfer out · household bill,5122.0,55192.1
3071,1997-08-07,transfer out,4268.0,60314.1
3071,1997-08-11,cash deposit,0.0,79458.1
3071,1997-08-14,cash withdrawal,2160.0,77298.1
3071,1997-08-29,cash withdrawal,5280.0,72018.1
3071,1997-08-29,cash withdrawal,13500.0,58518.1
3071,1997-08-30,cash withdrawal,4080.0,54438.1
3071,1997-08-31,cash withdrawal · statement fee,14.6,54718.2
3071,1997-08-31,interest,0.0,54732.8
3071,1997-09-07,transfer out · household bill,5122.0,49596.2
3071,1997-09-07,transfer out,4268.0,45328.2
3071,1997-09-11,cash deposit,0.0,69594.2
3071,1997-09-28,cash withdrawal,12400.0,57194.2
3071,1997-09-30,cash withdrawal · statement fee,14.6,57438.3
3071,1997-09-30,interest,0.0,57452.9
3071,1997-10-07,transfer out · household bill,5122.0,52316.3
3071,1997-10-07,transfer out,4268.0,48048.3
3071,1997-10-11,cash deposit,0.0,72314.3
3071,1997-10-28,cash withdrawal,15500.0,56814.3
3071,1997-10-31,cash withdrawal · statement fee,14.6,57067.4
3071,1997-10-31,interest,0.0,57082.0
3071,1997-11-07,transfer out · household bill,5122.0,51945.4
3071,1997-11-07,transfer out,4268.0,47677.4
3071,1997-11-11,cash deposit,0.0,71943.4
3071,1997-11-27,cash withdrawal,13300.0,58643.4
3071,1997-11-30,cash withdrawal · statement fee,14.6,58895.0
3071,1997-11-30,interest,0.0,58909.6
3071,1997-12-07,transfer out · household bill,5122.0,49505.0
3071,1997-12-07,transfer out,4268.0,54627.0
3071,1997-12-11,cash deposit,0.0,85904.0
3071,1997-12-25,cash withdrawal,2560.0,83344.0
3071,1997-12-27,cash withdrawal,18900.0,64444.0
3071,1997-12-31,cash withdrawal · statement fee,14.6,64733.2
3071,1997-12-31,interest,0.0,64747.8
3071,1998-01-07,transfer out · household bill,5122.0,59611.2
3071,1998-01-07,transfer out,4268.0,55343.2
3071,1998-01-11,cash deposit,0.0,79609.2
3071,1998-01-26,cash withdrawal,16500.0,63109.2
3071,1998-01-31,cash withdrawal · statement fee,14.6,63387.5
3071,1998-01-31,interest,0.0,63402.1
3071,1998-02-07,transfer out · household bill,5122.0,58265.5
3071,1998-02-07,transfer out,4268.0,53997.5
3071,1998-02-11,cash deposit,0.0,78263.5
3071,1998-02-25,cash withdrawal,19000.0,59263.5
3071,1998-02-28,cash withdrawal · statement fee,14.6,59538.0
3071,1998-02-28,interest,0.0,59552.6
3071,1998-03-02,cash withdrawal,1080.0,58458.0
3071,1998-03-07,transfer out · household bill,5122.0,53336.0
3071,1998-03-07,transfer out,4268.0,49068.0
3071,1998-03-11,cash deposit,0.0,73334.0
3071,1998-03-27,cash withdrawal,17100.0,56234.0
3071,1998-03-31,cash withdrawal · statement fee,14.6,56491.0
3071,1998-03-31,interest,0.0,56505.6
3071,1998-04-07,transfer out · household bill,5122.0,51369.0
3071,1998-04-07,transfer out,4268.0,47101.0
3071,1998-04-11,cash deposit,0.0,71367.0
3071,1998-04-26,cash withdrawal,20000.0,51367.0
3071,1998-04-30,cash withdrawal · statement fee,14.6,51609.3
3071,1998-04-30,interest,0.0,51623.9
3071,1998-05-03,cash withdrawal,5880.0,45729.3
3071,1998-05-07,transfer out · household bill,5122.0,36339.3
3071,1998-05-07,transfer out,4268.0,41461.3
3071,1998-05-11,cash deposit,0.0,60605.3
3071,1998-05-26,cash withdrawal,15400.0,45205.3
3071,1998-05-31,cash withdrawal · statement fee,14.6,45412.5
3071,1998-05-31,interest,0.0,45427.1
3071,1998-06-07,transfer out · household bill,5122.0,40290.5
3071,1998-06-07,transfer out,4268.0,36022.5
3071,1998-06-11,cash deposit,0.0,72421.5
3071,1998-06-25,cash withdrawal,20600.0,51821.5
3071,1998-06-30,cash withdrawal · statement fee,14.6,52047.8
3071,1998-06-30,interest,0.0,52062.4
3071,1998-07-07,transfer out · household bill,5122.0,46925.8
3071,1998-07-07,transfer out,4268.0,42657.8
3071,1998-07-11,cash deposit,0.0,66923.8
3071,1998-07-25,cash withdrawal,14700.0,52223.8
3071,1998-07-31,cash withdrawal · statement fee,14.6,52450.6
3071,1998-07-31,interest,0.0,52465.2
3071,1998-08-07,transfer out · household bill,5122.0,47328.6
3071,1998-08-07,transfer out,4268.0,43060.6
3071,1998-08-11,cash deposit,0.0,67326.6
3071,1998-08-24,cash withdrawal,16700.0,50626.6
3071,1998-08-31,cash withdrawal · statement fee,14.6,50850.7
3071,1998-08-31,interest,0.0,50865.3
3071,1998-09-07,transfer out · household bill,5122.0,41460.7
3071,1998-09-07,transfer out,4268.0,46582.7
3071,1998-09-11,cash deposit,0.0,65726.7
3071,1998-09-23,cash withdrawal,16400.0,49326.7
3071,1998-09-30,cash withdrawal,1560.0,47997.9
3071,1998-09-30,cash withdrawal · statement fee,14.6,47983.3
3071,1998-09-30,interest,0.0,49557.9
3071,1998-10-07,transfer out · household bill,5122.0,36793.3
3071,1998-10-07,transfer out,4268.0,43715.3
3071,1998-10-07,cash withdrawal,1800.0,41915.3
3071,1998-10-11,cash deposit,0.0,61059.3
3071,1998-10-23,cash withdrawal,13300.0,47759.3
3071,1998-10-31,cash withdrawal · statement fee,14.6,47958.2
3071,1998-10-31,interest,0.0,47972.8
3071,1998-11-07,transfer out · household bill,5122.0,42836.2
3071,1998-11-07,transfer out,4268.0,38568.2
3071,1998-11-11,cash deposit,0.0,62834.2
3071,1998-11-22,cash withdrawal,14000.0,48834.2
3071,1998-11-30,cash withdrawal · statement fee,14.6,49036.6
3071,1998-11-30,interest,0.0,49051.2
3071,1998-12-07,transfer out · household bill,5122.0,39646.6
3071,1998-12-07,transfer out,4268.0,44768.6
3071,1998-12-11,cash deposit,0.0,76045.6
3071,1998-12-19,card withdrawal,3500.0,72545.6
3071,1998-12-31,interest,0.0,72813.5
3231,1995-04-18,cash deposit,0.0,800.0
3231,1995-05-12,transfer in · pension,0.0,6375.0
3231,1995-06-12,transfer in · pension,0.0,11950.0
3231,1995-07-12,transfer in · pension,0.0,17525.0
3231,1995-08-12,transfer in · pension,0.0,23100.0
3231,1995-08-16,cash withdrawal,900.0,22200.0
3231,1995-08-31,interest,0.0,22247.7
3231,1995-09-12,transfer in · pension,0.0,27822.7
3231,1995-09-15,cash withdrawal,3800.0,24022.7
3231,1995-09-30,cash withdrawal · statement fee,14.6,24104.7
3231,1995-09-30,interest,0.0,24119.3
3231,1995-10-09,transfer out · household bill,2636.0,21468.7
3231,1995-10-12,transfer in · pension,0.0,27043.7
3231,1995-10-15,cash withdrawal,300.0,26743.7
3231,1995-10-31,cash withdrawal · statement fee,14.6,26836.8
3231,1995-10-31,interest,0.0,26851.4
3231,1995-11-09,transfer out · household bill,2636.0,24200.8
3231,1995-11-12,transfer in · pension,0.0,29775.8
3231,1995-11-12,cash withdrawal,2400.0,27375.8
3231,1995-11-28,cash withdrawal,2960.0,24415.8
3231,1995-11-30,cash withdrawal · statement fee,14.6,24518.5
3231,1995-11-30,interest,0.0,24533.1
3231,1995-12-09,transfer out · household bill,2636.0,21882.5
3231,1995-12-12,transfer in · pension,0.0,27457.5
3231,1995-12-24,cash withdrawal,650.0,26807.5
3231,1995-12-31,cash withdrawal · statement fee,14.6,26902.2
3231,1995-12-31,interest,0.0,26916.8
3231,1996-01-09,transfer out · household bill,2636.0,24266.2
3231,1996-01-12,transfer in · pension,0.0,29841.2
3231,1996-01-13,cash withdrawal,3500.0,26341.2
3231,1996-01-31,cash withdrawal · statement fee,14.6,26437.7
3231,1996-01-31,interest,0.0,26452.3
3231,1996-02-09,transfer out · household bill,2636.0,23801.7
3231,1996-02-12,transfer in · pension,0.0,29376.7
3231,1996-02-12,cash withdrawal,2300.0,27076.7
3231,1996-02-23,cash withdrawal,3600.0,23476.7
3231,1996-02-29,cash withdrawal · statement fee,14.6,23570.2
3231,1996-02-29,interest,0.0,23584.8
3231,1996-03-09,transfer out · household bill,2636.0,20934.2
3231,1996-03-12,transfer in · pension,0.0,26509.2
3231,1996-03-13,cash withdrawal,400.0,26109.2
3231,1996-03-31,cash withdrawal · statement fee,14.6,26199.7
3231,1996-03-31,interest,0.0,26214.3
3231,1996-04-09,transfer out · household bill,2636.0,23563.7
3231,1996-04-12,transfer in · pension,0.0,29138.7
3231,1996-04-12,cash withdrawal,2200.0,26938.7
3231,1996-04-30,cash withdrawal · statement fee,14.6,27035.1
3231,1996-04-30,interest,0.0,27049.7
3231,1996-05-09,transfer out · household bill,2636.0,24399.1
3231,1996-05-12,transfer in · pension,0.0,29974.1
3231,1996-05-12,cash withdrawal,4400.0,25574.1
3231,1996-05-23,cash withdrawal,1200.0,24374.1
3231,1996-05-31,cash withdrawal · statement fee,14.6,24473.2
3231,1996-05-31,interest,0.0,24487.8
3231,1996-06-04,cash withdrawal,3520.0,20953.2
3231,1996-06-09,transfer out · household bill,2636.0,18317.2
3231,1996-06-11,cash withdrawal,800.0,17517.2
3231,1996-06-12,transfer in · pension,0.0,23092.2
3231,1996-06-28,cash withdrawal,9600.0,13492.2
3231,1996-06-30,cash withdrawal · statement fee,14.6,13569.2
3231,1996-06-30,interest,0.0,13583.8
3231,1996-07-09,transfer out · household bill,2636.0,10933.2
3231,1996-07-12,transfer in · pension,0.0,16508.2
3231,1996-07-31,cash withdrawal · statement fee,14.6,16557.9
3231,1996-07-31,interest,0.0,16572.5
3231,1996-08-09,transfer out · household bill,2636.0,13921.9
3231,1996-08-12,transfer in · pension,0.0,19496.9
3231,1996-08-31,cash withdrawal · statement fee,14.6,19559.1
3231,1996-08-31,interest,0.0,19573.7
3231,1996-09-09,transfer out · household bill,2636.0,16923.1
3231,1996-09-12,transfer in · pension,0.0,22498.1
3231,1996-09-30,cash withdrawal · statement fee,14.6,22572.6
3231,1996-09-30,interest,0.0,22587.2
3231,1996-10-09,transfer out · household bill,2636.0,19936.6
3231,1996-10-12,transfer in · pension,0.0,25511.6
3231,1996-10-31,cash withdrawal · statement fee,14.6,25598.8
3231,1996-10-31,interest,0.0,25613.4
3231,1996-11-08,cash withdrawal,2300.0,23298.8
3231,1996-11-09,transfer out · household bill,2636.0,20662.8
3231,1996-11-12,transfer in · pension,0.0,26237.8
3231,1996-11-24,cash withdrawal,2320.0,23917.8
3231,1996-11-30,cash withdrawal · statement fee,14.6,24007.0
3231,1996-11-30,interest,0.0,24021.6
3231,1996-12-07,cash withdrawal,3120.0,20887.0
3231,1996-12-08,cash withdrawal,1920.0,18967.0
3231,1996-12-09,transfer out · household bill,2636.0,16331.0
3231,1996-12-12,transfer in · pension,0.0,21906.0
3231,1996-12-18,cash withdrawal,300.0,21606.0
3231,1996-12-31,cash withdrawal · statement fee,14.6,21681.2
3231,1996-12-31,interest,0.0,21695.8
3231,1997-01-07,cash withdrawal,2300.0,19381.2
3231,1997-01-09,transfer out · household bill,2636.0,16745.2
3231,1997-01-12,transfer in · pension,0.0,22320.2
3231,1997-01-19,cash withdrawal,1040.0,21280.2
3231,1997-01-31,cash withdrawal · statement fee,14.6,21353.6
3231,1997-01-31,interest,0.0,21368.2
3231,1997-02-06,cash withdrawal,1200.0,20153.6
3231,1997-02-09,transfer out · household bill,2636.0,17517.6
3231,1997-02-12,transfer in · pension,0.0,23092.6
3231,1997-02-12,cash withdrawal,3280.0,19812.6
3231,1997-02-28,cash withdrawal · statement fee,14.6,19881.1
3231,1997-02-28,interest,0.0,19895.7
3231,1997-03-08,cash withdrawal,1300.0,18581.1
3231,1997-03-09,transfer out · household bill,2636.0,15945.1
3231,1997-03-12,transfer in · pension,0.0,21520.1
3231,1997-03-26,cash withdrawal,2480.0,19040.1
3231,1997-03-31,cash withdrawal · statement fee,14.6,19108.9
3231,1997-03-31,interest,0.0,19123.5
3231,1997-04-09,transfer out · household bill,2636.0,16472.9
3231,1997-04-12,transfer in · pension,0.0,22047.9
3231,1997-04-21,cash withdrawal,3120.0,18927.9
3231,1997-04-30,cash withdrawal · statement fee,14.6,18996.0
3231,1997-04-30,interest,0.0,19010.6
3231,1997-05-09,transfer out · household bill,2636.0,16360.0
3231,1997-05-12,transfer in · pension,0.0,21935.0
3231,1997-05-31,cash withdrawal · statement fee,14.6,22007.1
3231,1997-05-31,interest,0.0,22021.7
3231,1997-06-04,cash withdrawal,6700.0,15307.1
3231,1997-06-09,transfer out · household bill,2636.0,12671.1
3231,1997-06-12,transfer in · pension,0.0,18246.1
3231,1997-06-21,cash withdrawal,3520.0,14726.1
3231,1997-06-30,cash withdrawal · statement fee,14.6,14784.0
3231,1997-06-30,interest,0.0,14798.6
3231,1997-07-09,transfer out · household bill,2636.0,12148.0
3231,1997-07-12,transfer in · pension,0.0,17723.0
3231,1997-07-31,cash withdrawal · statement fee,14.6,17777.5
3231,1997-07-31,interest,0.0,17792.1
3231,1997-08-09,transfer out · household bill,2636.0,15141.5
3231,1997-08-09,cash withdrawal,2480.0,12661.5
3231,1997-08-12,transfer in · pension,0.0,18236.5
3231,1997-08-31,cash withdrawal · statement fee,14.6,18294.7
3231,1997-08-31,interest,0.0,18309.3
3231,1997-09-09,transfer out · household bill,2636.0,15658.7
3231,1997-09-12,transfer in · pension,0.0,21233.7
3231,1997-09-30,cash withdrawal · statement fee,14.6,21302.6
3231,1997-09-30,interest,0.0,21317.2
3231,1997-10-09,transfer out · household bill,2636.0,18666.6
3231,1997-10-12,transfer in · pension,0.0,24241.6
3231,1997-10-31,cash withdrawal · statement fee,14.6,24323.1
3231,1997-10-31,interest,0.0,24337.7
3231,1997-11-09,transfer out · household bill,2636.0,21687.1
3231,1997-11-12,transfer in · pension,0.0,27262.1
3231,1997-11-30,cash withdrawal · statement fee,14.6,27356.0
3231,1997-11-30,interest,0.0,27370.6
3231,1997-12-03,cash withdrawal,300.0,27056.0
3231,1997-12-07,cash withdrawal,2240.0,24816.0
3231,1997-12-09,transfer out · household bill,2636.0,22180.0
3231,1997-12-12,transfer in · pension,0.0,27755.0
3231,1997-12-12,cash withdrawal,500.0,27255.0
3231,1997-12-31,cash withdrawal · statement fee,14.6,27352.0
3231,1997-12-31,interest,0.0,27366.6
3231,1998-01-09,transfer out · household bill,2636.0,24716.0
3231,1998-01-12,transfer in · pension,0.0,30291.0
3231,1998-01-31,cash withdrawal · statement fee,14.6,30397.6
3231,1998-01-31,interest,0.0,30412.2
3231,1998-02-01,cash withdrawal,1300.0,29097.6
3231,1998-02-09,transfer out · household bill,2636.0,26461.6
3231,1998-02-12,transfer in · pension,0.0,32036.6
3231,1998-02-28,cash withdrawal · statement fee,14.6,32150.3
3231,1998-02-28,interest,0.0,32164.9
3231,1998-03-03,cash withdrawal,6300.0,25850.3
3231,1998-03-09,transfer out · household bill,2636.0,23214.3
3231,1998-03-12,transfer in · pension,0.0,28789.3
3231,1998-03-31,cash withdrawal · statement fee,14.6,28895.3
3231,1998-03-31,interest,0.0,28909.9
3231,1998-04-02,cash withdrawal,700.0,28195.3
3231,1998-04-09,transfer out · household bill,2636.0,25559.3
3231,1998-04-12,transfer in · pension,0.0,31134.3
3231,1998-04-30,cash withdrawal · statement fee,14.6,31243.8
3231,1998-04-30,interest,0.0,31258.4
3231,1998-05-09,transfer out · household bill,2636.0,28607.8
3231,1998-05-12,transfer in · pension,0.0,34182.8
3231,1998-05-23,cash withdrawal,1520.0,32662.8
3231,1998-05-31,cash withdrawal · statement fee,14.6,32783.6
3231,1998-05-31,interest,0.0,32798.2
3231,1998-06-01,cash withdrawal,3500.0,29283.6
3231,1998-06-09,transfer out · household bill,2636.0,26647.6
3231,1998-06-12,transfer in · pension,0.0,32222.6
3231,1998-06-15,cash withdrawal,5700.0,26522.6
3231,1998-06-30,cash withdrawal · statement fee,14.6,26627.0
3231,1998-06-30,interest,0.0,26641.6
3231,1998-07-09,transfer out · household bill,2636.0,23991.0
3231,1998-07-12,transfer in · pension,0.0,29566.0
3231,1998-07-31,cash withdrawal · statement fee,14.6,29669.2
3231,1998-07-31,cash withdrawal,600.0,29069.2
3231,1998-07-31,interest,0.0,29683.8
3231,1998-08-09,transfer out · household bill,2636.0,26433.2
3231,1998-08-12,transfer in · pension,0.0,32008.2
3231,1998-08-30,cash withdrawal,1400.0,30608.2
3231,1998-08-31,cash withdrawal · statement fee,14.6,30721.2
3231,1998-08-31,interest,0.0,30735.8
3231,1998-09-09,transfer out · household bill,2636.0,28085.2
3231,1998-09-12,transfer in · pension,0.0,33660.2
3231,1998-09-15,cash withdrawal,480.0,33180.2
3231,1998-09-29,cash withdrawal,6100.0,27080.2
3231,1998-09-30,cash withdrawal · statement fee,14.6,27197.6
3231,1998-09-30,interest,0.0,27212.2
3231,1998-10-09,transfer out · household bill,2636.0,24561.6
3231,1998-10-12,transfer in · pension,0.0,30136.6
3231,1998-10-31,cash withdrawal · statement fee,14.6,30242.1
3231,1998-10-31,interest,0.0,30256.7
3231,1998-11-09,transfer out · household bill,2636.0,27606.1
3231,1998-11-12,transfer in · pension,0.0,33181.1
3231,1998-11-24,cash withdrawal,400.0,32781.1
3231,1998-11-28,cash withdrawal,5400.0,27381.1
3231,1998-11-30,cash withdrawal · statement fee,14.6,27496.4
3231,1998-11-30,interest,0.0,27511.0
3231,1998-12-05,cash withdrawal,3840.0,23656.4
3231,1998-12-09,transfer out · household bill,2636.0,21020.4
3231,1998-12-12,transfer in · pension,0.0,26595.4
3231,1998-12-12,cash withdrawal,1100.0,25495.4
3231,1998-12-31,interest,0.0,25603.7
3285,1996-05-12,cash deposit,0.0,300.0
3285,1996-05-14,transfer in,0.0,3451.0
3285,1996-05-31,interest,0.0,3459.3
3285,1996-06-14,transfer in,0.0,6610.3
3285,1996-06-30,interest,0.0,6624.7
3285,1996-07-14,transfer in,0.0,9775.7
3285,1996-07-31,interest,0.0,9790.1
3285,1996-08-14,transfer in,0.0,12941.1
3285,1996-08-31,interest,0.0,12955.5
3285,1996-09-14,transfer in,0.0,16106.5
3285,1996-09-14,transfer out,2100.0,14006.5
3285,1996-09-30,cash withdrawal · statement fee,14.6,14035.8
3285,1996-09-30,interest,0.0,14050.4
3285,1996-10-02,cash withdrawal,600.0,13435.8
3285,1996-10-14,transfer in,0.0,16586.8
3285,1996-10-14,transfer out,2100.0,14486.8
3285,1996-10-31,cash withdrawal · statement fee,14.6,14531.8
3285,1996-10-31,interest,0.0,14546.4
3285,1996-11-09,cash withdrawal,570.0,13961.8
3285,1996-11-14,transfer in,0.0,17112.8
3285,1996-11-14,transfer out,2100.0,15012.8
3285,1996-11-30,cash withdrawal · statement fee,14.6,15059.9
3285,1996-11-30,interest,0.0,15074.5
3285,1996-12-14,transfer in,0.0,18210.9
3285,1996-12-14,transfer out,2100.0,16110.9
3285,1996-12-29,cash withdrawal,210.0,15900.9
3285,1996-12-31,cash withdrawal · statement fee,14.6,15955.7
3285,1996-12-31,interest,0.0,15970.3
3285,1997-01-05,cash withdrawal,150.0,15805.7
3285,1997-01-08,cash withdrawal,450.0,15355.7
3285,1997-01-10,cash withdrawal,660.0,14695.7
3285,1997-01-11,cash withdrawal,420.0,14275.7
3285,1997-01-14,transfer in,0.0,17426.7
3285,1997-01-14,transfer out,2100.0,15326.7
3285,1997-01-18,cash withdrawal,510.0,14816.7
3285,1997-01-25,cash withdrawal,780.0,14036.7
3285,1997-01-31,cash withdrawal · statement fee,14.6,14085.5
3285,1997-01-31,interest,0.0,14100.1
3285,1997-02-14,transfer in,0.0,17236.5
3285,1997-02-14,transfer out,2100.0,15136.5
3285,1997-02-28,cash withdrawal · statement fee,14.6,15187.3
3285,1997-02-28,interest,0.0,15201.9
3285,1997-03-14,transfer in,0.0,18338.3
3285,1997-03-14,transfer out,2100.0,16238.3
3285,1997-03-31,cash withdrawal · statement fee,14.6,16294.3
3285,1997-03-31,interest,0.0,16308.9
3285,1997-04-14,transfer in,0.0,19445.3
3285,1997-04-14,transfer out,2100.0,17345.3
3285,1997-04-30,cash withdrawal · statement fee,14.6,17405.7
3285,1997-04-30,interest,0.0,17420.3
3285,1997-05-14,transfer in,0.0,20556.7
3285,1997-05-14,transfer out,2100.0,18456.7
3285,1997-05-31,cash withdrawal · statement fee,14.6,18517.1
3285,1997-05-31,interest,0.0,18531.7
3285,1997-06-14,transfer in,0.0,21668.1
3285,1997-06-14,transfer out,2100.0,19568.1
3285,1997-06-30,cash withdrawal · statement fee,14.6,19637.8
3285,1997-06-30,interest,0.0,19652.4
3285,1997-07-14,transfer in,0.0,22788.8
3285,1997-07-14,transfer out,2100.0,20688.8
3285,1997-07-15,cash withdrawal,1440.0,19248.8
3285,1997-07-31,cash withdrawal · statement fee,14.6,19315.5
3285,1997-07-31,interest,0.0,19330.1
3285,1997-08-13,cash withdrawal,1350.0,17965.5
3285,1997-08-14,transfer in,0.0,21116.5
3285,1997-08-14,transfer out,2100.0,19016.5
3285,1997-08-31,cash withdrawal · statement fee,14.6,19081.6
3285,1997-08-31,interest,0.0,19096.2
3285,1997-09-14,transfer in,0.0,22232.6
3285,1997-09-14,transfer out,2100.0,20132.6
3285,1997-09-30,cash withdrawal · statement fee,14.6,20200.0
3285,1997-09-30,interest,0.0,20214.6
3285,1997-10-14,transfer in,0.0,23351.0
3285,1997-10-14,transfer out,2100.0,21251.0
3285,1997-10-31,cash withdrawal,840.0,20497.5
3285,1997-10-31,cash withdrawal · statement fee,14.6,20482.9
3285,1997-10-31,interest,0.0,21337.5
3285,1997-11-14,transfer in,0.0,23633.9
3285,1997-11-14,transfer out,2100.0,21533.9
3285,1997-11-30,cash withdrawal · statement fee,14.6,21611.7
3285,1997-11-30,interest,0.0,21626.3
3285,1997-12-14,transfer in,0.0,24762.7
3285,1997-12-14,transfer out,2100.0,22662.7
3285,1997-12-29,cash withdrawal,390.0,22272.7
3285,1997-12-31,cash withdrawal · statement fee,14.6,22350.5
3285,1997-12-31,interest,0.0,22365.1
3285,1998-01-04,cash withdrawal,330.0,22020.5
3285,1998-01-05,cash withdrawal,270.0,21090.5
3285,1998-01-05,cash withdrawal,660.0,21360.5
3285,1998-01-09,cash withdrawal,360.0,20730.5
3285,1998-01-14,transfer in,0.0,23881.5
3285,1998-01-14,transfer out,2100.0,21781.5
3285,1998-01-17,cash withdrawal,780.0,21001.5
3285,1998-01-20,cash withdrawal,720.0,20281.5
3285,1998-01-31,cash withdrawal · statement fee,14.6,20354.2
3285,1998-01-31,interest,0.0,20368.8
3285,1998-02-05,cash withdrawal,390.0,19964.2
3285,1998-02-14,transfer in,0.0,23115.2
3285,1998-02-14,transfer out,2100.0,21015.2
3285,1998-02-14,cash withdrawal,690.0,20325.2
3285,1998-02-28,cash withdrawal · statement fee,14.6,20395.2
3285,1998-02-28,interest,0.0,20409.8
3285,1998-03-14,transfer in,0.0,23546.2
3285,1998-03-14,transfer out,2100.0,21446.2
3285,1998-03-31,cash withdrawal · statement fee,14.6,21523.8
3285,1998-03-31,interest,0.0,21538.4
3285,1998-04-14,transfer in,0.0,24674.8
3285,1998-04-14,transfer out,2100.0,22574.8
3285,1998-04-30,cash withdrawal · statement fee,14.6,22656.9
3285,1998-04-30,interest,0.0,22671.5
3285,1998-05-04,cash withdrawal,870.0,21786.9
3285,1998-05-14,transfer in,0.0,24937.9
3285,1998-05-14,transfer out,2100.0,22837.9
3285,1998-05-31,cash withdrawal · statement fee,14.6,22918.0
3285,1998-05-31,interest,0.0,22932.6
3285,1998-06-14,transfer in,0.0,26069.0
3285,1998-06-14,transfer out,2100.0,23969.0
3285,1998-06-30,cash withdrawal · statement fee,14.6,24052.2
3285,1998-06-30,interest,0.0,24066.8
3285,1998-07-02,cash withdrawal,1140.0,22912.2
3285,1998-07-14,transfer in,0.0,26063.2
3285,1998-07-14,transfer out,2100.0,23963.2
3285,1998-07-31,cash withdrawal · statement fee,14.6,24048.4
3285,1998-07-31,interest,0.0,24063.0
3285,1998-08-08,cash withdrawal,1170.0,22878.4
3285,1998-08-14,transfer in,0.0,26029.4
3285,1998-08-14,transfer out,2100.0,23929.4
3285,1998-08-31,cash withdrawal · statement fee,14.6,24019.2
3285,1998-08-31,interest,0.0,24033.8
3285,1998-09-14,transfer in,0.0,27170.2
3285,1998-09-14,transfer out,2100.0,25070.2
3285,1998-09-30,cash withdrawal · statement fee,14.6,25157.9
3285,1998-09-30,interest,0.0,25172.5
3285,1998-10-14,transfer in,0.0,28308.9
3285,1998-10-14,transfer out,2100.0,26208.9
3285,1998-10-31,cash withdrawal · statement fee,14.6,26306.2
3285,1998-10-31,interest,0.0,26320.8
3285,1998-11-14,transfer in,0.0,29457.2
3285,1998-11-14,transfer out,2100.0,27357.2
3285,1998-11-18,cash withdrawal,1320.0,26037.2
3285,1998-11-30,cash withdrawal · statement fee,14.6,26133.2
3285,1998-11-30,interest,0.0,26147.8
3285,1998-12-14,transfer in,0.0,29284.2
3285,1998-12-14,transfer out,2100.0,27184.2
3285,1998-12-25,cash withdrawal,540.0,26644.2
3285,1998-12-31,interest,0.0,26754.7
3327,1993-04-16,cash deposit,0.0,1100.0
3327,1993-05-05,cash deposit,0.0,12021.0
3327,1993-05-16,cash deposit,0.0,16321.0
3327,1993-05-31,interest,0.0,16356.1
3327,1993-06-05,cash deposit,0.0,32738.1
3327,1993-06-15,cash withdrawal,3700.0,29038.1
3327,1993-06-30,interest,0.0,29134.3
3327,1993-07-05,cash deposit,0.0,40055.3
3327,1993-07-15,cash withdrawal,6600.0,33455.3
3327,1993-07-31,interest,0.0,33586.4
3327,1993-08-05,cash deposit,0.0,44507.4
3327,1993-08-14,cash withdrawal,11100.0,33407.4
3327,1993-08-31,interest,0.0,33546.7
3327,1993-09-05,cash deposit,0.0,44467.7
3327,1993-09-07,transfer out,4270.0,40197.7
3327,1993-09-09,transfer out · household bill,1923.0,38274.7
3327,1993-09-13,cash withdrawal,6300.0,31974.7
3327,1993-09-30,cash withdrawal · statement fee,14.6,32100.3
3327,1993-09-30,interest,0.0,32114.9
3327,1993-10-04,cash withdrawal,5640.0,26460.3
3327,1993-10-05,cash deposit,0.0,37381.3
3327,1993-10-07,transfer out,4270.0,33111.3
3327,1993-10-09,transfer out · household bill,1923.0,31188.3
3327,1993-10-13,cash withdrawal,3700.0,27488.3
3327,1993-10-31,cash withdrawal · statement fee,14.6,27596.9
3327,1993-10-31,interest,0.0,27611.5
3327,1993-11-05,cash deposit,0.0,38517.9
3327,1993-11-07,transfer out,4270.0,34247.9
3327,1993-11-09,transfer out · household bill,1923.0,32324.9
3327,1993-11-12,cash withdrawal,2600.0,29724.9
3327,1993-11-21,cash withdrawal,600.0,29124.9
3327,1993-11-30,cash withdrawal · statement fee,14.6,29233.9
3327,1993-11-30,interest,0.0,29248.5
3327,1993-12-05,cash deposit,0.0,45615.9
3327,1993-12-07,transfer out,4270.0,41345.9
3327,1993-12-09,transfer out · household bill,1923.0,39422.9
3327,1993-12-12,cash withdrawal,7100.0,32322.9
3327,1993-12-13,cash withdrawal,960.0,31362.9
3327,1993-12-31,cash withdrawal · statement fee,14.6,31483.3
3327,1993-12-31,interest,0.0,31497.9
3327,1994-01-04,cash withdrawal,2400.0,29083.3
3327,1994-01-05,cash deposit,0.0,40004.3
3327,1994-01-07,transfer out,4270.0,35734.3
3327,1994-01-09,transfer out · household bill,1923.0,33811.3
3327,1994-01-11,cash withdrawal,6700.0,27111.3
3327,1994-01-31,cash withdrawal · statement fee,14.6,27219.5
3327,1994-01-31,interest,0.0,27234.1
3327,1994-02-05,cash deposit,0.0,38140.5
3327,1994-02-07,transfer out,4270.0,33870.5
3327,1994-02-09,transfer out · household bill,1923.0,31947.5
3327,1994-02-10,cash withdrawal,2700.0,29247.5
3327,1994-02-28,cash withdrawal · statement fee,14.6,29354.7
3327,1994-02-28,interest,0.0,29369.3
3327,1994-03-05,cash deposit,0.0,40275.7
3327,1994-03-07,transfer out,4270.0,36005.7
3327,1994-03-09,transfer out · household bill,1923.0,34082.7
3327,1994-03-12,cash withdrawal,6100.0,27982.7
3327,1994-03-31,cash withdrawal · statement fee,14.6,28090.4
3327,1994-03-31,interest,0.0,28105.0
3327,1994-04-05,cash deposit,0.0,39011.4
3327,1994-04-07,transfer out,4270.0,34741.4
3327,1994-04-09,transfer out · household bill,1923.0,32818.4
3327,1994-04-11,cash withdrawal,1900.0,30918.4
3327,1994-04-30,cash withdrawal · statement fee,14.6,31031.7
3327,1994-04-30,interest,0.0,31046.3
3327,1994-05-05,cash deposit,0.0,41952.7
3327,1994-05-07,transfer out,4270.0,37682.7
3327,1994-05-09,transfer out · household bill,1923.0,35759.7
3327,1994-05-11,cash withdrawal,4100.0,31659.7
3327,1994-05-31,cash withdrawal · statement fee,14.6,31779.1
3327,1994-05-31,interest,0.0,31793.7
3327,1994-06-05,cash deposit,0.0,48161.1
3327,1994-06-07,transfer out,4270.0,43891.1
3327,1994-06-09,transfer out · household bill,1923.0,41968.1
3327,1994-06-10,cash withdrawal,7900.0,34068.1
3327,1994-06-30,cash withdrawal · statement fee,14.6,34197.3
3327,1994-06-30,interest,0.0,34211.9
3327,1994-07-05,cash deposit,0.0,45118.3
3327,1994-07-05,cash withdrawal,1560.0,43558.3
3327,1994-07-07,transfer out,4270.0,39288.3
3327,1994-07-09,transfer out · household bill,1923.0,37365.3
3327,1994-07-10,cash withdrawal,6100.0,31265.3
3327,1994-07-31,cash withdrawal,5280.0,26107.9
3327,1994-07-31,cash withdrawal · statement fee,14.6,31387.9
3327,1994-07-31,interest,0.0,31402.5
3327,1994-08-05,cash deposit,0.0,37028.9
3327,1994-08-07,transfer out,4270.0,32758.9
3327,1994-08-09,transfer out · household bill,1923.0,30835.9
3327,1994-08-09,cash withdrawal,4300.0,26535.9
3327,1994-08-17,cash withdrawal,2880.0,23655.9
3327,1994-08-31,cash withdrawal,2880.0,20881.4
3327,1994-08-31,cash withdrawal · statement fee,14.6,20866.8
3327,1994-08-31,interest,0.0,23761.4
3327,1994-09-05,cash deposit,0.0,31787.8
3327,1994-09-07,transfer out,4270.0,27517.8
3327,1994-09-08,cash withdrawal,1400.0,26117.8
3327,1994-09-09,transfer out · household bill,1923.0,24194.8
3327,1994-09-30,cash withdrawal · statement fee,14.6,24278.8
3327,1994-09-30,interest,0.0,24293.4
3327,1994-10-05,cash deposit,0.0,35199.8
3327,1994-10-07,transfer out,4270.0,30929.8
3327,1994-10-08,cash withdrawal,100.0,30829.8
3327,1994-10-09,transfer out · household bill,1923.0,28906.8
3327,1994-10-18,cash withdrawal,1920.0,26986.8
3327,1994-10-31,cash withdrawal · statement fee,14.6,27085.6
3327,1994-10-31,interest,0.0,27100.2
3327,1994-11-05,cash deposit,0.0,38006.6
3327,1994-11-07,transfer out,4270.0,33736.6
3327,1994-11-07,cash withdrawal,2000.0,31736.6
3327,1994-11-09,transfer out · household bill,1923.0,29813.6
3327,1994-11-30,cash withdrawal · statement fee,14.6,29921.7
3327,1994-11-30,interest,0.0,29936.3
3327,1994-12-05,cash deposit,0.0,46303.7
3327,1994-12-07,transfer out,4270.0,34233.7
3327,1994-12-07,cash withdrawal,7800.0,38503.7
3327,1994-12-09,transfer out · household bill,1923.0,32310.7
3327,1994-12-16,cash withdrawal,1120.0,31190.7
3327,1994-12-31,cash withdrawal · statement fee,14.6,31306.6
3327,1994-12-31,interest,0.0,31321.2
3327,1995-01-05,cash deposit,0.0,42227.6
3327,1995-01-06,cash withdrawal,7200.0,35027.6
3327,1995-01-07,transfer out,4270.0,30757.6
3327,1995-01-09,transfer out · household bill,1923.0,28834.6
3327,1995-01-11,cash withdrawal,12320.0,16514.6
3327,1995-01-31,cash withdrawal · statement fee,14.6,16588.0
3327,1995-01-31,interest,0.0,16602.6
3327,1995-02-05,cash deposit,0.0,27509.0
3327,1995-02-05,cash deposit,0.0,28109.0
3327,1995-02-07,transfer out,4270.0,23839.0
3327,1995-02-09,transfer out · household bill,1923.0,21916.0
3327,1995-02-16,cash withdrawal,3480.0,18436.0
3327,1995-02-28,cash withdrawal · statement fee,14.6,18504.6
3327,1995-02-28,interest,0.0,18519.2
3327,1995-03-05,cash deposit,0.0,29425.6
3327,1995-03-07,transfer out,4270.0,25355.6
3327,1995-03-07,cash deposit,0.0,29625.6
3327,1995-03-09,transfer out · household bill,1923.0,23432.6
3327,1995-03-10,cash withdrawal,840.0,22592.6
3327,1995-03-12,cash withdrawal,2400.0,20192.6
3327,1995-03-31,cash withdrawal · statement fee,14.6,20264.0
3327,1995-03-31,interest,0.0,20278.6
3327,1995-04-05,cash deposit,0.0,31185.0
3327,1995-04-06,cash withdrawal,2700.0,28485.0
3327,1995-04-07,transfer out,4270.0,24215.0
3327,1995-04-09,transfer out · household bill,1923.0,22292.0
3327,1995-04-30,cash withdrawal · statement fee,14.6,22369.8
3327,1995-04-30,interest,0.0,22384.4
3327,1995-05-05,cash deposit,0.0,33290.8
3327,1995-05-06,cash withdrawal,3000.0,30290.8
3327,1995-05-07,transfer out,4270.0,26020.8
3327,1995-05-09,transfer out · household bill,1923.0,24097.8
3327,1995-05-31,cash withdrawal · statement fee,14.6,24183.2
3327,1995-05-31,interest,0.0,24197.8
3327,1995-06-05,cash deposit,0.0,40565.2
3327,1995-06-05,cash withdrawal,5500.0,35065.2
3327,1995-06-07,transfer out,4270.0,30795.2
3327,1995-06-09,transfer out · household bill,1923.0,28872.2
3327,1995-06-30,cash withdrawal · statement fee,14.6,28978.5
3327,1995-06-30,interest,0.0,28993.1
3327,1995-07-05,cash deposit,0.0,39899.5
3327,1995-07-05,cash withdrawal,8100.0,31799.5
3327,1995-07-07,transfer out,4270.0,27529.5
3327,1995-07-09,transfer out · household bill,1923.0,25606.5
3327,1995-07-31,cash withdrawal · statement fee,14.6,25704.1
3327,1995-07-31,interest,0.0,25718.7
3327,1995-08-05,cash deposit,0.0,36625.1
3327,1995-08-07,transfer out,4270.0,32355.1
3327,1995-08-09,transfer out · household bill,1923.0,30432.1
3327,1995-08-17,cash withdrawal,1680.0,28752.1
3327,1995-08-31,cash withdrawal · statement fee,14.6,28857.0
3327,1995-08-31,interest,0.0,28871.6
3327,1995-09-03,cash withdrawal,1200.0,27657.0
3327,1995-09-05,cash deposit,0.0,38578.0
3327,1995-09-07,transfer out,4270.0,34308.0
3327,1995-09-09,transfer out · household bill,1923.0,32385.0
3327,1995-09-30,cash withdrawal · statement fee,14.6,32504.9
3327,1995-09-30,interest,0.0,32519.5
3327,1995-10-03,cash withdrawal,3400.0,29104.9
3327,1995-10-05,cash deposit,0.0,40025.9
3327,1995-10-07,transfer out,4270.0,35755.9
3327,1995-10-09,transfer out · household bill,1923.0,33832.9
3327,1995-10-31,cash withdrawal · statement fee,14.6,33959.9
3327,1995-10-31,interest,0.0,33974.5
3327,1995-11-02,cash withdrawal,3300.0,30659.9
3327,1995-11-05,cash deposit,0.0,41580.9
3327,1995-11-07,transfer out,4270.0,37310.9
3327,1995-11-09,transfer out · household bill,1923.0,35387.9
3327,1995-11-19,cash withdrawal,1560.0,33827.9
3327,1995-11-30,cash withdrawal · statement fee,14.6,33958.8
3327,1995-11-30,interest,0.0,33973.4
3327,1995-12-02,cash withdrawal,6800.0,27158.8
3327,1995-12-05,cash deposit,0.0,43540.8
3327,1995-12-07,transfer out,4270.0,39270.8
3327,1995-12-08,cash withdrawal,3480.0,35790.8
3327,1995-12-09,transfer out · household bill,1923.0,33867.8
3327,1995-12-18,cash withdrawal,3840.0,30027.8
3327,1995-12-31,cash withdrawal · statement fee,14.6,30149.8
3327,1995-12-31,interest,0.0,30164.4
3327,1996-01-01,cash withdrawal,4200.0,25949.8
3327,1996-01-05,cash deposit,0.0,36870.8
3327,1996-01-07,transfer out,4270.0,32600.8
3327,1996-01-09,transfer out · household bill,1923.0,30677.8
3327,1996-01-13,cash withdrawal,6400.0,24277.8
3327,1996-01-31,cash withdrawal · statement fee,14.6,27876.1
3327,1996-01-31,cash deposit,0.0,27890.7
3327,1996-01-31,interest,0.0,24390.7
3327,1996-02-05,cash deposit,0.0,38797.1
3327,1996-02-07,transfer out,4270.0,34527.1
3327,1996-02-09,transfer out · household bill,1923.0,32604.1
3327,1996-02-29,cash withdrawal · statement fee,14.6,32720.8
3327,1996-02-29,interest,0.0,32735.4
3327,1996-03-01,cash withdrawal,1500.0,31220.8
3327,1996-03-05,cash deposit,0.0,42141.8
3327,1996-03-07,transfer out,4270.0,37871.8
3327,1996-03-09,transfer out · household bill,1923.0,35948.8
3327,1996-03-31,cash withdrawal · statement fee,14.6,31182.7
3327,1996-03-31,cash withdrawal,4900.0,31197.3
3327,1996-03-31,interest,0.0,36097.3
3327,1996-04-05,cash deposit,0.0,42103.7
3327,1996-04-07,transfer out,4270.0,37833.7
3327,1996-04-09,transfer out · household bill,1923.0,35910.7
3327,1996-04-30,cash withdrawal · statement fee,14.6,36041.2
3327,1996-04-30,cash withdrawal,4300.0,31741.2
3327,1996-04-30,interest,0.0,36055.8
3327,1996-05-05,cash deposit,0.0,42662.2
3327,1996-05-07,transfer out,4270.0,38392.2
3327,1996-05-09,transfer out · household bill,1923.0,36469.2
3327,1996-05-30,cash withdrawal,6200.0,30269.2
3327,1996-05-31,cash withdrawal · statement fee,14.6,30403.8
3327,1996-05-31,interest,0.0,30418.4
3327,1996-06-05,cash deposit,0.0,46785.8
3327,1996-06-07,transfer out,4270.0,42515.8
3327,1996-06-09,transfer out · household bill,1923.0,40592.8
3327,1996-06-18,cash withdrawal,16800.0,23792.8
3327,1996-06-29,cash withdrawal,800.0,22992.8
3327,1996-06-30,cash withdrawal · statement fee,14.6,23107.6
3327,1996-06-30,interest,0.0,23122.2
3327,1996-07-05,cash deposit,0.0,34028.6
3327,1996-07-07,transfer out,4270.0,29758.6
3327,1996-07-09,transfer out · household bill,1923.0,27835.6
3327,1996-07-31,cash withdrawal · statement fee,14.6,27932.3
3327,1996-07-31,interest,0.0,27946.9
3327,1996-08-05,cash deposit,0.0,38853.3
3327,1996-08-06,cash withdrawal,3360.0,35493.3
3327,1996-08-07,transfer out,4270.0,31223.3
3327,1996-08-09,transfer out · household bill,1923.0,29300.3
3327,1996-08-28,cash withdrawal,1900.0,27400.3
3327,1996-08-31,cash withdrawal · statement fee,14.6,27505.7
3327,1996-08-31,interest,0.0,27520.3
3327,1996-09-05,cash deposit,0.0,38426.7
3327,1996-09-07,transfer out,4270.0,34156.7
3327,1996-09-09,transfer out · household bill,1923.0,32233.7
3327,1996-09-22,cash withdrawal,1440.0,30793.7
3327,1996-09-27,cash withdrawal,5500.0,25293.7
3327,1996-09-30,cash withdrawal · statement fee,14.6,25403.6
3327,1996-09-30,interest,0.0,25418.2
3327,1996-10-05,cash deposit,0.0,36324.6
3327,1996-10-07,transfer out,4270.0,28574.6
3327,1996-10-07,cash withdrawal,3480.0,32844.6
3327,1996-10-09,transfer out · household bill,1923.0,26651.6
3327,1996-10-27,cash withdrawal,2300.0,24351.6
3327,1996-10-31,cash withdrawal · statement fee,14.6,24444.4
3327,1996-10-31,interest,0.0,24459.0
3327,1996-11-05,cash deposit,0.0,35365.4
3327,1996-11-05,cash withdrawal,2880.0,32485.4
3327,1996-11-07,transfer out,4270.0,28215.4
3327,1996-11-09,transfer out · household bill,1923.0,26292.4
3327,1996-11-26,cash withdrawal,600.0,25692.4
3327,1996-11-30,cash withdrawal · statement fee,14.6,25786.5
3327,1996-11-30,interest,0.0,25801.1
3327,1996-12-01,cash withdrawal,3720.0,22066.5
3327,1996-12-05,cash deposit,0.0,38448.5
3327,1996-12-07,transfer out,4270.0,34178.5
3327,1996-12-07,cash withdrawal,4480.0,29698.5
3327,1996-12-09,transfer out · household bill,1923.0,27775.5
3327,1996-12-19,cash withdrawal,720.0,27055.5
3327,1996-12-26,cash withdrawal,3700.0,23355.5
3327,1996-12-31,cash withdrawal · statement fee,14.6,23454.2
3327,1996-12-31,interest,0.0,23468.8
3327,1997-01-05,cash deposit,0.0,34375.2
3327,1997-01-07,transfer out,4270.0,30105.2
3327,1997-01-09,transfer out · household bill,1923.0,28182.2
3327,1997-01-23,cash withdrawal,10080.0,18102.2
3327,1997-01-25,cash withdrawal,100.0,18002.2
3327,1997-01-31,cash withdrawal · statement fee,14.6,18087.6
3327,1997-01-31,interest,0.0,18102.2
3327,1997-02-05,cash deposit,0.0,29008.6
3327,1997-02-07,transfer out,4270.0,24738.6
3327,1997-02-09,transfer out · household bill,1923.0,22815.6
3327,1997-02-24,cash deposit,0.0,24915.6
3327,1997-02-28,cash withdrawal · statement fee,14.6,24992.0
3327,1997-02-28,interest,0.0,25006.6
3327,1997-03-05,cash deposit,0.0,35913.0
3327,1997-03-07,transfer out,4270.0,31643.0
3327,1997-03-09,transfer out · household bill,1923.0,24680.0
3327,1997-03-09,cash withdrawal,5040.0,26603.0
3327,1997-03-26,cash withdrawal,2000.0,22680.0
3327,1997-03-31,cash withdrawal · statement fee,14.6,22771.1
3327,1997-03-31,interest,0.0,22785.7
3327,1997-04-05,cash deposit,0.0,33692.1
3327,1997-04-07,transfer out,4270.0,29422.1
3327,1997-04-09,transfer out · household bill,1923.0,27499.1
3327,1997-04-25,cash withdrawal,300.0,27199.1
3327,1997-04-30,cash withdrawal · statement fee,14.6,27293.3
3327,1997-04-30,interest,0.0,27307.9
3327,1997-05-05,cash deposit,0.0,38214.3
3327,1997-05-07,transfer out,4270.0,33944.3
3327,1997-05-09,transfer out · household bill,1923.0,32021.3
3327,1997-05-11,cash withdrawal,5400.0,26621.3
3327,1997-05-25,cash withdrawal,2100.0,24521.3
3327,1997-05-31,cash withdrawal · statement fee,14.6,24617.4
3327,1997-05-31,interest,0.0,24632.0
3327,1997-06-05,cash deposit,0.0,40999.4
3327,1997-06-07,transfer out,4270.0,36729.4
3327,1997-06-09,transfer out · household bill,1923.0,34806.4
3327,1997-06-13,cash withdrawal,840.0,33966.4
3327,1997-06-24,cash deposit,0.0,35266.4
3327,1997-06-30,cash withdrawal · statement fee,14.6,35385.8
3327,1997-06-30,interest,0.0,35400.4
3327,1997-07-05,cash deposit,0.0,46306.8
3327,1997-07-07,transfer out,4270.0,42036.8
3327,1997-07-09,transfer out · household bill,1923.0,40113.8
3327,1997-07-24,cash withdrawal,700.0,39413.8
3327,1997-07-31,cash withdrawal · statement fee,14.6,39559.9
3327,1997-07-31,interest,0.0,39574.5
3327,1997-08-05,cash deposit,0.0,50480.9
3327,1997-08-07,transfer out,4270.0,46210.9
3327,1997-08-09,transfer out · household bill,1923.0,44287.9
3327,1997-08-23,cash withdrawal,3300.0,40987.9
3327,1997-08-31,cash withdrawal · statement fee,14.6,41148.0
3327,1997-08-31,interest,0.0,41162.6
3327,1997-09-05,cash deposit,0.0,52069.0
3327,1997-09-07,transfer out,4270.0,47799.0
3327,1997-09-09,transfer out · household bill,1923.0,45876.0
3327,1997-09-22,cash withdrawal,600.0,45276.0
3327,1997-09-30,cash withdrawal · statement fee,14.6,45445.9
3327,1997-09-30,interest,0.0,45460.5
3327,1997-10-05,cash deposit,0.0,56366.9
3327,1997-10-07,transfer out,4270.0,52096.9
3327,1997-10-09,transfer out · household bill,1923.0,50173.9
3327,1997-10-22,cash withdrawal,1300.0,48873.9
3327,1997-10-31,cash withdrawal · statement fee,14.6,49060.6
3327,1997-10-31,interest,0.0,49075.2
3327,1997-11-05,cash deposit,0.0,59981.6
3327,1997-11-07,transfer out,4270.0,55711.6
3327,1997-11-09,transfer out · household bill,1923.0,53788.6
3327,1997-11-21,cash withdrawal,400.0,53388.6
3327,1997-11-25,cash withdrawal,5760.0,47628.6
3327,1997-11-30,cash withdrawal · statement fee,14.6,47826.6
3327,1997-11-30,interest,0.0,47841.2
3327,1997-12-05,cash deposit,0.0,64208.6
3327,1997-12-07,transfer out,4270.0,59938.6
3327,1997-12-09,transfer out · household bill,1923.0,58015.6
3327,1997-12-10,cash withdrawal,1280.0,56735.6
3327,1997-12-21,cash withdrawal,6300.0,50435.6
3327,1997-12-31,cash withdrawal · statement fee,14.6,50639.1
3327,1997-12-31,interest,0.0,50653.7
3327,1998-01-03,cash withdrawal,4320.0,46319.1
3327,1998-01-05,cash deposit,0.0,57240.1
3327,1998-01-07,transfer out,4270.0,52970.1
3327,1998-01-09,transfer out · household bill,1923.0,51047.1
3327,1998-01-20,cash withdrawal,3300.0,47747.1
3327,1998-01-28,cash withdrawal,9280.0,38467.1
3327,1998-01-31,cash withdrawal · statement fee,14.6,38653.8
3327,1998-01-31,interest,0.0,38668.4
3327,1998-02-05,cash deposit,0.0,49574.8
3327,1998-02-07,transfer out,4270.0,45304.8
3327,1998-02-09,transfer out · household bill,1923.0,43381.8
3327,1998-02-19,cash deposit,0.0,46781.8
3327,1998-02-28,cash withdrawal · statement fee,14.6,46946.3
3327,1998-02-28,interest,0.0,46960.9
3327,1998-03-05,cash deposit,0.0,57867.3
3327,1998-03-07,transfer out,4270.0,53597.3
3327,1998-03-09,transfer out · household bill,1923.0,51674.3
3327,1998-03-21,cash deposit,0.0,55674.3
3327,1998-03-31,cash withdrawal · statement fee,14.6,55874.5
3327,1998-03-31,interest,0.0,55889.1
3327,1998-04-05,cash deposit,0.0,66795.5
3327,1998-04-07,transfer out,4270.0,62525.5
3327,1998-04-09,transfer out · household bill,1923.0,60602.5
3327,1998-04-20,cash withdrawal,2900.0,57702.5
3327,1998-04-30,cash withdrawal · statement fee,14.6,57929.2
3327,1998-04-30,interest,0.0,57943.8
3327,1998-05-05,cash deposit,0.0,68850.2
3327,1998-05-07,transfer out,4270.0,64580.2
3327,1998-05-09,transfer out · household bill,1923.0,62657.2
3327,1998-05-18,cash withdrawal,5880.0,56777.2
3327,1998-05-20,cash withdrawal,4600.0,52177.2
3327,1998-05-31,cash withdrawal · statement fee,14.6,52398.5
3327,1998-05-31,interest,0.0,52413.1
3327,1998-06-01,cash withdrawal,5760.0,46638.5
3327,1998-06-05,cash deposit,0.0,63020.5
3327,1998-06-07,transfer out,4270.0,58750.5
3327,1998-06-09,transfer out · household bill,1923.0,56827.5
3327,1998-06-18,cash withdrawal,13760.0,43067.5
3327,1998-06-19,cash deposit,0.0,51067.5
3327,1998-06-30,cash withdrawal · statement fee,14.6,51274.4
3327,1998-06-30,interest,0.0,51289.0
3327,1998-07-05,cash deposit,0.0,62195.4
3327,1998-07-07,transfer out,4270.0,57925.4
3327,1998-07-09,transfer out · household bill,1923.0,56002.4
3327,1998-07-19,cash withdrawal,100.0,55902.4
3327,1998-07-31,cash withdrawal · statement fee,14.6,56114.0
3327,1998-07-31,interest,0.0,56128.6
3327,1998-08-05,cash deposit,0.0,67035.0
3327,1998-08-07,transfer out,4270.0,62765.0
3327,1998-08-09,transfer out · household bill,1923.0,60842.0
3327,1998-08-18,cash withdrawal,2900.0,57942.0
3327,1998-08-31,cash withdrawal · statement fee,14.6,58168.3
3327,1998-08-31,interest,0.0,58182.9
3327,1998-09-05,cash deposit,0.0,69089.3
3327,1998-09-06,cash withdrawal,1920.0,67169.3
3327,1998-09-07,transfer out,4270.0,62899.3
3327,1998-09-09,transfer out · household bill,1923.0,60976.3
3327,1998-09-13,cash withdrawal,2880.0,58096.3
3327,1998-09-17,cash deposit,0.0,59396.3
3327,1998-09-18,cash withdrawal,3720.0,55676.3
3327,1998-09-22,cash withdrawal,4920.0,50756.3
3327,1998-09-30,cash withdrawal · statement fee,14.6,50973.7
3327,1998-09-30,interest,0.0,50988.3
3327,1998-10-05,cash deposit,0.0,61894.7
3327,1998-10-07,transfer out,4270.0,57624.7
3327,1998-10-09,transfer out · household bill,1923.0,55701.7
3327,1998-10-17,cash deposit,0.0,58601.7
3327,1998-10-31,cash withdrawal · statement fee,14.6,58817.7
3327,1998-10-31,interest,0.0,58832.3
3327,1998-11-05,cash deposit,0.0,69738.7
3327,1998-11-07,transfer out,4270.0,65468.7
3327,1998-11-09,transfer out · household bill,1923.0,63545.7
3327,1998-11-16,cash deposit,0.0,64745.7
3327,1998-11-18,cash withdrawal,3960.0,60785.7
3327,1998-11-30,cash withdrawal · statement fee,14.6,61023.6
3327,1998-11-30,interest,0.0,61038.2
3327,1998-12-05,cash deposit,0.0,77405.6
3327,1998-12-06,cash withdrawal,2240.0,75165.6
3327,1998-12-07,transfer out,4270.0,70895.6
3327,1998-12-09,transfer out · household bill,1923.0,68972.6
3327,1998-12-31,interest,0.0,69251.6
3375,1997-01-15,cash deposit,0.0,800.0
3375,1997-02-14,cash deposit,0.0,11694.0
3375,1997-02-14,cash deposit,0.0,18094.0
3375,1997-02-28,interest,0.0,18134.4
3375,1997-03-14,cash deposit,0.0,29028.4
3375,1997-03-16,cash withdrawal,700.0,28328.4
3375,1997-03-31,interest,0.0,28425.8
3375,1997-04-14,cash deposit,0.0,39319.8
3375,1997-04-15,cash withdrawal,10800.0,28519.8
3375,1997-04-30,interest,0.0,28638.2
3375,1997-05-14,cash deposit,0.0,39532.2
3375,1997-05-15,cash withdrawal,11400.0,28132.2
3375,1997-05-31,interest,0.0,28250.2
3375,1997-06-14,cash deposit,0.0,44591.2
3375,1997-06-14,cash withdrawal,10900.0,33691.2
3375,1997-06-28,cash withdrawal,29300.0,4391.2
3375,1997-06-30,cash withdrawal · statement fee,14.6,4515.9
3375,1997-06-30,interest,0.0,4530.5
3375,1997-07-14,cash deposit,0.0,20709.9
3375,1997-07-14,cash deposit,0.0,9815.9
3375,1997-07-31,cash withdrawal · statement fee,14.6,20753.3
3375,1997-07-31,interest,0.0,20767.9
3375,1997-08-13,cash deposit,0.0,23253.3
3375,1997-08-14,cash deposit,0.0,34147.3
3375,1997-08-27,cash withdrawal,1600.0,32547.3
3375,1997-08-31,cash withdrawal · statement fee,14.6,32650.5
3375,1997-08-31,interest,0.0,32665.1
3375,1997-09-14,cash deposit,0.0,43544.5
3375,1997-09-18,cash withdrawal,4700.0,38844.5
3375,1997-09-30,cash withdrawal · statement fee,14.6,38977.1
3375,1997-09-30,interest,0.0,38991.7
3375,1997-10-12,cash withdrawal,2700.0,36277.1
3375,1997-10-14,cash deposit,0.0,47171.1
3375,1997-10-31,cash withdrawal · statement fee,14.6,47338.7
3375,1997-10-31,interest,0.0,47353.3
3375,1997-11-11,cash withdrawal,2000.0,45338.7
3375,1997-11-14,cash deposit,0.0,56232.7
3375,1997-11-16,cash withdrawal,3100.0,53132.7
3375,1997-11-30,cash withdrawal · statement fee,14.6,53329.8
3375,1997-11-30,interest,0.0,53344.4
3375,1997-12-03,cash withdrawal,1300.0,52029.8
3375,1997-12-11,cash withdrawal,7200.0,44829.8
3375,1997-12-14,cash deposit,0.0,61170.8
3375,1997-12-31,cash withdrawal · statement fee,14.6,61393.9
3375,1997-12-31,interest,0.0,61408.5
3375,1998-01-03,cash withdrawal,1800.0,59593.9
3375,1998-01-04,cash withdrawal,5400.0,54193.9
3375,1998-01-08,cash withdrawal,700.0,53493.9
3375,1998-01-09,cash withdrawal,1600.0,51893.9
3375,1998-01-10,cash withdrawal,2200.0,49693.9
3375,1998-01-14,cash deposit,0.0,60587.9
3375,1998-01-15,cash withdrawal,800.0,59787.9
3375,1998-01-20,cash withdrawal,1000.0,58787.9
3375,1998-01-27,cash withdrawal,1400.0,57387.9
3375,1998-01-31,cash withdrawal · statement fee,14.6,57610.3
3375,1998-01-31,interest,0.0,57624.9
3375,1998-02-09,cash withdrawal,8700.0,48910.3
3375,1998-02-14,cash deposit,0.0,59804.3
3375,1998-02-28,cash withdrawal · statement fee,14.6,60034.5
3375,1998-02-28,interest,0.0,60049.1
3375,1998-03-11,cash withdrawal,4400.0,55634.5
3375,1998-03-11,cash withdrawal,4900.0,50734.5
3375,1998-03-14,cash deposit,0.0,61628.5
3375,1998-03-31,cash withdrawal · statement fee,14.6,61866.0
3375,1998-03-31,interest,0.0,61880.6
3375,1998-04-10,cash withdrawal,10000.0,51866.0
3375,1998-04-14,cash deposit,0.0,62760.0
3375,1998-04-30,cash withdrawal · statement fee,14.6,63005.1
3375,1998-04-30,interest,0.0,63019.7
3375,1998-05-10,cash withdrawal,8100.0,54905.1
3375,1998-05-14,cash deposit,0.0,65799.1
3375,1998-05-31,cash withdrawal · statement fee,14.6,66053.6
3375,1998-05-31,interest,0.0,66068.2
3375,1998-06-02,cash withdrawal,900.0,65153.6
3375,1998-06-07,cash withdrawal,13000.0,52153.6
3375,1998-06-09,cash withdrawal,2800.0,49353.6
3375,1998-06-14,cash deposit,0.0,65694.6
3375,1998-06-30,cash withdrawal · statement fee,14.6,65938.7
3375,1998-06-30,interest,0.0,65953.3
3375,1998-07-09,cash withdrawal,14300.0,51638.7
3375,1998-07-14,cash deposit,0.0,62532.7
3375,1998-07-31,cash withdrawal · statement fee,14.6,62784.3
3375,1998-07-31,interest,0.0,62798.9
3375,1998-08-08,cash withdrawal,10500.0,52284.3
3375,1998-08-14,cash deposit,0.0,63178.3
3375,1998-08-31,cash withdrawal · statement fee,14.6,63425.9
3375,1998-08-31,interest,0.0,63440.5
3375,1998-09-07,cash withdrawal,12100.0,51325.9
3375,1998-09-14,cash deposit,0.0,62219.9
3375,1998-09-30,cash withdrawal · statement fee,14.6,62466.3
3375,1998-09-30,interest,0.0,62480.9
3375,1998-10-07,cash withdrawal,13800.0,48666.3
3375,1998-10-14,cash deposit,0.0,59560.3
3375,1998-10-31,cash withdrawal · statement fee,14.6,59798.5
3375,1998-10-31,interest,0.0,59813.1
3375,1998-11-06,cash withdrawal,11700.0,48098.5
3375,1998-11-14,cash deposit,0.0,58992.5
3375,1998-11-30,cash withdrawal · statement fee,14.6,59224.7
3375,1998-11-30,interest,0.0,59239.3
3375,1998-12-06,cash withdrawal,14500.0,44724.7
3375,1998-12-14,cash deposit,0.0,61065.7
3375,1998-12-30,card withdrawal,600.0,60465.7
3375,1998-12-31,interest,0.0,60716.1
3405,1994-03-07,cash deposit,0.0,200.0
3405,1994-03-12,cash deposit,0.0,20682.0
3405,1994-03-31,interest,0.0,20737.6
3405,1994-04-06,cash deposit,0.0,22937.6
3405,1994-04-12,cash deposit,0.0,43419.6
3405,1994-04-30,interest,0.0,43565.8
3405,1994-05-06,cash withdrawal,10300.0,33265.8
3405,1994-05-12,cash deposit,0.0,53747.8
3405,1994-05-31,interest,0.0,53956.4
3405,1994-06-05,cash withdrawal,13100.0,40856.4
3405,1994-06-12,cash deposit,0.0,71579.4
3405,1994-06-30,interest,0.0,71850.4
3405,1994-07-05,cash withdrawal,24000.0,47850.4
3405,1994-07-12,cash deposit,0.0,68332.4
3405,1994-07-31,cash withdrawal · statement fee,14.6,68607.4
3405,1994-07-31,interest,0.0,68622.0
3405,1994-08-04,cash withdrawal,23200.0,45407.4
3405,1994-08-08,transfer out · household bill,7543.0,37864.4
3405,1994-08-12,cash deposit,0.0,58346.4
3405,1994-08-13,cash withdrawal,600.0,57746.4
3405,1994-08-31,cash withdrawal · statement fee,14.6,57972.0
3405,1994-08-31,interest,0.0,57986.6
3405,1994-09-03,cash withdrawal,16400.0,41572.0
3405,1994-09-08,transfer out · household bill,7543.0,34029.0
3405,1994-09-12,cash deposit,0.0,54511.0
3405,1994-09-19,cash withdrawal,1100.0,53411.0
3405,1994-09-30,cash withdrawal · statement fee,14.6,53613.7
3405,1994-09-30,interest,0.0,53628.3
3405,1994-10-03,cash withdrawal,12800.0,40813.7
3405,1994-10-08,transfer out · household bill,7543.0,33270.7
3405,1994-10-12,cash deposit,0.0,53752.7
3405,1994-10-31,cash withdrawal · statement fee,14.6,53950.9
3405,1994-10-31,interest,0.0,53965.5
3405,1994-11-02,cash withdrawal,11600.0,42350.9
3405,1994-11-07,cash withdrawal,2400.0,39950.9
3405,1994-11-08,transfer out · household bill,7543.0,32407.9
3405,1994-11-12,cash deposit,0.0,52889.9
3405,1994-11-30,cash withdrawal · statement fee,14.6,53083.3
3405,1994-11-30,interest,0.0,53097.9
3405,1994-12-02,cash withdrawal,11800.0,41283.3
3405,1994-12-08,transfer out · household bill,7543.0,33740.3
3405,1994-12-12,cash deposit,0.0,64463.3
3405,1994-12-22,cash withdrawal,1800.0,62663.3
3405,1994-12-31,cash withdrawal · statement fee,14.6,62887.5
3405,1994-12-31,interest,0.0,62902.1
3405,1995-01-01,cash withdrawal,17900.0,44987.5
3405,1995-01-02,cash withdrawal,2400.0,42587.5
3405,1995-01-04,cash withdrawal,800.0,41787.5
3405,1995-01-08,transfer out · household bill,7543.0,32044.5
3405,1995-01-08,cash withdrawal,700.0,39587.5
3405,1995-01-08,cash withdrawal,1500.0,40287.5
3405,1995-01-10,cash withdrawal,2100.0,29944.5
3405,1995-01-12,cash deposit,0.0,50426.5
3405,1995-01-17,cash withdrawal,2300.0,48126.5
3405,1995-01-31,cash withdrawal · statement fee,14.6,39402.6
3405,1995-01-31,cash withdrawal,8900.0,39417.2
3405,1995-01-31,interest,0.0,48317.2
3405,1995-02-08,transfer out · household bill,7543.0,31859.6
3405,1995-02-12,cash deposit,0.0,52341.6
3405,1995-02-28,cash withdrawal · statement fee,14.6,52523.8
3405,1995-02-28,interest,0.0,52538.4
3405,1995-03-02,cash withdrawal,13600.0,38923.8
3405,1995-03-08,transfer out · household bill,7543.0,31380.8
3405,1995-03-12,cash deposit,0.0,51862.8
3405,1995-03-31,cash withdrawal · statement fee,14.6,52053.7
3405,1995-03-31,interest,0.0,52068.3
3405,1995-04-01,cash withdrawal,12200.0,39853.7
3405,1995-04-08,transfer out · household bill,7543.0,32310.7
3405,1995-04-12,cash deposit,0.0,52792.7
3405,1995-04-30,cash withdrawal · statement fee,14.6,52985.7
3405,1995-04-30,interest,0.0,53000.3
3405,1995-05-01,cash withdrawal,11400.0,41585.7
3405,1995-05-08,transfer out · household bill,7543.0,34042.7
3405,1995-05-12,cash deposit,0.0,54524.7
3405,1995-05-31,cash withdrawal · statement fee,14.6,54722.6
3405,1995-05-31,cash withdrawal,14600.0,40122.6
3405,1995-05-31,interest,0.0,54737.2
3405,1995-06-08,transfer out · household bill,7543.0,32579.6
3405,1995-06-12,cash deposit,0.0,63302.6
3405,1995-06-17,cash withdrawal,4100.0,59202.6
3405,1995-06-30,cash withdrawal · statement fee,14.6,42305.6
3405,1995-06-30,cash withdrawal,17100.0,42320.2
3405,1995-06-30,interest,0.0,59420.2
3405,1995-07-04,cash withdrawal,1100.0,41205.6
3405,1995-07-08,transfer out · household bill,7543.0,33662.6
3405,1995-07-12,cash deposit,0.0,54144.6
3405,1995-07-30,cash withdrawal,14400.0,39744.6
3405,1995-07-31,cash withdrawal · statement fee,14.6,39929.2
3405,1995-07-31,interest,0.0,39943.8
3405,1995-08-08,transfer out · household bill,7543.0,32386.2
3405,1995-08-12,cash deposit,0.0,52868.2
3405,1995-08-29,cash withdrawal,11800.0,41068.2
3405,1995-08-31,cash withdrawal · statement fee,14.6,41249.6
3405,1995-08-31,interest,0.0,41264.2
3405,1995-09-08,transfer out · household bill,7543.0,33706.6
3405,1995-09-12,cash deposit,0.0,54188.6
3405,1995-09-21,cash withdrawal,3600.0,50588.6
3405,1995-09-28,cash withdrawal,13000.0,37588.6
3405,1995-09-30,cash withdrawal · statement fee,14.6,37769.0
3405,1995-09-30,interest,0.0,37783.6
3405,1995-10-08,transfer out · household bill,7543.0,30226.0
3405,1995-10-12,cash deposit,0.0,50708.0
3405,1995-10-28,cash withdrawal,10000.0,40708.0
3405,1995-10-31,cash withdrawal · statement fee,14.6,40879.6
3405,1995-10-31,interest,0.0,40894.2
3405,1995-11-08,transfer out · household bill,7543.0,33336.6
3405,1995-11-12,cash deposit,0.0,53818.6
3405,1995-11-27,cash withdrawal,2700.0,36718.6
3405,1995-11-27,cash withdrawal,14400.0,39418.6
3405,1995-11-30,cash withdrawal · statement fee,14.6,36899.5
3405,1995-11-30,interest,0.0,36914.1
3405,1995-12-08,transfer out · household bill,7543.0,29356.5
3405,1995-12-11,cash withdrawal,600.0,28756.5
3405,1995-12-11,cash withdrawal,4300.0,24456.5
3405,1995-12-12,cash deposit,0.0,55179.5
3405,1995-12-27,cash withdrawal,15400.0,39779.5
3405,1995-12-31,cash withdrawal · statement fee,14.6,39955.6
3405,1995-12-31,interest,0.0,39970.2
3405,1996-01-02,cash withdrawal,2400.0,37555.6
3405,1996-01-08,transfer out · household bill,7543.0,27912.6
3405,1996-01-08,cash withdrawal,2100.0,35455.6
3405,1996-01-12,cash deposit,0.0,48394.6
3405,1996-01-13,cash withdrawal,2700.0,45694.6
3405,1996-01-14,cash withdrawal,800.0,44894.6
3405,1996-01-16,cash withdrawal,1800.0,43094.6
3405,1996-01-17,cash withdrawal,600.0,42494.6
3405,1996-01-26,cash withdrawal,8100.0,34394.6
3405,1996-01-29,cash withdrawal,1000.0,33394.6
3405,1996-01-31,cash withdrawal · statement fee,14.6,33545.1
3405,1996-01-31,interest,0.0,33559.7
3405,1996-02-08,transfer out · household bill,7543.0,26002.1
3405,1996-02-12,cash deposit,0.0,46484.1
3405,1996-02-25,cash withdrawal,12800.0,33684.1
3405,1996-02-29,cash withdrawal · statement fee,14.6,33832.7
3405,1996-02-29,interest,0.0,33847.3
3405,1996-03-08,transfer out · household bill,7543.0,26289.7
3405,1996-03-12,cash deposit,0.0,46771.7
3405,1996-03-26,cash withdrawal,9400.0,37371.7
3405,1996-03-31,cash withdrawal · statement fee,14.6,37524.3
3405,1996-03-31,interest,0.0,37538.9
3405,1996-04-08,transfer out · household bill,7543.0,29981.3
3405,1996-04-12,cash deposit,0.0,50463.3
3405,1996-04-25,cash withdrawal,13300.0,37163.3
3405,1996-04-30,cash withdrawal · statement fee,14.6,37327.1
3405,1996-04-30,interest,0.0,37341.7
3405,1996-05-08,transfer out · household bill,7543.0,29784.1
3405,1996-05-12,cash deposit,0.0,50266.1
3405,1996-05-25,cash withdrawal,12200.0,38066.1
3405,1996-05-31,cash withdrawal,700.0,37543.7
3405,1996-05-31,cash withdrawal · statement fee,14.6,37529.1
3405,1996-05-31,interest,0.0,38243.7
3405,1996-06-08,transfer out · household bill,7543.0,29986.1
3405,1996-06-12,cash deposit,0.0,60709.1
3405,1996-06-24,cash withdrawal,21200.0,39509.1
3405,1996-06-30,cash withdrawal · statement fee,14.6,39690.3
3405,1996-06-30,interest,0.0,39704.9
3405,1996-07-08,transfer out · household bill,7543.0,32147.3
3405,1996-07-12,cash deposit,0.0,52629.3
3405,1996-07-24,cash withdrawal,16300.0,36329.3
3405,1996-07-31,cash withdrawal · statement fee,14.6,36496.0
3405,1996-07-31,interest,0.0,36510.6
3405,1996-08-08,transfer out · household bill,7543.0,28953.0
3405,1996-08-12,cash deposit,0.0,49435.0
3405,1996-08-23,cash withdrawal,13800.0,35635.0
3405,1996-08-30,card withdrawal,800.0,34835.0
3405,1996-08-31,cash withdrawal · statement fee,14.6,34989.0
3405,1996-08-31,interest,0.0,35003.6
3405,1996-09-08,transfer out · household bill,7543.0,27446.0
3405,1996-09-12,cash deposit,0.0,47928.0
3405,1996-09-17,card withdrawal,3700.0,44228.0
3405,1996-09-22,cash withdrawal,11300.0,32928.0
3405,1996-09-30,cash withdrawal · statement fee,14.6,33070.5
3405,1996-09-30,interest,0.0,33085.1
3405,1996-10-05,card withdrawal,1600.0,31470.5
3405,1996-10-08,transfer out · household bill,7543.0,23927.5
3405,1996-10-12,cash deposit,0.0,44409.5
3405,1996-10-22,cash withdrawal,7600.0,36809.5
3405,1996-10-30,card withdrawal,1400.0,35409.5
3405,1996-10-31,cash withdrawal · statement fee,14.6,35546.1
3405,1996-10-31,interest,0.0,35560.7
3405,1996-11-08,transfer out · household bill,7543.0,28003.1
3405,1996-11-12,cash deposit,0.0,48485.1
3405,1996-11-21,cash withdrawal,13100.0,35385.1
3405,1996-11-30,cash withdrawal · statement fee,14.6,35532.9
3405,1996-11-30,interest,0.0,35547.5
3405,1996-12-08,transfer out · household bill,7543.0,27989.9
3405,1996-12-12,cash deposit,0.0,58712.9
3405,1996-12-21,cash withdrawal,19500.0,39212.9
3405,1996-12-28,card withdrawal,2000.0,37212.9
3405,1996-12-31,cash withdrawal · statement fee,14.6,37377.0
3405,1996-12-31,interest,0.0,37391.6
3405,1997-01-01,card withdrawal,900.0,36477.0
3405,1997-01-08,transfer out · household bill,7543.0,28934.0
3405,1997-01-09,card withdrawal,1600.0,27334.0
3405,1997-01-11,card withdrawal,2400.0,24934.0
3405,1997-01-12,cash deposit,0.0,45416.0
3405,1997-01-12,card withdrawal,3400.0,42016.0
3405,1997-01-14,card withdrawal,800.0,41216.0
3405,1997-01-18,card withdrawal,1400.0,39816.0
3405,1997-01-20,cash withdrawal,6900.0,32916.0
3405,1997-01-22,card withdrawal,2800.0,30116.0
3405,1997-01-31,cash withdrawal · statement fee,14.6,30242.7
3405,1997-01-31,interest,0.0,30257.3
3405,1997-02-08,transfer out · household bill,7543.0,22699.7
3405,1997-02-12,cash deposit,0.0,43181.7
3405,1997-02-19,cash withdrawal,5500.0,37681.7
3405,1997-02-28,cash withdrawal · statement fee,14.6,37815.7
3405,1997-02-28,interest,0.0,37830.3
3405,1997-03-08,transfer out · household bill,7543.0,30272.7
3405,1997-03-12,cash deposit,0.0,50754.7
3405,1997-03-21,cash withdrawal,9200.0,41554.7
3405,1997-03-31,cash withdrawal · statement fee,14.6,41716.8
3405,1997-03-31,interest,0.0,41731.4
3405,1997-04-08,transfer out · household bill,7543.0,34173.8
3405,1997-04-12,cash deposit,0.0,54655.8
3405,1997-04-20,cash withdrawal,15100.0,39555.8
3405,1997-04-30,cash withdrawal · statement fee,14.6,39723.9
3405,1997-04-30,interest,0.0,39738.5
3405,1997-05-08,transfer out · household bill,7543.0,32180.9
3405,1997-05-12,cash deposit,0.0,52662.9
3405,1997-05-20,cash withdrawal,8500.0,44162.9
3405,1997-05-31,cash withdrawal · statement fee,14.6,44332.5
3405,1997-05-31,interest,0.0,44347.1
3405,1997-06-08,transfer out · household bill,7543.0,36789.5
3405,1997-06-12,cash deposit,0.0,67512.5
3405,1997-06-19,cash withdrawal,21600.0,45912.5
3405,1997-06-26,card withdrawal,1500.0,44412.5
3405,1997-06-30,cash withdrawal · statement fee,14.6,44604.4
3405,1997-06-30,interest,0.0,44619.0
3405,1997-07-08,transfer out · household bill,7543.0,37061.4
3405,1997-07-12,cash deposit,0.0,57543.4
3405,1997-07-19,cash withdrawal,14800.0,42743.4
3405,1997-07-31,cash withdrawal · statement fee,14.6,42921.0
3405,1997-07-31,interest,0.0,42935.6
3405,1997-08-05,card withdrawal,3600.0,39321.0
3405,1997-08-08,transfer out · household bill,7543.0,31778.0
3405,1997-08-12,cash deposit,0.0,52260.0
3405,1997-08-18,cash withdrawal,13800.0,38460.0
3405,1997-08-31,cash withdrawal · statement fee,14.6,38614.7
3405,1997-08-31,interest,0.0,38629.3
3405,1997-09-08,transfer out · household bill,7543.0,31071.7
3405,1997-09-12,cash deposit,0.0,51553.7
3405,1997-09-17,cash withdrawal,9200.0,42353.7
3405,1997-09-30,cash withdrawal · statement fee,14.6,42513.5
3405,1997-09-30,interest,0.0,42528.1
3405,1997-10-08,transfer out · household bill,7543.0,34970.5
3405,1997-10-12,cash deposit,0.0,55452.5
3405,1997-10-17,cash withdrawal,13200.0,42252.5
3405,1997-10-31,cash withdrawal · statement fee,14.6,42420.3
3405,1997-10-31,interest,0.0,42434.9
3405,1997-11-08,transfer out · household bill,7543.0,34877.3
3405,1997-11-12,cash deposit,0.0,55359.3
3405,1997-11-14,card withdrawal,1000.0,54359.3
3405,1997-11-16,cash withdrawal,13800.0,40559.3
3405,1997-11-27,card withdrawal,3700.0,36859.3
3405,1997-11-30,cash withdrawal · statement fee,14.6,37019.4
3405,1997-11-30,interest,0.0,37034.0
3405,1997-12-08,transfer out · household bill,7543.0,29476.4
3405,1997-12-12,cash deposit,0.0,60199.4
3405,1997-12-16,cash withdrawal,12900.0,47299.4
3405,1997-12-19,card withdrawal,1100.0,46199.4
3405,1997-12-31,cash withdrawal · statement fee,14.6,46368.5
3405,1997-12-31,interest,0.0,46383.1
3405,1998-01-08,transfer out · household bill,7543.0,37525.5
3405,1998-01-08,card withdrawal,1300.0,45068.5
3405,1998-01-09,card withdrawal,2800.0,34725.5
3405,1998-01-12,cash deposit,0.0,55207.5
3405,1998-01-15,cash withdrawal,13500.0,41707.5
3405,1998-01-19,card withdrawal,1400.0,40307.5
3405,1998-01-20,card withdrawal,1000.0,39307.5
3405,1998-01-24,card withdrawal,2500.0,36807.5
3405,1998-01-28,card withdrawal,1000.0,35807.5
3405,1998-01-29,card withdrawal,2900.0,32907.5
3405,1998-01-31,cash withdrawal · statement fee,14.6,33061.4
3405,1998-01-31,interest,0.0,33076.0
3405,1998-02-08,transfer out · household bill,7543.0,25518.4
3405,1998-02-12,cash deposit,0.0,46000.4
3405,1998-02-14,cash withdrawal,6700.0,39300.4
3405,1998-02-28,cash withdrawal · statement fee,14.6,39437.9
3405,1998-02-28,interest,0.0,39452.5
3405,1998-03-08,transfer out · household bill,7543.0,31894.9
3405,1998-03-12,cash deposit,0.0,52376.9
3405,1998-03-16,cash withdrawal,8500.0,43876.9
3405,1998-03-31,cash withdrawal · statement fee,14.6,44039.5
3405,1998-03-31,interest,0.0,44054.1
3405,1998-04-08,transfer out · household bill,7543.0,36496.5
3405,1998-04-12,cash deposit,0.0,56978.5
3405,1998-04-15,cash withdrawal,13300.0,43678.5
3405,1998-04-30,cash withdrawal · statement fee,14.6,43848.3
3405,1998-04-30,interest,0.0,43862.9
3405,1998-05-08,transfer out · household bill,7543.0,36305.3
3405,1998-05-11,card withdrawal,2600.0,33705.3
3405,1998-05-12,cash deposit,0.0,54187.3
3405,1998-05-15,cash withdrawal,15000.0,39187.3
3405,1998-05-31,cash withdrawal · statement fee,14.6,39343.6
3405,1998-05-31,interest,0.0,39358.2
3405,1998-06-08,transfer out · household bill,7543.0,31800.6
3405,1998-06-12,cash deposit,0.0,62523.6
3405,1998-06-14,cash withdrawal,13600.0,48923.6
3405,1998-06-30,cash withdrawal · statement fee,14.6,49098.0
3405,1998-06-30,interest,0.0,49112.6
3405,1998-07-01,card withdrawal,3100.0,45998.0
3405,1998-07-08,transfer out · household bill,7543.0,38455.0
3405,1998-07-12,cash deposit,0.0,58937.0
3405,1998-07-14,cash withdrawal,14000.0,44937.0
3405,1998-07-24,card withdrawal,3800.0,41137.0
3405,1998-07-25,card withdrawal,2000.0,39137.0
3405,1998-07-31,cash withdrawal · statement fee,14.6,39303.7
3405,1998-07-31,interest,0.0,39318.3
3405,1998-08-08,transfer out · household bill,7543.0,31760.7
3405,1998-08-12,cash deposit,0.0,52242.7
3405,1998-08-13,cash withdrawal,11700.0,40542.7
3405,1998-08-31,cash withdrawal · statement fee,14.6,40692.5
3405,1998-08-31,interest,0.0,40707.1
3405,1998-09-03,cash withdrawal,4500.0,36192.5
3405,1998-09-08,transfer out · household bill,7543.0,28649.5
3405,1998-09-12,cash deposit,0.0,49131.5
3405,1998-09-12,cash withdrawal,11900.0,37231.5
3405,1998-09-26,card withdrawal,3800.0,33431.5
3405,1998-09-30,cash withdrawal · statement fee,14.6,33586.6
3405,1998-09-30,interest,0.0,33601.2
3405,1998-10-08,transfer out · household bill,7543.0,26043.6
3405,1998-10-12,cash deposit,0.0,46525.6
3405,1998-10-12,cash withdrawal,12500.0,34025.6
3405,1998-10-31,cash withdrawal · statement fee,14.6,34147.4
3405,1998-10-31,interest,0.0,34162.0
3405,1998-11-08,transfer out · household bill,7543.0,26604.4
3405,1998-11-11,card withdrawal,800.0,25804.4
3405,1998-11-12,cash deposit,0.0,46286.4
3405,1998-11-30,cash withdrawal · statement fee,14.6,46440.1
3405,1998-11-30,interest,0.0,46454.7
3405,1998-12-08,transfer out · household bill,7543.0,38897.1
3405,1998-12-11,card withdrawal,3400.0,34597.1
3405,1998-12-11,card withdrawal,900.0,37997.1
3405,1998-12-12,cash deposit,0.0,65320.1
3405,1998-12-15,card withdrawal,2200.0,63120.1
3405,1998-12-31,interest,0.0,63353.2
3479,1994-06-14,cash deposit,0.0,1100.0
3479,1994-07-05,cash deposit,0.0,14834.0
3479,1994-07-14,cash deposit,0.0,18134.0
3479,1994-07-31,interest,0.0,18177.9
3479,1994-08-05,cash deposit,0.0,31911.9
3479,1994-08-13,cash withdrawal,3100.0,28811.9
3479,1994-08-31,interest,0.0,28914.7
3479,1994-09-05,cash deposit,0.0,42648.7
3479,1994-09-12,cash withdrawal,9500.0,33148.7
3479,1994-09-30,interest,0.0,33280.2
3479,1994-10-05,cash deposit,0.0,47014.2
3479,1994-10-12,cash withdrawal,9600.0,37414.2
3479,1994-10-31,interest,0.0,37563.8
3479,1994-11-05,cash deposit,0.0,51297.8
3479,1994-11-11,transfer out · household bill,7650.0,43647.8
3479,1994-11-11,transfer out,1506.0,42141.8
3479,1994-11-11,cash withdrawal,9100.0,33041.8
3479,1994-11-19,cash withdrawal,2280.0,30761.8
3479,1994-11-30,cash withdrawal · statement fee,14.6,30897.2
3479,1994-11-30,interest,0.0,30911.8
3479,1994-12-05,cash deposit,0.0,51498.2
3479,1994-12-11,transfer out · household bill,7650.0,33942.2
3479,1994-12-11,transfer out,1506.0,41592.2
3479,1994-12-11,cash withdrawal,8400.0,43098.2
3479,1994-12-18,cash withdrawal,4160.0,29782.2
3479,1994-12-31,cash withdrawal · statement fee,14.6,29905.7
3479,1994-12-31,interest,0.0,29920.3
3479,1995-01-01,cash withdrawal,960.0,28945.7
3479,1995-01-05,cash deposit,0.0,42679.7
3479,1995-01-08,cash withdrawal,1680.0,40999.7
3479,1995-01-10,cash withdrawal,8500.0,32499.7
3479,1995-01-11,transfer out · household bill,7650.0,24849.7
3479,1995-01-11,transfer out,1506.0,23343.7
3479,1995-01-12,cash withdrawal,5600.0,17743.7
3479,1995-01-13,cash withdrawal,2160.0,15583.7
3479,1995-01-18,cash withdrawal,840.0,14743.7
3479,1995-01-31,cash withdrawal · statement fee,14.6,14821.4
3479,1995-01-31,interest,0.0,14836.0
3479,1995-02-03,cash withdrawal,840.0,13981.4
3479,1995-02-05,cash deposit,0.0,27715.4
3479,1995-02-09,cash withdrawal,4500.0,23215.4
3479,1995-02-11,transfer out · household bill,7650.0,14059.4
3479,1995-02-11,transfer out,1506.0,21709.4
3479,1995-02-28,cash withdrawal · statement fee,14.6,14133.9
3479,1995-02-28,interest,0.0,14148.5
3479,1995-03-05,cash deposit,0.0,27867.9
3479,1995-03-11,transfer out · household bill,7650.0,24717.9
3479,1995-03-11,transfer out,1506.0,23211.9
3479,1995-03-11,cash deposit,0.0,32367.9
3479,1995-03-31,cash withdrawal · statement fee,14.6,23306.3
3479,1995-03-31,interest,0.0,23320.9
3479,1995-04-05,cash deposit,0.0,37040.3
3479,1995-04-10,cash withdrawal,4300.0,32740.3
3479,1995-04-11,transfer out · household bill,7650.0,25090.3
3479,1995-04-11,transfer out,1506.0,23584.3
3479,1995-04-30,cash withdrawal · statement fee,14.6,23668.5
3479,1995-04-30,interest,0.0,23683.1
3479,1995-05-05,cash deposit,0.0,37402.5
3479,1995-05-10,cash withdrawal,5900.0,31502.5
3479,1995-05-11,transfer out · household bill,7650.0,22346.5
3479,1995-05-11,transfer out,1506.0,29996.5
3479,1995-05-31,cash withdrawal · statement fee,14.6,22427.5
3479,1995-05-31,interest,0.0,22442.1
3479,1995-06-02,cash withdrawal,4560.0,17867.5
3479,1995-06-05,cash deposit,0.0,38468.5
3479,1995-06-09,cash withdrawal,10800.0,27668.5
3479,1995-06-11,transfer out · household bill,7650.0,18512.5
3479,1995-06-11,transfer out,1506.0,26162.5
3479,1995-06-24,cash withdrawal,1680.0,16832.5
3479,1995-06-30,cash withdrawal · statement fee,14.6,16908.9
3479,1995-06-30,interest,0.0,16923.5
3479,1995-07-05,cash deposit,0.0,30642.9
3479,1995-07-09,cash withdrawal,5400.0,25242.9
3479,1995-07-11,transfer out · household bill,7650.0,16086.9
3479,1995-07-11,transfer out,1506.0,23736.9
3479,1995-07-31,cash withdrawal · statement fee,14.6,16162.9
3479,1995-07-31,interest,0.0,16177.5
3479,1995-08-05,cash deposit,0.0,29896.9
3479,1995-08-08,cash withdrawal,3200.0,26696.9
3479,1995-08-11,transfer out · household bill,7650.0,19046.9
3479,1995-08-11,transfer out,1506.0,17540.9
3479,1995-08-31,cash withdrawal · statement fee,14.6,17601.3
3479,1995-08-31,interest,0.0,17615.9
3479,1995-09-05,cash deposit,0.0,31335.3
3479,1995-09-07,cash withdrawal,1800.0,29535.3
3479,1995-09-11,transfer out · household bill,7650.0,20379.3
3479,1995-09-11,transfer out,1506.0,28029.3
3479,1995-09-30,cash withdrawal · statement fee,14.6,20451.8
3479,1995-09-30,interest,0.0,20466.4
3479,1995-10-05,cash deposit,0.0,34185.8
3479,1995-10-07,cash withdrawal,3400.0,30785.8
3479,1995-10-11,transfer out · household bill,7650.0,21629.8
3479,1995-10-11,transfer out,1506.0,29279.8
3479,1995-10-31,cash withdrawal · statement fee,14.6,21708.8
3479,1995-10-31,interest,0.0,21723.4
3479,1995-11-05,cash deposit,0.0,35442.8
3479,1995-11-06,cash withdrawal,5200.0,30242.8
3479,1995-11-11,transfer out · household bill,7650.0,22592.8
3479,1995-11-11,transfer out,1506.0,21086.8
3479,1995-11-16,cash withdrawal,2880.0,18206.8
3479,1995-11-30,cash withdrawal · statement fee,14.6,18281.4
3479,1995-11-30,interest,0.0,18296.0
3479,1995-12-05,cash deposit,0.0,38882.4
3479,1995-12-06,cash withdrawal,6600.0,32282.4
3479,1995-12-11,transfer out · household bill,7650.0,24632.4
3479,1995-12-11,transfer out,1506.0,23126.4
3479,1995-12-22,cash withdrawal,2400.0,20726.4
3479,1995-12-31,cash withdrawal · statement fee,14.6,20807.2
3479,1995-12-31,interest,0.0,20821.8
3479,1996-01-03,cash withdrawal,840.0,19967.2
3479,1996-01-05,cash deposit,0.0,33701.2
3479,1996-01-05,cash withdrawal,6400.0,27301.2
3479,1996-01-06,cash withdrawal,960.0,26341.2
3479,1996-01-07,cash withdrawal,2040.0,24301.2
3479,1996-01-11,transfer out · household bill,7650.0,16651.2
3479,1996-01-11,transfer out,1506.0,15145.2
3479,1996-01-12,cash withdrawal,1320.0,13825.2
3479,1996-01-31,cash withdrawal · statement fee,14.6,13880.7
3479,1996-01-31,interest,0.0,13895.3
3479,1996-02-04,cash deposit,0.0,21480.7
3479,1996-02-05,cash deposit,0.0,35214.7
3479,1996-02-11,transfer out · household bill,7650.0,27564.7
3479,1996-02-11,transfer out,1506.0,26058.7
3479,1996-02-29,cash withdrawal · statement fee,14.6,26156.8
3479,1996-02-29,interest,0.0,26171.4
3479,1996-03-05,cash deposit,0.0,39890.8
3479,1996-03-05,cash withdrawal,8700.0,31190.8
3479,1996-03-11,transfer out · household bill,7650.0,23540.8
3479,1996-03-11,transfer out,1506.0,22034.8
3479,1996-03-31,cash withdrawal · statement fee,14.6,22132.0
3479,1996-03-31,interest,0.0,22146.6
3479,1996-04-04,cash deposit,0.0,23432.0
3479,1996-04-05,cash deposit,0.0,37166.0
3479,1996-04-11,transfer out · household bill,7650.0,29516.0
3479,1996-04-11,transfer out,1506.0,28010.0
3479,1996-04-13,cash withdrawal,1080.0,26930.0
3479,1996-04-30,cash withdrawal · statement fee,14.6,27033.0
3479,1996-04-30,interest,0.0,27047.6
3479,1996-05-04,cash withdrawal,1900.0,25133.0
3479,1996-05-05,cash deposit,0.0,38867.0
3479,1996-05-11,transfer out · household bill,7650.0,31217.0
3479,1996-05-11,transfer out,1506.0,29711.0
3479,1996-05-31,cash withdrawal · statement fee,14.6,29825.3
3479,1996-05-31,interest,0.0,29839.9
3479,1996-06-03,cash withdrawal,2400.0,27425.3
3479,1996-06-05,cash deposit,0.0,48026.3
3479,1996-06-11,transfer out · household bill,7650.0,40376.3
3479,1996-06-11,transfer out,1506.0,38870.3
3479,1996-06-12,cash withdrawal,14240.0,24630.3
3479,1996-06-19,cash withdrawal,3240.0,21390.3
3479,1996-06-30,cash withdrawal · statement fee,14.6,21496.7
3479,1996-06-30,interest,0.0,21511.3
3479,1996-07-03,cash deposit,0.0,22196.7
3479,1996-07-05,cash deposit,0.0,35930.7
3479,1996-07-11,transfer out · household bill,7650.0,26774.7
3479,1996-07-11,transfer out,1506.0,34424.7
3479,1996-07-31,cash withdrawal · statement fee,14.6,26895.9
3479,1996-07-31,interest,0.0,26910.5
3479,1996-08-02,cash deposit,0.0,28595.9
3479,1996-08-05,cash deposit,0.0,42329.9
3479,1996-08-11,transfer out · household bill,7650.0,34679.9
3479,1996-08-11,transfer out,1506.0,33173.9
3479,1996-08-31,cash withdrawal · statement fee,14.6,33300.6
3479,1996-08-31,interest,0.0,33315.2
3479,1996-09-01,cash withdrawal,1100.0,32200.6
3479,1996-09-05,cash deposit,0.0,45934.6
3479,1996-09-11,transfer out · household bill,7650.0,36778.6
3479,1996-09-11,transfer out,1506.0,44428.6
3479,1996-09-30,cash withdrawal · statement fee,14.6,36921.9
3479,1996-09-30,interest,0.0,36936.5
3479,1996-10-01,cash withdrawal,2600.0,34321.9
3479,1996-10-05,cash deposit,0.0,48055.9
3479,1996-10-11,transfer out · household bill,7650.0,40405.9
3479,1996-10-11,transfer out,1506.0,38899.9
3479,1996-10-19,cash withdrawal,3120.0,35779.9
3479,1996-10-31,cash withdrawal · statement fee,14.6,35427.1
3479,1996-10-31,cash withdrawal,500.0,35441.7
3479,1996-10-31,interest,0.0,35941.7
3479,1996-11-05,cash deposit,0.0,49161.1
3479,1996-11-08,cash withdrawal,5400.0,43761.1
3479,1996-11-11,transfer out · household bill,7650.0,34605.1
3479,1996-11-11,transfer out,1506.0,42255.1
3479,1996-11-30,cash withdrawal · statement fee,14.6,34338.1
3479,1996-11-30,cash withdrawal,400.0,34352.7
3479,1996-11-30,interest,0.0,34752.7
3479,1996-12-05,cash deposit,0.0,54939.1
3479,1996-12-11,transfer out · household bill,7650.0,47289.1
3479,1996-12-11,transfer out,1506.0,45783.1
3479,1996-12-29,cash withdrawal,2400.0,43383.1
3479,1996-12-30,cash withdrawal,2600.0,40783.1
3479,1996-12-31,cash withdrawal · statement fee,14.6,40941.1
3479,1996-12-31,interest,0.0,40955.7
3479,1997-01-05,cash deposit,0.0,54675.1
3479,1997-01-05,cash withdrawal,1080.0,53595.1
3479,1997-01-09,cash withdrawal,3240.0,50355.1
3479,1997-01-09,cash withdrawal,2280.0,48075.1
3479,1997-01-11,transfer out · household bill,7650.0,40425.1
3479,1997-01-11,transfer out,1506.0,38919.1
3479,1997-01-24,cash withdrawal,1800.0,37119.1
3479,1997-01-26,cash withdrawal,14080.0,23039.1
3479,1997-01-26,cash withdrawal,1440.0,21599.1
3479,1997-01-29,cash deposit,0.0,30099.1
3479,1997-01-30,cash withdrawal,3480.0,26619.1
3479,1997-01-31,cash withdrawal · statement fee,14.6,26768.1
3479,1997-01-31,interest,0.0,26782.7
3479,1997-02-05,cash deposit,0.0,40502.1
3479,1997-02-11,transfer out · household bill,7650.0,31346.1
3479,1997-02-11,transfer out,1506.0,38996.1
3479,1997-02-28,cash withdrawal · statement fee,14.6,36854.8
3479,1997-02-28,cash deposit,0.0,36746.1
3479,1997-02-28,interest,0.0,36869.4
3479,1997-03-05,cash deposit,0.0,50588.8
3479,1997-03-11,transfer out · household bill,7650.0,42938.8
3479,1997-03-11,transfer out,1506.0,41432.8
3479,1997-03-30,cash deposit,0.0,42832.8
3479,1997-03-31,cash withdrawal · statement fee,14.6,42987.6
3479,1997-03-31,interest,0.0,43002.2
3479,1997-04-05,cash deposit,0.0,56721.6
3479,1997-04-11,transfer out · household bill,7650.0,47565.6
3479,1997-04-11,transfer out,1506.0,55215.6
3479,1997-04-25,cash withdrawal,3960.0,43605.6
3479,1997-04-29,cash withdrawal,1500.0,42105.6
3479,1997-04-30,cash withdrawal · statement fee,14.6,42292.5
3479,1997-04-30,interest,0.0,42307.1
3479,1997-05-05,cash deposit,0.0,56026.5
3479,1997-05-11,transfer out · household bill,7650.0,46870.5
3479,1997-05-11,transfer out,1506.0,54520.5
3479,1997-05-29,cash deposit,0.0,46970.5
3479,1997-05-31,cash withdrawal · statement fee,14.6,47162.1
3479,1997-05-31,interest,0.0,47176.7
3479,1997-06-05,cash deposit,0.0,67763.1
3479,1997-06-11,transfer out · household bill,7650.0,58607.1
3479,1997-06-11,transfer out,1506.0,66257.1
3479,1997-06-28,cash withdrawal,26720.0,40387.1
3479,1997-06-28,cash deposit,0.0,67107.1
3479,1997-06-30,cash withdrawal · statement fee,14.6,40609.6
3479,1997-06-30,interest,0.0,40624.2
3479,1997-07-05,cash deposit,0.0,54343.6
3479,1997-07-11,transfer out · household bill,7650.0,45187.6
3479,1997-07-11,transfer out,1506.0,52837.6
3479,1997-07-15,cash withdrawal,840.0,44347.6
3479,1997-07-28,cash deposit,0.0,44647.6
3479,1997-07-31,cash withdrawal · statement fee,14.6,44815.7
3479,1997-07-31,interest,0.0,44830.3
3479,1997-08-05,cash deposit,0.0,58549.7
3479,1997-08-06,cash withdrawal,5400.0,53149.7
3479,1997-08-11,transfer out · household bill,7650.0,45499.7
3479,1997-08-11,transfer out,1506.0,43993.7
3479,1997-08-27,cash deposit,0.0,45293.7
3479,1997-08-31,cash withdrawal · statement fee,14.6,45471.3
3479,1997-08-31,interest,0.0,45485.9
3479,1997-09-05,cash deposit,0.0,59205.3
3479,1997-09-11,transfer out · household bill,7650.0,51555.3
3479,1997-09-11,transfer out,1506.0,50049.3
3479,1997-09-26,cash withdrawal,1300.0,48749.3
3479,1997-09-30,cash withdrawal · statement fee,14.6,48934.0
3479,1997-09-30,interest,0.0,48948.6
3479,1997-10-05,cash deposit,0.0,62668.0
3479,1997-10-11,transfer out · household bill,7650.0,53512.0
3479,1997-10-11,transfer out,1506.0,61162.0
3479,1997-10-26,cash withdrawal,3400.0,50112.0
3479,1997-10-31,cash withdrawal · statement fee,14.6,50309.4
3479,1997-10-31,interest,0.0,50324.0
3479,1997-11-05,cash deposit,0.0,64043.4
3479,1997-11-11,transfer out · household bill,7650.0,54887.4
3479,1997-11-11,transfer out,1506.0,62537.4
3479,1997-11-25,cash withdrawal,6200.0,48687.4
3479,1997-11-30,cash withdrawal · statement fee,14.6,48887.8
3479,1997-11-30,interest,0.0,48902.4
3479,1997-12-01,cash withdrawal,4320.0,44567.8
3479,1997-12-05,cash deposit,0.0,65168.8
3479,1997-12-11,transfer out · household bill,7650.0,57518.8
3479,1997-12-11,transfer out,1506.0,56012.8
3479,1997-12-13,cash withdrawal,1120.0,54892.8
3479,1997-12-25,cash withdrawal,5400.0,49492.8
3479,1997-12-31,cash withdrawal · statement fee,14.6,49705.4
3479,1997-12-31,interest,0.0,49720.0
3479,1998-01-05,cash deposit,0.0,63439.4
3479,1998-01-09,cash withdrawal,1800.0,61639.4
3479,1998-01-11,transfer out · household bill,7650.0,49723.4
3479,1998-01-11,transfer out,1506.0,57373.4
3479,1998-01-11,cash withdrawal,2760.0,58879.4
3479,1998-01-17,cash withdrawal,11520.0,38203.4
3479,1998-01-17,cash withdrawal,2880.0,35323.4
3479,1998-01-18,cash withdrawal,2760.0,32563.4
3479,1998-01-21,cash withdrawal,960.0,31603.4
3479,1998-01-22,cash withdrawal,2160.0,29443.4
3479,1998-01-24,cash deposit,0.0,33843.4
3479,1998-01-31,cash withdrawal · statement fee,14.6,34009.2
3479,1998-01-31,interest,0.0,34023.8
3479,1998-02-05,cash deposit,0.0,47743.2
3479,1998-02-11,transfer out · household bill,7650.0,40093.2
3479,1998-02-11,transfer out,1506.0,38587.2
3479,1998-02-23,cash deposit,0.0,40487.2
3479,1998-02-28,cash withdrawal · statement fee,14.6,40628.5
3479,1998-02-28,interest,0.0,40643.1
3479,1998-03-05,cash deposit,0.0,54362.5
3479,1998-03-11,transfer out · household bill,7650.0,46712.5
3479,1998-03-11,transfer out,1506.0,45206.5
3479,1998-03-25,cash deposit,0.0,46106.5
3479,1998-03-31,cash withdrawal · statement fee,14.6,46272.4
3479,1998-03-31,interest,0.0,46287.0
3479,1998-04-05,cash deposit,0.0,60006.4
3479,1998-04-11,transfer out · household bill,7650.0,50850.4
3479,1998-04-11,transfer out,1506.0,58500.4
3479,1998-04-24,cash withdrawal,7100.0,43750.4
3479,1998-04-30,cash withdrawal · statement fee,14.6,43931.8
3479,1998-04-30,interest,0.0,43946.4
3479,1998-05-05,cash deposit,0.0,57665.8
3479,1998-05-11,transfer out · household bill,7650.0,48509.8
3479,1998-05-11,transfer out,1506.0,56159.8
3479,1998-05-24,cash withdrawal,200.0,48309.8
3479,1998-05-31,cash withdrawal,1560.0,46941.3
3479,1998-05-31,cash withdrawal · statement fee,14.6,48501.3
3479,1998-05-31,interest,0.0,48515.9
3479,1998-06-01,cash withdrawal,1440.0,45501.3
3479,1998-06-05,cash deposit,0.0,66102.3
3479,1998-06-11,transfer out · household bill,7650.0,56946.3
3479,1998-06-11,transfer out,1506.0,64596.3
3479,1998-06-17,cash withdrawal,7520.0,49426.3
3479,1998-06-23,cash withdrawal,2800.0,46626.3
3479,1998-06-30,cash withdrawal · statement fee,14.6,46830.5
3479,1998-06-30,interest,0.0,46845.1
3479,1998-07-05,cash deposit,0.0,60564.5
3479,1998-07-11,transfer out · household bill,7650.0,52914.5
3479,1998-07-11,transfer out,1506.0,51408.5
3479,1998-07-23,cash withdrawal,2500.0,48908.5
3479,1998-07-31,cash withdrawal · statement fee,14.6,49095.9
3479,1998-07-31,interest,0.0,49110.5
3479,1998-08-05,cash deposit,0.0,62829.9
3479,1998-08-11,transfer out · household bill,7650.0,53673.9
3479,1998-08-11,transfer out,1506.0,61323.9
3479,1998-08-22,cash deposit,0.0,54173.9
3479,1998-08-31,cash withdrawal · statement fee,14.6,54374.4
3479,1998-08-31,interest,0.0,54389.0
3479,1998-09-05,cash deposit,0.0,68108.4
3479,1998-09-11,transfer out · household bill,7650.0,60458.4
3479,1998-09-11,transfer out,1506.0,58952.4
3479,1998-09-21,cash withdrawal,1900.0,57052.4
3479,1998-09-27,cash withdrawal,5880.0,51172.4
3479,1998-09-30,cash withdrawal · statement fee,14.6,51390.0
3479,1998-09-30,interest,0.0,51404.6
3479,1998-10-05,cash deposit,0.0,65124.0
3479,1998-10-11,transfer out · household bill,7650.0,57474.0
3479,1998-10-11,transfer out,1506.0,55968.0
3479,1998-10-21,cash withdrawal,2500.0,53468.0
3479,1998-10-31,cash withdrawal · statement fee,14.6,53673.4
3479,1998-10-31,interest,0.0,53688.0
3479,1998-11-05,cash deposit,0.0,67407.4
3479,1998-11-11,transfer out · household bill,7650.0,58251.4
3479,1998-11-11,transfer out,1506.0,65901.4
3479,1998-11-20,cash withdrawal,3600.0,54651.4
3479,1998-11-27,cash withdrawal,1440.0,53211.4
3479,1998-11-30,cash withdrawal · statement fee,14.6,53433.0
3479,1998-11-30,interest,0.0,53447.6
3479,1998-12-05,cash deposit,0.0,74034.0
3479,1998-12-06,cash withdrawal,1680.0,72354.0
3479,1998-12-11,transfer out · household bill,7650.0,61118.0
3479,1998-12-11,transfer out,1506.0,70848.0
3479,1998-12-11,cash withdrawal,2080.0,68768.0
3479,1998-12-31,interest,0.0,61398.9
3645,1996-06-18,cash deposit,0.0,300.0
3645,1996-07-11,cash deposit,0.0,16061.0
3645,1996-07-18,cash deposit,0.0,19561.0
3645,1996-07-31,interest,0.0,19597.8
3645,1996-08-11,cash deposit,0.0,35358.8
3645,1996-08-17,cash withdrawal,4300.0,31058.8
3645,1996-08-31,interest,0.0,31163.5
3645,1996-09-11,cash deposit,0.0,46924.5
3645,1996-09-16,cash withdrawal,9700.0,37224.5
3645,1996-09-30,interest,0.0,37366.7
3645,1996-10-11,cash deposit,0.0,53127.7
3645,1996-10-16,cash withdrawal,15300.0,37827.7
3645,1996-10-31,interest,0.0,37984.1
3645,1996-11-11,cash deposit,0.0,53745.1
3645,1996-11-11,transfer out,2651.0,51094.1
3645,1996-11-12,transfer out · household bill,7021.0,44073.1
3645,1996-11-15,cash withdrawal,9600.0,34473.1
3645,1996-11-18,cash withdrawal,4400.0,30073.1
3645,1996-11-30,cash withdrawal · statement fee,14.6,30205.2
3645,1996-11-30,interest,0.0,30219.8
3645,1996-12-04,cash withdrawal,1400.0,28805.2
3645,1996-12-11,cash deposit,0.0,52447.2
3645,1996-12-11,transfer out,2651.0,49796.2
3645,1996-12-12,transfer out · household bill,7021.0,42775.2
3645,1996-12-15,cash withdrawal,5800.0,36975.2
3645,1996-12-20,cash withdrawal,2000.0,34975.2
3645,1996-12-31,cash withdrawal · statement fee,14.6,35106.7
3645,1996-12-31,interest,0.0,35121.3
3645,1997-01-02,cash withdrawal,2300.0,32306.7
3645,1997-01-02,cash withdrawal,500.0,34606.7
3645,1997-01-10,cash withdrawal,2100.0,30206.7
3645,1997-01-11,cash deposit,0.0,45967.7
3645,1997-01-11,transfer out,2651.0,43316.7
3645,1997-01-12,transfer out · household bill,7021.0,36295.7
3645,1997-01-14,cash withdrawal,6500.0,29795.7
3645,1997-01-16,cash withdrawal,1300.0,28495.7
3645,1997-01-22,cash withdrawal,1600.0,24295.7
3645,1997-01-22,cash withdrawal,2600.0,25895.7
3645,1997-01-29,cash withdrawal,2100.0,22195.7
3645,1997-01-31,cash withdrawal · statement fee,14.6,22305.5
3645,1997-01-31,interest,0.0,22320.1
3645,1997-02-11,cash deposit,0.0,38066.5
3645,1997-02-11,transfer out,2651.0,35415.5
3645,1997-02-12,transfer out · household bill,7021.0,28394.5
3645,1997-02-13,cash deposit,0.0,28894.5
3645,1997-02-28,cash withdrawal · statement fee,14.6,28991.4
3645,1997-02-28,interest,0.0,29006.0
3645,1997-03-11,cash deposit,0.0,44752.4
3645,1997-03-11,transfer out,2651.0,42101.4
3645,1997-03-12,transfer out · household bill,7021.0,35080.4
3645,1997-03-15,cash withdrawal,2300.0,32780.4
3645,1997-03-31,cash withdrawal · statement fee,14.6,32899.7
3645,1997-03-31,interest,0.0,32914.3
3645,1997-04-11,cash deposit,0.0,48660.7
3645,1997-04-11,transfer out,2651.0,46009.7
3645,1997-04-12,transfer out · household bill,7021.0,38988.7
3645,1997-04-14,cash withdrawal,7200.0,31788.7
3645,1997-04-30,cash withdrawal · statement fee,14.6,31912.0
3645,1997-04-30,interest,0.0,31926.6
3645,1997-05-11,cash deposit,0.0,47673.0
3645,1997-05-11,transfer out,2651.0,45022.0
3645,1997-05-12,transfer out · household bill,7021.0,38001.0
3645,1997-05-14,cash withdrawal,11000.0,27001.0
3645,1997-05-29,cash withdrawal,3400.0,23601.0
3645,1997-05-31,cash withdrawal · statement fee,14.6,23709.8
3645,1997-05-31,interest,0.0,23724.4
3645,1997-06-11,cash deposit,0.0,47351.8
3645,1997-06-11,transfer out,2651.0,44700.8
3645,1997-06-12,transfer out · household bill,7021.0,37679.8
3645,1997-06-13,cash withdrawal,9300.0,28379.8
3645,1997-06-30,cash withdrawal · statement fee,14.6,28480.8
3645,1997-06-30,interest,0.0,28495.4
3645,1997-07-11,cash deposit,0.0,44241.8
3645,1997-07-11,transfer out,2651.0,41590.8
3645,1997-07-12,transfer out · household bill,7021.0,34569.8
3645,1997-07-13,cash withdrawal,5900.0,28669.8
3645,1997-07-17,cash withdrawal,2700.0,25969.8
3645,1997-07-31,cash withdrawal · statement fee,14.6,26071.4
3645,1997-07-31,interest,0.0,26086.0
3645,1997-08-09,cash withdrawal,3400.0,22671.4
3645,1997-08-11,cash deposit,0.0,38432.4
3645,1997-08-11,transfer out,2651.0,35781.4
3645,1997-08-12,transfer out · household bill,7021.0,26460.4
3645,1997-08-12,cash withdrawal,2300.0,33481.4
3645,1997-08-31,cash withdrawal · statement fee,14.6,26556.6
3645,1997-08-31,interest,0.0,26571.2
3645,1997-09-11,cash deposit,0.0,42317.6
3645,1997-09-11,transfer out,2651.0,39666.6
3645,1997-09-11,cash withdrawal,8300.0,31366.6
3645,1997-09-12,transfer out · household bill,7021.0,24345.6
3645,1997-09-30,cash withdrawal · statement fee,14.6,24437.5
3645,1997-09-30,interest,0.0,24452.1
3645,1997-10-11,cash deposit,0.0,40198.5
3645,1997-10-11,transfer out,2651.0,37547.5
3645,1997-10-11,cash withdrawal,8800.0,28747.5
3645,1997-10-12,transfer out · household bill,7021.0,21726.5
3645,1997-10-31,cash withdrawal · statement fee,14.6,21806.8
3645,1997-10-31,interest,0.0,21821.4
3645,1997-11-10,cash withdrawal,500.0,21306.8
3645,1997-11-11,cash deposit,0.0,37067.8
3645,1997-11-11,transfer out,2651.0,34416.8
3645,1997-11-12,transfer out · household bill,7021.0,27395.8
3645,1997-11-24,cash withdrawal,3800.0,23595.8
3645,1997-11-30,cash withdrawal · statement fee,14.6,23684.6
3645,1997-11-30,interest,0.0,23699.2
3645,1997-12-02,cash withdrawal,500.0,23184.6
3645,1997-12-06,cash withdrawal,3700.0,19484.6
3645,1997-12-10,cash deposit,0.0,20484.6
3645,1997-12-11,cash deposit,0.0,44126.6
3645,1997-12-11,transfer out,2651.0,41475.6
3645,1997-12-12,transfer out · household bill,7021.0,34454.6
3645,1997-12-31,cash withdrawal · statement fee,14.6,34567.4
3645,1997-12-31,interest,0.0,34582.0
3645,1998-01-02,cash withdrawal,2100.0,32467.4
3645,1998-01-09,cash withdrawal,7100.0,25367.4
3645,1998-01-11,cash deposit,0.0,41128.4
3645,1998-01-11,transfer out,2651.0,38477.4
3645,1998-01-12,transfer out · household bill,7021.0,31456.4
3645,1998-01-16,cash withdrawal,2600.0,28856.4
3645,1998-01-18,cash withdrawal,900.0,27956.4
3645,1998-01-19,cash withdrawal,2800.0,25156.4
3645,1998-01-21,cash withdrawal,1400.0,23756.4
3645,1998-01-22,cash withdrawal,1800.0,21956.4
3645,1998-01-24,cash withdrawal,900.0,21056.4
3645,1998-01-31,cash withdrawal · statement fee,14.6,21158.0
3645,1998-01-31,interest,0.0,21172.6
3645,1998-02-08,cash withdrawal,3500.0,17658.0
3645,1998-02-11,cash deposit,0.0,33419.0
3645,1998-02-11,transfer out,2651.0,30768.0
3645,1998-02-12,transfer out · household bill,7021.0,23747.0
3645,1998-02-28,cash withdrawal · statement fee,14.6,23828.2
3645,1998-02-28,interest,0.0,23842.8
3645,1998-03-10,cash withdrawal,3100.0,20728.2
3645,1998-03-11,cash deposit,0.0,36489.2
3645,1998-03-11,transfer out,2651.0,33838.2
3645,1998-03-12,transfer out · household bill,7021.0,26817.2
3645,1998-03-23,cash withdrawal,3500.0,23317.2
3645,1998-03-31,cash withdrawal · statement fee,14.6,23407.0
3645,1998-03-31,interest,0.0,23421.6
3645,1998-04-09,cash withdrawal,500.0,22907.0
3645,1998-04-11,cash deposit,0.0,38668.0
3645,1998-04-11,transfer out,2651.0,36017.0
3645,1998-04-12,transfer out · household bill,7021.0,28996.0
3645,1998-04-13,cash withdrawal,3400.0,25596.0
3645,1998-04-30,cash withdrawal · statement fee,14.6,25686.8
3645,1998-04-30,interest,0.0,25701.4
3645,1998-05-09,cash withdrawal,4400.0,21286.8
3645,1998-05-11,cash deposit,0.0,37047.8
3645,1998-05-11,transfer out,2651.0,34396.8
3645,1998-05-12,transfer out · household bill,7021.0,27375.8
3645,1998-05-31,cash withdrawal · statement fee,14.6,27473.5
3645,1998-05-31,interest,0.0,27488.1
3645,1998-06-08,cash withdrawal,4100.0,23373.5
3645,1998-06-11,cash deposit,0.0,47015.5
3645,1998-06-11,transfer out,2651.0,44364.5
3645,1998-06-12,transfer out · household bill,7021.0,37343.5
3645,1998-06-30,cash withdrawal · statement fee,14.6,37471.7
3645,1998-06-30,interest,0.0,37486.3
3645,1998-07-08,cash withdrawal,8600.0,28871.7
3645,1998-07-11,cash deposit,0.0,44632.7
3645,1998-07-11,transfer out,2651.0,41981.7
3645,1998-07-12,transfer out · household bill,7021.0,34960.7
3645,1998-07-26,cash withdrawal,3500.0,31460.7
3645,1998-07-31,cash withdrawal · statement fee,14.6,31593.0
3645,1998-07-31,interest,0.0,31607.6
3645,1998-08-07,cash withdrawal,9700.0,21893.0
3645,1998-08-11,cash deposit,0.0,37654.0
3645,1998-08-11,transfer out,2651.0,35003.0
3645,1998-08-12,transfer out · household bill,7021.0,27982.0
3645,1998-08-31,cash withdrawal · statement fee,14.6,28089.6
3645,1998-08-31,interest,0.0,28104.2
3645,1998-09-06,cash withdrawal,11800.0,16289.6
3645,1998-09-11,cash deposit,0.0,32050.6
3645,1998-09-11,transfer out,2651.0,29399.6
3645,1998-09-12,transfer out · household bill,7021.0,22378.6
3645,1998-09-30,cash withdrawal · statement fee,14.6,22465.5
3645,1998-09-30,interest,0.0,22480.1
3645,1998-10-06,cash withdrawal,7300.0,15165.5
3645,1998-10-11,cash deposit,0.0,30926.5
3645,1998-10-11,transfer out,2651.0,28275.5
3645,1998-10-12,transfer out · household bill,7021.0,21254.5
3645,1998-10-31,cash withdrawal · statement fee,14.6,21330.7
3645,1998-10-31,interest,0.0,21345.3
3645,1998-11-05,cash withdrawal,7300.0,14030.7
3645,1998-11-11,cash deposit,0.0,29791.7
3645,1998-11-11,transfer out,2651.0,27140.7
3645,1998-11-12,transfer out · household bill,7021.0,20119.7
3645,1998-11-30,cash withdrawal · statement fee,14.6,20190.8
3645,1998-11-30,interest,0.0,20205.4
3645,1998-12-05,cash withdrawal,6200.0,13990.8
3645,1998-12-11,cash deposit,0.0,37632.8
3645,1998-12-11,transfer out,2651.0,34981.8
3645,1998-12-12,transfer out · household bill,7021.0,27960.8
3645,1998-12-22,cash withdrawal,3500.0,24460.8
3645,1998-12-30,cash withdrawal,800.0,23660.8
3645,1998-12-31,interest,0.0,23762.1
3779,1995-07-08,cash deposit,0.0,200.0
3779,1995-08-06,cash deposit,0.0,11604.0
3779,1995-08-07,cash deposit,0.0,16904.0
3779,1995-08-31,interest,0.0,16960.8
3779,1995-09-06,cash deposit,0.0,28364.8
3779,1995-09-06,cash withdrawal,700.0,27664.8
3779,1995-09-30,interest,0.0,27772.6
3779,1995-10-06,cash deposit,0.0,39176.6
3779,1995-10-06,cash withdrawal,5500.0,33676.6
3779,1995-10-31,interest,0.0,33812.9
3779,1995-11-05,cash withdrawal,200.0,33612.9
3779,1995-11-06,cash deposit,0.0,45016.9
3779,1995-11-30,interest,0.0,45196.6
3779,1995-12-05,cash withdrawal,9200.0,35996.6
3779,1995-12-06,cash deposit,0.0,53102.6
3779,1995-12-06,transfer out · household bill,159.0,52943.6
3779,1995-12-11,transfer out,853.0,47490.6
3779,1995-12-11,cash withdrawal,4600.0,48343.6
3779,1995-12-12,transfer out · insurance,2969.0,44521.6
3779,1995-12-31,cash withdrawal · statement fee,14.6,44699.0
3779,1995-12-31,interest,0.0,44713.6
3779,1996-01-04,cash withdrawal,5100.0,39599.0
3779,1996-01-06,cash deposit,0.0,51003.0
3779,1996-01-06,transfer out · household bill,159.0,48344.0
3779,1996-01-06,cash withdrawal,2500.0,48503.0
3779,1996-01-06,cash withdrawal,1000.0,47344.0
3779,1996-01-08,cash withdrawal,2800.0,44544.0
3779,1996-01-09,cash withdrawal,1500.0,43044.0
3779,1996-01-11,transfer out,853.0,42191.0
3779,1996-01-12,transfer out · insurance,2969.0,39222.0
3779,1996-01-24,cash withdrawal,2800.0,36422.0
3779,1996-01-26,cash withdrawal,5300.0,31122.0
3779,1996-01-27,cash withdrawal,2300.0,28822.0
3779,1996-01-31,cash withdrawal · statement fee,14.6,28970.4
3779,1996-01-31,interest,0.0,28985.0
3779,1996-02-03,cash deposit,0.0,33070.4
3779,1996-02-06,cash deposit,0.0,44474.4
3779,1996-02-06,transfer out · household bill,159.0,44315.4
3779,1996-02-11,transfer out,853.0,43462.4
3779,1996-02-12,transfer out · insurance,2969.0,40493.4
3779,1996-02-29,cash withdrawal · statement fee,14.6,40642.5
3779,1996-02-29,interest,0.0,40657.1
3779,1996-03-04,cash withdrawal,5600.0,35042.5
3779,1996-03-06,cash deposit,0.0,46446.5
3779,1996-03-06,transfer out · household bill,159.0,46287.5
3779,1996-03-11,transfer out,853.0,45434.5
3779,1996-03-12,transfer out · insurance,2969.0,42465.5
3779,1996-03-21,cash withdrawal,3400.0,39065.5
3779,1996-03-27,cash withdrawal,3500.0,35565.5
3779,1996-03-31,cash withdrawal · statement fee,14.6,35722.3
3779,1996-03-31,interest,0.0,35736.9
3779,1996-04-03,cash withdrawal,3200.0,32522.3
3779,1996-04-06,cash deposit,0.0,43926.3
3779,1996-04-06,transfer out · household bill,159.0,43767.3
3779,1996-04-11,transfer out,853.0,42914.3
3779,1996-04-12,transfer out · insurance,2969.0,39945.3
3779,1996-04-30,cash withdrawal · statement fee,14.6,40097.4
3779,1996-04-30,interest,0.0,40112.0
3779,1996-05-03,cash withdrawal,5200.0,34897.4
3779,1996-05-06,cash deposit,0.0,46301.4
3779,1996-05-06,transfer out · household bill,159.0,46142.4
3779,1996-05-11,transfer out,853.0,45289.4
3779,1996-05-12,transfer out · insurance,2969.0,42320.4
3779,1996-05-27,cash withdrawal,4600.0,37720.4
3779,1996-05-31,cash withdrawal · statement fee,14.6,37880.7
3779,1996-05-31,interest,0.0,37895.3
3779,1996-06-02,cash deposit,0.0,37980.7
3779,1996-06-06,cash deposit,0.0,55086.7
3779,1996-06-06,transfer out · household bill,159.0,54927.7
3779,1996-06-11,transfer out,853.0,54074.7
3779,1996-06-12,transfer out · insurance,2969.0,51105.7
3779,1996-06-13,cash withdrawal,12100.0,39005.7
3779,1996-06-30,cash withdrawal · statement fee,14.6,39167.7
3779,1996-06-30,interest,0.0,39182.3
3779,1996-07-02,cash deposit,0.0,39767.7
3779,1996-07-06,cash deposit,0.0,51171.7
3779,1996-07-06,transfer out · household bill,159.0,51012.7
3779,1996-07-11,transfer out,853.0,50159.7
3779,1996-07-12,transfer out · insurance,2969.0,47190.7
3779,1996-07-31,cash withdrawal · statement fee,14.6,47370.4
3779,1996-07-31,interest,0.0,47385.0
3779,1996-08-01,cash withdrawal,6600.0,40770.4
3779,1996-08-06,cash deposit,0.0,52174.4
3779,1996-08-06,transfer out · household bill,159.0,52015.4
3779,1996-08-11,transfer out,853.0,51162.4
3779,1996-08-12,transfer out · insurance,2969.0,48193.4
3779,1996-08-31,cash withdrawal · statement fee,14.6,48381.3
3779,1996-08-31,cash withdrawal,5500.0,42881.3
3779,1996-08-31,interest,0.0,48395.9
3779,1996-09-06,cash deposit,0.0,54285.3
3779,1996-09-06,transfer out · household bill,159.0,54126.3
3779,1996-09-11,transfer out,853.0,53273.3
3779,1996-09-12,transfer out · insurance,2969.0,50304.3
3779,1996-09-30,cash withdrawal · statement fee,14.6,50496.6
3779,1996-09-30,cash withdrawal,5000.0,45496.6
3779,1996-09-30,interest,0.0,50511.2
3779,1996-10-06,cash deposit,0.0,56900.6
3779,1996-10-06,transfer out · household bill,159.0,56741.6
3779,1996-10-11,transfer out,853.0,55888.6
3779,1996-10-12,transfer out · insurance,2969.0,52919.6
3779,1996-10-30,cash withdrawal,10200.0,42719.6
3779,1996-10-31,cash withdrawal · statement fee,14.6,42920.6
3779,1996-10-31,interest,0.0,42935.2
3779,1996-11-06,cash deposit,0.0,54324.6
3779,1996-11-06,transfer out · household bill,159.0,54165.6
3779,1996-11-11,transfer out,853.0,53312.6
3779,1996-11-12,transfer out · insurance,2969.0,50343.6
3779,1996-11-24,cash withdrawal,4700.0,45643.6
3779,1996-11-29,cash withdrawal,2400.0,43243.6
3779,1996-11-30,cash withdrawal · statement fee,14.6,43431.3
3779,1996-11-30,interest,0.0,43445.9
3779,1996-12-06,cash deposit,0.0,60537.3
3779,1996-12-06,transfer out · household bill,159.0,60378.3
3779,1996-12-11,transfer out,853.0,59525.3
3779,1996-12-12,transfer out · insurance,2969.0,56556.3
3779,1996-12-29,cash withdrawal,9500.0,47056.3
3779,1996-12-31,cash withdrawal · statement fee,14.6,47267.5
3779,1996-12-31,interest,0.0,47282.1
3779,1997-01-01,cash withdrawal,2600.0,44667.5
3779,1997-01-04,cash withdrawal,2600.0,42067.5
3779,1997-01-06,cash deposit,0.0,53471.5
3779,1997-01-06,transfer out · household bill,159.0,53312.5
3779,1997-01-07,cash withdrawal,1900.0,51412.5
3779,1997-01-11,transfer out,853.0,50559.5
3779,1997-01-12,transfer out · insurance,2969.0,47590.5
3779,1997-01-17,cash withdrawal,1200.0,46390.5
3779,1997-01-18,cash withdrawal,2100.0,44290.5
3779,1997-01-19,cash withdrawal,800.0,43490.5
3779,1997-01-20,cash withdrawal,4300.0,39190.5
3779,1997-01-22,cash withdrawal,4900.0,34290.5
3779,1997-01-25,cash withdrawal,1400.0,32890.5
3779,1997-01-28,cash deposit,0.0,35990.5
3779,1997-01-29,cash withdrawal,4100.0,31890.5
3779,1997-01-31,cash withdrawal · statement fee,14.6,32053.0
3779,1997-01-31,interest,0.0,32067.6
3779,1997-02-06,cash deposit,0.0,43457.0
3779,1997-02-06,transfer out · household bill,159.0,43298.0
3779,1997-02-11,transfer out,853.0,42445.0
3779,1997-02-12,transfer out · insurance,2969.0,39476.0
3779,1997-02-27,cash deposit,0.0,39576.0
3779,1997-02-28,cash withdrawal · statement fee,14.6,39723.4
3779,1997-02-28,interest,0.0,39738.0
3779,1997-03-06,cash deposit,0.0,51127.4
3779,1997-03-06,transfer out · household bill,159.0,50968.4
3779,1997-03-11,transfer out,853.0,48715.4
3779,1997-03-11,cash withdrawal,1400.0,49568.4
3779,1997-03-12,transfer out · insurance,2969.0,45746.4
3779,1997-03-29,cash withdrawal,5300.0,40446.4
3779,1997-03-31,cash withdrawal · statement fee,14.6,40620.0
3779,1997-03-31,interest,0.0,40634.6
3779,1997-04-06,cash deposit,0.0,52024.0
3779,1997-04-06,transfer out · household bill,159.0,51865.0
3779,1997-04-11,transfer out,853.0,51012.0
3779,1997-04-12,transfer out · insurance,2969.0,48043.0
3779,1997-04-28,cash withdrawal,6500.0,41543.0
3779,1997-04-30,cash withdrawal · statement fee,14.6,41723.4
3779,1997-04-30,interest,0.0,41738.0
3779,1997-05-06,cash deposit,0.0,53127.4
3779,1997-05-06,transfer out · household bill,159.0,52968.4
3779,1997-05-11,transfer out,853.0,52115.4
3779,1997-05-12,transfer out · insurance,2969.0,49146.4
3779,1997-05-24,cash withdrawal,1100.0,48046.4
3779,1997-05-28,cash withdrawal,7200.0,40846.4
3779,1997-05-31,cash withdrawal · statement fee,14.6,41029.1
3779,1997-05-31,interest,0.0,41043.7
3779,1997-06-06,cash deposit,0.0,58135.1
3779,1997-06-06,transfer out · household bill,159.0,57976.1
3779,1997-06-11,transfer out,853.0,57123.1
3779,1997-06-12,transfer out · insurance,2969.0,54154.1
3779,1997-06-21,cash withdrawal,19000.0,35154.1
3779,1997-06-27,cash withdrawal,5200.0,29954.1
3779,1997-06-30,cash withdrawal · statement fee,14.6,30129.4
3779,1997-06-30,interest,0.0,30144.0
3779,1997-07-06,cash deposit,0.0,41533.4
3779,1997-07-06,transfer out · household bill,159.0,41374.4
3779,1997-07-11,transfer out,853.0,40521.4
3779,1997-07-12,transfer out · insurance,2969.0,37552.4
3779,1997-07-27,cash withdrawal,5700.0,31852.4
3779,1997-07-30,cash withdrawal,4200.0,27652.4
3779,1997-07-31,cash withdrawal · statement fee,14.6,27786.7
3779,1997-07-31,interest,0.0,27801.3
3779,1997-08-06,cash deposit,0.0,39190.7
3779,1997-08-06,transfer out · household bill,159.0,39031.7
3779,1997-08-11,transfer out,853.0,38178.7
3779,1997-08-12,transfer out · insurance,2969.0,35209.7
3779,1997-08-26,cash withdrawal,2900.0,32309.7
3779,1997-08-31,cash withdrawal · statement fee,14.6,32436.9
3779,1997-08-31,interest,0.0,32451.5
3779,1997-09-06,cash deposit,0.0,43840.9
3779,1997-09-06,transfer out · household bill,159.0,43681.9
3779,1997-09-11,transfer out,853.0,42828.9
3779,1997-09-12,transfer out · insurance,2969.0,39859.9
3779,1997-09-25,cash withdrawal,3100.0,36759.9
3779,1997-09-30,cash withdrawal · statement fee,14.6,36906.0
3779,1997-09-30,interest,0.0,36920.6
3779,1997-10-06,cash deposit,0.0,48310.0
3779,1997-10-06,transfer out · household bill,159.0,48151.0
3779,1997-10-11,transfer out,853.0,47298.0
3779,1997-10-12,transfer out · insurance,2969.0,44329.0
3779,1997-10-25,cash withdrawal,4900.0,39429.0
3779,1997-10-31,cash withdrawal · statement fee,14.6,39591.8
3779,1997-10-31,interest,0.0,39606.4
3779,1997-11-06,cash deposit,0.0,50995.8
3779,1997-11-06,transfer out · household bill,159.0,50836.8
3779,1997-11-11,transfer out,853.0,49983.8
3779,1997-11-12,transfer out · insurance,2969.0,47014.8
3779,1997-11-24,cash withdrawal,7000.0,40014.8
3779,1997-11-30,cash withdrawal · statement fee,14.6,40186.4
3779,1997-11-30,interest,0.0,40201.0
3779,1997-12-06,cash deposit,0.0,57292.4
3779,1997-12-06,transfer out · household bill,159.0,57133.4
3779,1997-12-11,transfer out,853.0,56280.4
3779,1997-12-12,transfer out · insurance,2969.0,53311.4
3779,1997-12-24,cash withdrawal,10800.0,42511.4
3779,1997-12-31,cash withdrawal · statement fee,14.6,42700.5
3779,1997-12-31,interest,0.0,42715.1
3779,1998-01-06,cash deposit,0.0,54104.5
3779,1998-01-06,transfer out · household bill,159.0,53945.5
3779,1998-01-11,transfer out,853.0,53092.5
3779,1998-01-12,transfer out · insurance,2969.0,47923.5
3779,1998-01-12,cash withdrawal,2200.0,50892.5
3779,1998-01-15,cash withdrawal,2500.0,45423.5
3779,1998-01-17,cash withdrawal,3800.0,41623.5
3779,1998-01-18,cash withdrawal,2300.0,39323.5
3779,1998-01-19,cash withdrawal,1300.0,38023.5
3779,1998-01-21,cash withdrawal,3000.0,35023.5
3779,1998-01-23,cash deposit,0.0,35923.5
3779,1998-01-24,cash withdrawal,2200.0,33723.5
3779,1998-01-27,cash withdrawal,2300.0,31423.5
3779,1998-01-29,cash withdrawal,2000.0,29423.5
3779,1998-01-31,cash withdrawal · statement fee,14.6,29582.0
3779,1998-01-31,interest,0.0,29596.6
3779,1998-02-06,cash deposit,0.0,40986.0
3779,1998-02-06,transfer out · household bill,159.0,40827.0
3779,1998-02-11,transfer out,853.0,39974.0
3779,1998-02-12,transfer out · insurance,2969.0,37005.0
3779,1998-02-22,cash withdrawal,1300.0,35705.0
3779,1998-02-28,cash withdrawal · statement fee,14.6,35839.8
3779,1998-02-28,interest,0.0,35854.4
3779,1998-03-06,cash deposit,0.0,47243.8
3779,1998-03-06,transfer out · household bill,159.0,47084.8
3779,1998-03-08,cash withdrawal,1700.0,45384.8
3779,1998-03-11,transfer out,853.0,44531.8
3779,1998-03-12,transfer out · insurance,2969.0,41562.8
3779,1998-03-24,cash deposit,0.0,42462.8
3779,1998-03-28,cash withdrawal,4500.0,37962.8
3779,1998-03-31,cash withdrawal · statement fee,14.6,38118.3
3779,1998-03-31,interest,0.0,38132.9
3779,1998-04-06,cash deposit,0.0,49522.3
3779,1998-04-06,transfer out · household bill,159.0,49363.3
3779,1998-04-11,transfer out,853.0,48510.3
3779,1998-04-12,transfer out · insurance,2969.0,45541.3
3779,1998-04-23,cash withdrawal,5900.0,39641.3
3779,1998-04-30,cash withdrawal · statement fee,14.6,39806.6
3779,1998-04-30,interest,0.0,39821.2
3779,1998-05-06,cash deposit,0.0,51210.6
3779,1998-05-06,transfer out · household bill,159.0,51051.6
3779,1998-05-11,transfer out,853.0,50198.6
3779,1998-05-12,transfer out · insurance,2969.0,47229.6
3779,1998-05-23,cash withdrawal,4000.0,43229.6
3779,1998-05-31,cash withdrawal · statement fee,14.6,43403.5
3779,1998-05-31,interest,0.0,43418.1
3779,1998-06-06,cash deposit,0.0,60509.5
3779,1998-06-06,transfer out · household bill,159.0,60350.5
3779,1998-06-11,transfer out,853.0,59497.5
3779,1998-06-12,transfer out · insurance,2969.0,56528.5
3779,1998-06-22,cash withdrawal,5300.0,51228.5
3779,1998-06-27,cash withdrawal,23000.0,28228.5
3779,1998-06-30,cash withdrawal · statement fee,14.6,28422.6
3779,1998-06-30,interest,0.0,28437.2
3779,1998-07-06,cash deposit,0.0,39826.6
3779,1998-07-06,transfer out · household bill,159.0,39667.6
3779,1998-07-11,transfer out,853.0,38814.6
3779,1998-07-12,transfer out · insurance,2969.0,35845.6
3779,1998-07-22,cash deposit,0.0,43345.6
3779,1998-07-31,cash withdrawal · statement fee,14.6,43486.9
3779,1998-07-31,interest,0.0,43501.5
3779,1998-08-06,cash deposit,0.0,54890.9
3779,1998-08-06,transfer out · household bill,159.0,54731.9
3779,1998-08-11,transfer out,853.0,53878.9
3779,1998-08-12,transfer out · insurance,2969.0,50909.9
3779,1998-08-21,cash deposit,0.0,52709.9
3779,1998-08-31,cash withdrawal · statement fee,14.6,52906.3
3779,1998-08-31,interest,0.0,52920.9
3779,1998-09-06,cash deposit,0.0,64310.3
3779,1998-09-06,transfer out · household bill,159.0,64151.3
3779,1998-09-11,transfer out,853.0,63298.3
3779,1998-09-12,transfer out · insurance,2969.0,60329.3
3779,1998-09-20,cash withdrawal,6000.0,54329.3
3779,1998-09-30,cash withdrawal · statement fee,14.6,54553.2
3779,1998-09-30,interest,0.0,54567.8
3779,1998-10-06,cash deposit,0.0,65957.2
3779,1998-10-06,transfer out · household bill,159.0,65798.2
3779,1998-10-11,transfer out,853.0,64945.2
3779,1998-10-12,transfer out · insurance,2969.0,61976.2
3779,1998-10-20,cash withdrawal,8100.0,53876.2
3779,1998-10-31,cash withdrawal · statement fee,14.6,54102.9
3779,1998-10-31,interest,0.0,54117.5
3779,1998-11-06,cash deposit,0.0,65506.9
3779,1998-11-06,transfer out · household bill,159.0,65347.9
3779,1998-11-11,transfer out,853.0,64494.9
3779,1998-11-12,transfer out · insurance,2969.0,61525.9
3779,1998-11-19,cash withdrawal,2900.0,58625.9
3779,1998-11-30,cash withdrawal · statement fee,14.6,58858.7
3779,1998-11-30,interest,0.0,58873.3
3779,1998-12-06,cash deposit,0.0,75964.7
3779,1998-12-06,transfer out · household bill,159.0,75805.7
3779,1998-12-11,transfer out,853.0,74952.7
3779,1998-12-12,transfer out · insurance,2969.0,71983.7
3779,1998-12-19,cash withdrawal,12200.0,59783.7
3779,1998-12-22,cash withdrawal,900.0,58883.7
3779,1998-12-31,interest,0.0,59153.3
3801,1996-06-20,cash deposit,0.0,200.0
3801,1996-07-08,cash deposit,0.0,22151.0
3801,1996-07-20,cash withdrawal,1500.0,20651.0
3801,1996-07-31,interest,0.0,20684.3
3801,1996-08-08,cash deposit,0.0,42635.3
3801,1996-08-19,cash withdrawal,10200.0,32435.3
3801,1996-08-31,interest,0.0,32541.9
3801,1996-09-08,cash deposit,0.0,54492.9
3801,1996-09-18,cash withdrawal,17500.0,36992.9
3801,1996-09-30,interest,0.0,37136.3
3801,1996-10-08,cash deposit,0.0,59087.3
3801,1996-10-18,cash withdrawal,21000.0,38087.3
3801,1996-10-31,interest,0.0,38243.5
3801,1996-11-08,cash deposit,0.0,60194.5
3801,1996-11-17,cash withdrawal,19300.0,40894.5
3801,1996-11-30,cash withdrawal · statement fee,14.6,41044.1
3801,1996-11-30,interest,0.0,41058.7
3801,1996-12-06,cash withdrawal,1100.0,39944.1
3801,1996-12-08,cash deposit,0.0,72870.1
3801,1996-12-17,cash withdrawal,26700.0,46170.1
3801,1996-12-31,cash withdrawal · statement fee,14.6,46375.3
3801,1996-12-31,interest,0.0,46389.9
3801,1997-01-03,cash withdrawal,6900.0,39475.3
3801,1997-01-08,cash deposit,0.0,61426.3
3801,1997-01-14,cash withdrawal,500.0,60926.3
3801,1997-01-16,cash withdrawal,2900.0,40026.3
3801,1997-01-16,cash withdrawal,18000.0,42926.3
3801,1997-01-17,cash withdrawal,1900.0,38126.3
3801,1997-01-20,cash withdrawal,700.0,37426.3
3801,1997-01-22,cash withdrawal,1000.0,36426.3
3801,1997-01-26,cash withdrawal,1500.0,34926.3
3801,1997-01-31,cash withdrawal · statement fee,14.6,35099.8
3801,1997-01-31,interest,0.0,35114.4
3801,1997-02-08,cash deposit,0.0,57050.8
3801,1997-02-15,cash withdrawal,17200.0,39850.8
3801,1997-02-28,cash withdrawal · statement fee,14.6,39992.4
3801,1997-02-28,interest,0.0,40007.0
3801,1997-03-08,cash deposit,0.0,61943.4
3801,1997-03-17,cash withdrawal,19600.0,42343.4
3801,1997-03-31,cash withdrawal · statement fee,14.6,42500.1
3801,1997-03-31,interest,0.0,42514.7
3801,1997-04-07,cash withdrawal,4700.0,37800.1
3801,1997-04-08,cash deposit,0.0,59751.1
3801,1997-04-16,cash withdrawal,22600.0,37151.1
3801,1997-04-30,cash withdrawal · statement fee,14.6,37321.5
3801,1997-04-30,interest,0.0,37336.1
3801,1997-05-08,cash deposit,0.0,59272.5
3801,1997-05-16,cash withdrawal,17900.0,41372.5
3801,1997-05-31,cash withdrawal · statement fee,14.6,41522.1
3801,1997-05-31,interest,0.0,41536.7
3801,1997-06-08,cash deposit,0.0,74448.1
3801,1997-06-12,cash withdrawal,7900.0,66548.1
3801,1997-06-15,cash withdrawal,25500.0,41048.1
3801,1997-06-30,cash withdrawal · statement fee,14.6,41215.8
3801,1997-06-30,interest,0.0,41230.4
3801,1997-07-07,cash withdrawal,4200.0,37015.8
3801,1997-07-08,cash deposit,0.0,58966.8
3801,1997-07-15,cash withdrawal,23700.0,35266.8
3801,1997-07-31,cash withdrawal · statement fee,14.6,35426.9
3801,1997-07-31,interest,0.0,35441.5
3801,1997-08-08,cash deposit,0.0,57377.9
3801,1997-08-14,cash withdrawal,20800.0,36577.9
3801,1997-08-31,cash withdrawal · statement fee,14.6,36713.5
3801,1997-08-31,interest,0.0,36728.1
3801,1997-09-08,cash deposit,0.0,58664.5
3801,1997-09-13,cash withdrawal,22600.0,36064.5
3801,1997-09-30,cash withdrawal · statement fee,14.6,36201.0
3801,1997-09-30,interest,0.0,36215.6
3801,1997-10-04,cash withdrawal,3000.0,33201.0
3801,1997-10-08,cash deposit,0.0,55152.0
3801,1997-10-13,cash withdrawal,21400.0,33752.0
3801,1997-10-31,cash withdrawal · statement fee,14.6,33894.5
3801,1997-10-31,interest,0.0,33909.1
3801,1997-11-01,cash withdrawal,4300.0,29594.5
3801,1997-11-08,cash deposit,0.0,51545.5
3801,1997-11-12,cash withdrawal,20500.0,31045.5
3801,1997-11-30,cash withdrawal · statement fee,14.6,31174.1
3801,1997-11-30,interest,0.0,31188.7
3801,1997-12-08,cash deposit,0.0,64100.1
3801,1997-12-09,cash withdrawal,2500.0,61600.1
3801,1997-12-12,cash withdrawal,23600.0,38000.1
3801,1997-12-31,cash withdrawal · statement fee,14.6,38145.7
3801,1997-12-31,interest,0.0,38160.3
3801,1998-01-02,cash withdrawal,500.0,37645.7
3801,1998-01-07,cash withdrawal,1500.0,36145.7
3801,1998-01-08,cash deposit,0.0,58096.7
3801,1998-01-10,cash withdrawal,2200.0,55896.7
3801,1998-01-11,cash withdrawal,24200.0,31696.7
3801,1998-01-15,cash withdrawal,9300.0,22396.7
3801,1998-01-19,cash withdrawal,2500.0,19896.7
3801,1998-01-25,cash withdrawal,2300.0,17596.7
3801,1998-01-29,cash withdrawal,1100.0,16496.7
3801,1998-01-31,cash withdrawal · statement fee,14.6,16601.7
3801,1998-01-31,interest,0.0,16616.3
3801,1998-02-08,cash deposit,0.0,38552.7
3801,1998-02-10,cash withdrawal,21200.0,17352.7
3801,1998-02-28,cash withdrawal · statement fee,14.6,17409.0
3801,1998-02-28,interest,0.0,17423.6
3801,1998-03-08,cash deposit,0.0,39360.0
3801,1998-03-12,cash withdrawal,21500.0,17860.0
3801,1998-03-31,cash withdrawal · statement fee,14.6,17918.7
3801,1998-03-31,interest,0.0,17933.3
3801,1998-04-08,cash deposit,0.0,39869.7
3801,1998-04-11,cash withdrawal,21200.0,18669.7
3801,1998-04-21,cash withdrawal,4000.0,14669.7
3801,1998-04-30,cash withdrawal · statement fee,14.6,14725.7
3801,1998-04-30,interest,0.0,14740.3
3801,1998-05-08,cash deposit,0.0,36676.7
3801,1998-05-11,cash withdrawal,19100.0,17576.7
3801,1998-05-31,cash withdrawal · statement fee,14.6,17631.0
3801,1998-05-31,interest,0.0,17645.6
3801,1998-06-08,cash deposit,0.0,50557.0
3801,1998-06-10,cash withdrawal,23800.0,26757.0
3801,1998-06-21,cash withdrawal,500.0,26257.0
3801,1998-06-30,cash withdrawal · statement fee,14.6,26341.1
3801,1998-06-30,interest,0.0,26355.7
3801,1998-07-08,cash deposit,0.0,48292.1
3801,1998-07-10,cash withdrawal,22800.0,25492.1
3801,1998-07-24,cash withdrawal,4900.0,20592.1
3801,1998-07-31,cash withdrawal · statement fee,14.6,20678.8
3801,1998-07-31,interest,0.0,20693.4
3801,1998-08-08,cash deposit,0.0,42629.8
3801,1998-08-09,cash withdrawal,21600.0,21029.8
3801,1998-08-31,cash withdrawal · statement fee,14.6,21101.7
3801,1998-08-31,interest,0.0,21116.3
3801,1998-09-08,cash deposit,0.0,43052.7
3801,1998-09-08,cash withdrawal,21800.0,21252.7
3801,1998-09-30,cash withdrawal · statement fee,14.6,21325.7
3801,1998-09-30,interest,0.0,21340.3
3801,1998-10-08,cash deposit,0.0,43276.7
3801,1998-10-08,cash withdrawal,24100.0,19176.7
3801,1998-10-30,cash withdrawal,1900.0,17276.7
3801,1998-10-31,cash withdrawal · statement fee,14.6,17414.3
3801,1998-10-31,interest,0.0,17428.9
3801,1998-11-08,cash deposit,0.0,39365.3
3801,1998-11-08,cash withdrawal,4100.0,35265.3
3801,1998-11-25,cash withdrawal,2700.0,32565.3
3801,1998-11-30,cash withdrawal · statement fee,14.6,32677.4
3801,1998-11-30,interest,0.0,32692.0
3801,1998-12-04,cash withdrawal,3300.0,29377.4
3801,1998-12-08,cash deposit,0.0,62303.4
3801,1998-12-30,cash withdrawal,1800.0,60503.4
3801,1998-12-31,interest,0.0,60733.9
3919,1997-10-18,cash deposit,0.0,200.0
3919,1997-11-07,cash deposit,0.0,17430.0
3919,1997-11-17,cash deposit,0.0,24430.0
3919,1997-11-30,interest,0.0,24477.5
3919,1997-12-07,cash deposit,0.0,50322.5
3919,1997-12-17,cash withdrawal,10700.0,39622.5
3919,1997-12-31,interest,0.0,39754.9
3919,1998-01-07,cash deposit,0.0,56984.9
3919,1998-01-16,cash withdrawal,11200.0,45784.9
3919,1998-01-31,interest,0.0,45963.3
3919,1998-02-07,cash deposit,0.0,63193.3
3919,1998-02-15,cash withdrawal,15600.0,47593.3
3919,1998-02-28,interest,0.0,47787.8
3919,1998-03-07,cash deposit,0.0,65017.8
3919,1998-03-10,transfer out · household bill,3521.0,61496.8
3919,1998-03-17,cash withdrawal,13700.0,47796.8
3919,1998-03-27,cash withdrawal,4080.0,43716.8
3919,1998-03-31,cash withdrawal · statement fee,14.6,43911.3
3919,1998-03-31,interest,0.0,43925.9
3919,1998-04-07,cash deposit,0.0,61141.3
3919,1998-04-10,transfer out · household bill,3521.0,57620.3
3919,1998-04-16,cash withdrawal,9300.0,48320.3
3919,1998-04-30,cash withdrawal · statement fee,14.6,48509.2
3919,1998-04-30,interest,0.0,48523.8
3919,1998-05-07,cash deposit,0.0,65739.2
3919,1998-05-10,transfer out · household bill,3521.0,62218.2
3919,1998-05-16,cash withdrawal,15700.0,46518.2
3919,1998-05-31,cash withdrawal · statement fee,14.6,46712.5
3919,1998-05-31,interest,0.0,46727.1
3919,1998-06-07,cash deposit,0.0,72557.5
3919,1998-06-09,cash withdrawal,32000.0,40557.5
3919,1998-06-10,transfer out · household bill,3521.0,37036.5
3919,1998-06-15,cash withdrawal,1300.0,35736.5
3919,1998-06-30,cash withdrawal · statement fee,14.6,35884.6
3919,1998-06-30,interest,0.0,35899.2
3919,1998-07-07,cash deposit,0.0,53114.6
3919,1998-07-10,transfer out · household bill,3521.0,49593.6
3919,1998-07-15,cash withdrawal,4800.0,44793.6
3919,1998-07-31,cash withdrawal · statement fee,14.6,44958.0
3919,1998-07-31,interest,0.0,44972.6
3919,1998-08-07,cash deposit,0.0,62188.0
3919,1998-08-10,transfer out · household bill,3521.0,58667.0
3919,1998-08-14,cash withdrawal,6500.0,52167.0
3919,1998-08-31,cash withdrawal · statement fee,14.6,52364.5
3919,1998-08-31,interest,0.0,52379.1
3919,1998-09-07,cash deposit,0.0,69594.5
3919,1998-09-10,transfer out · household bill,3521.0,66073.5
3919,1998-09-13,cash withdrawal,12700.0,53373.5
3919,1998-09-30,cash withdrawal · statement fee,14.6,53585.2
3919,1998-09-30,interest,0.0,53599.8
3919,1998-10-07,cash deposit,0.0,70815.2
3919,1998-10-10,transfer out · household bill,3521.0,67294.2
3919,1998-10-13,cash withdrawal,14500.0,52794.2
3919,1998-10-31,cash withdrawal · statement fee,14.6,53006.3
3919,1998-10-31,interest,0.0,53020.9
3919,1998-11-07,cash deposit,0.0,70236.3
3919,1998-11-10,transfer out · household bill,3521.0,66715.3
3919,1998-11-12,cash withdrawal,11300.0,55415.3
3919,1998-11-30,cash withdrawal · statement fee,14.6,55631.5
3919,1998-11-30,interest,0.0,55646.1
3919,1998-12-07,cash deposit,0.0,81476.5
3919,1998-12-09,cash withdrawal,3000.0,78476.5
3919,1998-12-10,transfer out · household bill,3521.0,74955.5
3919,1998-12-12,cash withdrawal,16200.0,58755.5
3919,1998-12-14,cash withdrawal,1120.0,57635.5
3919,1998-12-31,interest,0.0,57881.1
4346,1996-03-15,cash deposit,0.0,800.0
4346,1996-03-18,cash deposit,0.0,48812.0
4346,1996-03-31,interest,0.0,48903.8
4346,1996-04-03,cash deposit,0.0,93382.9
4346,1996-04-14,cash withdrawal,34400.0,58982.9
4346,1996-04-26,cash deposit,0.0,101556.9
4346,1996-04-30,interest,0.0,101813.8
4346,1996-05-03,cash deposit,0.0,145585.8
4346,1996-05-03,cash withdrawal,22500.0,123085.8
4346,1996-05-14,cash withdrawal,50100.0,72985.8
4346,1996-05-31,interest,0.0,73371.7
4346,1996-06-11,cash deposit,0.0,114822.7
4346,1996-06-11,cash withdrawal,61700.0,53122.7
4346,1996-06-13,cash withdrawal,12900.0,40222.7
4346,1996-06-17,cash deposit,0.0,55296.7
4346,1996-06-17,cash withdrawal,16823.0,38473.7
4346,1996-06-19,cash deposit,0.0,54944.7
4346,1996-06-28,cash deposit,0.0,71357.7
4346,1996-06-30,cash withdrawal · statement fee,14.6,71590.7
4346,1996-06-30,interest,0.0,71605.4
4346,1996-07-03,cash deposit,0.0,102325.7
4346,1996-07-05,transfer out · household bill,5389.0,93869.7
4346,1996-07-05,transfer out,3067.0,99258.7
4346,1996-07-06,cash withdrawal,17501.0,76368.7
4346,1996-07-09,cash deposit,0.0,125080.7
4346,1996-07-09,cash withdrawal,21600.0,103480.7
4346,1996-07-13,cash withdrawal,39300.0,64180.7
4346,1996-07-16,cash deposit,0.0,108319.7
4346,1996-07-16,cash withdrawal,29600.0,78719.7
4346,1996-07-18,cash deposit,0.0,98203.7
4346,1996-07-31,cash withdrawal · statement fee,14.6,98558.8
4346,1996-07-31,interest,0.0,98573.4
4346,1996-08-05,transfer out · household bill,5389.0,93169.8
4346,1996-08-05,transfer out,3067.0,90102.8
4346,1996-08-12,cash withdrawal,33700.0,56402.8
4346,1996-08-25,cash withdrawal,7200.0,49202.8
4346,1996-08-31,cash withdrawal · statement fee,14.6,49474.0
4346,1996-08-31,interest,0.0,49488.6
4346,1996-09-05,transfer out · household bill,5389.0,44085.0
4346,1996-09-05,transfer out,3067.0,41018.0
4346,1996-09-11,cash withdrawal,7300.0,33718.0
4346,1996-09-14,cash deposit,0.0,65979.0
4346,1996-09-21,cash deposit,0.0,105182.0
4346,1996-09-22,cash withdrawal,6623.0,98559.0
4346,1996-09-25,cash deposit,0.0,132448.0
4346,1996-09-25,cash withdrawal,32900.0,99548.0
4346,1996-09-30,cash withdrawal · statement fee,14.6,99812.1
4346,1996-09-30,interest,0.0,99826.7
4346,1996-10-05,transfer out · household bill,5389.0,91356.1
4346,1996-10-05,transfer out,3067.0,96745.1
4346,1996-10-11,cash withdrawal,31900.0,59456.1
4346,1996-10-17,cash deposit,0.0,69835.1
4346,1996-10-17,cash deposit,0.0,87009.1
4346,1996-10-31,cash withdrawal · statement fee,14.6,87349.8
4346,1996-10-31,interest,0.0,87364.4
4346,1996-11-05,transfer out · household bill,5389.0,78893.8
4346,1996-11-05,transfer out,3067.0,84282.8
4346,1996-11-07,cash deposit,0.0,117202.8
4346,1996-11-07,cash withdrawal,59900.0,57302.8
4346,1996-11-10,cash withdrawal,15500.0,41802.8
4346,1996-11-13,cash deposit,0.0,60436.8
4346,1996-11-23,cash deposit,0.0,100429.8
4346,1996-11-28,cash deposit,0.0,145070.8
4346,1996-11-28,cash withdrawal,29900.0,115170.8
4346,1996-11-30,cash withdrawal · statement fee,14.6,115471.3
4346,1996-11-30,cash withdrawal,47000.0,68471.3
4346,1996-11-30,interest,0.0,115485.9
4346,1996-12-05,transfer out · household bill,5389.0,63082.3
4346,1996-12-05,transfer out,3067.0,60015.3
4346,1996-12-09,cash deposit,0.0,67971.3
4346,1996-12-10,cash withdrawal,20200.0,47771.3
4346,1996-12-11,cash withdrawal,19804.0,27967.3
4346,1996-12-12,cash deposit,0.0,72623.3
4346,1996-12-15,cash deposit,0.0,94244.3
4346,1996-12-22,cash withdrawal,2100.0,92144.3
4346,1996-12-31,cash withdrawal · statement fee,14.6,92485.4
4346,1996-12-31,interest,0.0,92500.0
4346,1997-01-02,cash withdrawal,3900.0,88585.4
4346,1997-01-05,transfer out · household bill,5389.0,80129.4
4346,1997-01-05,transfer out,3067.0,85518.4
4346,1997-01-07,cash deposit,0.0,96042.4
4346,1997-01-09,cash deposit,0.0,107826.4
4346,1997-01-09,cash withdrawal,22400.0,58426.4
4346,1997-01-09,cash withdrawal,27000.0,80826.4
4346,1997-01-11,cash deposit,0.0,83064.4
4346,1997-01-13,cash withdrawal,3000.0,80064.4
4346,1997-01-18,cash withdrawal,4800.0,75264.4
4346,1997-01-21,cash withdrawal,2700.0,72564.4
4346,1997-01-21,cash withdrawal,6300.0,66264.4
4346,1997-01-23,cash withdrawal,23400.0,42864.4
4346,1997-01-29,cash withdrawal,1800.0,41064.4
4346,1997-01-31,cash withdrawal · statement fee,14.6,41354.5
4346,1997-01-31,interest,0.0,41369.1
4346,1997-02-05,transfer out · household bill,5389.0,32898.5
4346,1997-02-05,transfer out,3067.0,38287.5
4346,1997-02-08,cash withdrawal,5000.0,27898.5
4346,1997-02-20,cash withdrawal,3900.0,23998.5
4346,1997-02-23,cash deposit,0.0,47616.5
4346,1997-02-28,cash withdrawal,9054.0,38703.5
4346,1997-02-28,cash withdrawal · statement fee,14.6,38688.9
4346,1997-02-28,interest,0.0,47757.5
4346,1997-03-01,cash deposit,0.0,62606.9
4346,1997-03-05,transfer out · household bill,5389.0,57217.9
4346,1997-03-05,transfer out,3067.0,54150.9
4346,1997-03-09,cash deposit,0.0,86839.9
4346,1997-03-10,cash withdrawal,27300.0,59539.9
4346,1997-03-15,cash deposit,0.0,89328.9
4346,1997-03-16,cash withdrawal,16781.0,72547.9
4346,1997-03-19,cash deposit,0.0,79616.9
4346,1997-03-31,cash withdrawal · statement fee,14.6,79884.2
4346,1997-03-31,interest,0.0,79898.8
4346,1997-04-05,transfer out · household bill,5389.0,71428.2
4346,1997-04-05,transfer out,3067.0,76817.2
4346,1997-04-09,cash deposit,0.0,94384.2
4346,1997-04-09,cash withdrawal,31300.0,63084.2
4346,1997-04-10,cash deposit,0.0,99701.2
4346,1997-04-15,cash withdrawal,12300.0,87401.2
4346,1997-04-22,cash deposit,0.0,132178.2
4346,1997-04-22,cash withdrawal,57700.0,74478.2
4346,1997-04-30,cash withdrawal · statement fee,14.6,74867.7
4346,1997-04-30,interest,0.0,74882.3
4346,1997-05-05,transfer out · household bill,5389.0,69478.7
4346,1997-05-05,transfer out,3067.0,66411.7
4346,1997-05-09,cash withdrawal,13800.0,52611.7
4346,1997-05-15,cash withdrawal,20815.0,31796.7
4346,1997-05-21,cash deposit,0.0,69110.7
4346,1997-05-27,cash deposit,0.0,111559.7
4346,1997-05-31,cash withdrawal · statement fee,14.6,111819.3
4346,1997-05-31,cash withdrawal,63200.0,48619.3
4346,1997-05-31,interest,0.0,111833.9
4346,1997-06-05,transfer out · household bill,5389.0,43230.3
4346,1997-06-05,transfer out,3067.0,40163.3
4346,1997-06-08,cash withdrawal,5300.0,34863.3
4346,1997-06-12,cash deposit,0.0,55860.3
4346,1997-06-19,cash deposit,0.0,87933.3
4346,1997-06-21,cash withdrawal,2700.0,85233.3
4346,1997-06-29,cash deposit,0.0,96753.3
4346,1997-06-30,cash withdrawal · statement fee,14.6,97038.0
4346,1997-06-30,interest,0.0,97052.6
4346,1997-07-05,cash deposit,0.0,140098.0
4346,1997-07-05,transfer out · household bill,5389.0,134709.0
4346,1997-07-05,transfer out,3067.0,131642.0
4346,1997-07-05,cash withdrawal,39600.0,92042.0
4346,1997-07-08,cash withdrawal,27800.0,64242.0
4346,1997-07-31,cash withdrawal · statement fee,14.6,64540.3
4346,1997-07-31,interest,0.0,64554.9
4346,1997-08-05,transfer out · household bill,5389.0,59151.3
4346,1997-08-05,transfer out,3067.0,56084.3
4346,1997-08-07,cash withdrawal,7000.0,49084.3
4346,1997-08-16,cash deposit,0.0,57608.3
4346,1997-08-31,cash withdrawal · statement fee,14.6,57825.9
4346,1997-08-31,interest,0.0,57840.5
4346,1997-09-05,transfer out · household bill,5389.0,49369.9
4346,1997-09-05,transfer out,3067.0,54758.9
4346,1997-09-06,cash withdrawal,5100.0,44269.9
4346,1997-09-12,cash withdrawal,11700.0,32569.9
4346,1997-09-30,cash withdrawal · statement fee,14.6,32716.1
4346,1997-09-30,interest,0.0,32730.7
4346,1997-10-02,cash deposit,0.0,60654.1
4346,1997-10-05,transfer out · household bill,5389.0,52198.1
4346,1997-10-05,transfer out,3067.0,57587.1
4346,1997-10-06,cash withdrawal,9900.0,42298.1
4346,1997-10-11,cash withdrawal,7800.0,34498.1
4346,1997-10-19,cash withdrawal,3819.0,30679.1
4346,1997-10-31,cash withdrawal · statement fee,14.6,30807.2
4346,1997-10-31,interest,0.0,30821.8
4346,1997-11-05,transfer out · household bill,5389.0,28251.2
4346,1997-11-05,transfer out,3067.0,33640.2
4346,1997-11-05,cash deposit,0.0,36707.2
4346,1997-11-30,cash withdrawal · statement fee,14.6,28383.9
4346,1997-11-30,interest,0.0,28398.5
4346,1997-12-05,transfer out · household bill,5389.0,30394.9
4346,1997-12-05,transfer out,3067.0,27327.9
4346,1997-12-05,cash deposit,0.0,35783.9
4346,1997-12-31,cash withdrawal · statement fee,14.6,27426.4
4346,1997-12-31,interest,0.0,27441.0
4346,1998-01-02,cash withdrawal,1800.0,25626.4
4346,1998-01-04,cash deposit,0.0,29026.4
4346,1998-01-05,transfer out · household bill,5389.0,23637.4
4346,1998-01-05,transfer out,3067.0,20570.4
4346,1998-01-21,cash deposit,0.0,35305.4
4346,1998-01-21,cash withdrawal,3600.0,31705.4
4346,1998-01-26,cash withdrawal,2700.0,29005.4
4346,1998-01-29,cash withdrawal,6300.0,22705.4
4346,1998-01-31,cash withdrawal · statement fee,14.6,22793.2
4346,1998-01-31,interest,0.0,22807.8
4346,1998-02-03,cash deposit,0.0,30093.2
4346,1998-02-05,transfer out · household bill,5389.0,24704.2
4346,1998-02-05,transfer out,3067.0,21637.2
4346,1998-02-15,cash deposit,0.0,32511.2
4346,1998-02-28,cash withdrawal · statement fee,14.6,32608.7
4346,1998-02-28,interest,0.0,32623.3
4346,1998-03-05,transfer out · household bill,5389.0,29752.7
4346,1998-03-05,transfer out,3067.0,35141.7
4346,1998-03-05,cash deposit,0.0,38208.7
4346,1998-03-07,cash deposit,0.0,46968.7
4346,1998-03-31,cash withdrawal · statement fee,14.6,47136.0
4346,1998-03-31,interest,0.0,47150.6
4346,1998-04-01,cash deposit,0.0,81300.0
4346,1998-04-04,cash withdrawal,25900.0,55400.0
4346,1998-04-05,transfer out · household bill,5389.0,50011.0
4346,1998-04-05,transfer out,3067.0,46944.0
4346,1998-04-26,cash deposit,0.0,53254.0
4346,1998-04-30,cash withdrawal · statement fee,14.6,53439.0
4346,1998-04-30,interest,0.0,53453.6
4346,1998-05-04,cash withdrawal,9400.0,44039.0
4346,1998-05-05,transfer out · household bill,5389.0,38650.0
4346,1998-05-05,transfer out,3067.0,35583.0
4346,1998-05-31,cash withdrawal · statement fee,14.6,35724.6
4346,1998-05-31,interest,0.0,35739.2
4346,1998-06-03,cash deposit,0.0,38724.6
4346,1998-06-05,transfer out · household bill,5389.0,30268.6
4346,1998-06-05,transfer out,3067.0,35657.6
4346,1998-06-30,cash withdrawal · statement fee,14.6,30381.3
4346,1998-06-30,interest,0.0,30395.9
4346,1998-07-03,cash deposit,0.0,35181.3
4346,1998-07-05,transfer out · household bill,5389.0,29792.3
4346,1998-07-05,transfer out,3067.0,26725.3
4346,1998-07-06,cash deposit,0.0,72913.3
4346,1998-07-12,cash withdrawal,6859.0,66054.3
4346,1998-07-12,cash withdrawal,3600.0,62454.3
4346,1998-07-31,cash withdrawal · statement fee,14.6,62684.8
4346,1998-07-31,interest,0.0,62699.4
4346,1998-08-02,cash withdrawal,14000.0,48684.8
4346,1998-08-05,transfer out · household bill,5389.0,40228.8
4346,1998-08-05,transfer out,3067.0,45617.8
4346,1998-08-12,cash deposit,0.0,79191.8
4346,1998-08-23,cash deposit,0.0,118843.8
4346,1998-08-23,cash withdrawal,46600.0,72243.8
4346,1998-08-31,cash withdrawal · statement fee,14.6,72508.4
4346,1998-08-31,interest,0.0,72523.0
4346,1998-09-01,cash withdrawal,12400.0,60108.4
4346,1998-09-05,transfer out · household bill,5389.0,51652.4
4346,1998-09-05,transfer out,3067.0,57041.4
4346,1998-09-10,cash withdrawal,13200.0,38452.4
4346,1998-09-30,cash withdrawal · statement fee,14.6,38627.9
4346,1998-09-30,interest,0.0,38642.5
4346,1998-10-01,cash deposit,0.0,39727.9
4346,1998-10-05,transfer out · household bill,5389.0,31271.9
4346,1998-10-05,transfer out,3067.0,36660.9
4346,1998-10-27,cash deposit,0.0,71049.9
4346,1998-10-31,cash withdrawal · statement fee,14.6,60808.8
4346,1998-10-31,cash withdrawal,10400.0,60823.4
4346,1998-10-31,interest,0.0,71223.4
4346,1998-11-05,transfer out · household bill,5389.0,55419.8
4346,1998-11-05,transfer out,3067.0,52352.8
4346,1998-11-30,cash withdrawal · statement fee,14.6,51369.3
4346,1998-11-30,cash withdrawal,1200.0,51383.9
4346,1998-11-30,interest,0.0,52583.9
4346,1998-12-05,transfer out · household bill,5389.0,42913.3
4346,1998-12-05,transfer out,3067.0,48302.3
4346,1998-12-18,cash deposit,0.0,86658.3
4346,1998-12-21,cash withdrawal,3600.0,83058.3
4346,1998-12-28,cash withdrawal,13800.0,69258.3
4346,1998-12-31,interest,0.0,69508.8
4725,1997-04-14,cash deposit,0.0,700.0
4725,1997-05-06,transfer in,0.0,28745.0
4725,1997-05-14,cash withdrawal,5700.0,23045.0
4725,1997-05-31,interest,0.0,23100.8
4725,1997-06-06,transfer in,0.0,65168.8
4725,1997-06-13,cash withdrawal,26400.0,38768.8
4725,1997-06-30,interest,0.0,38904.1
4725,1997-07-06,transfer in,0.0,66949.1
4725,1997-07-13,cash withdrawal,24700.0,42249.1
4725,1997-07-31,interest,0.0,42419.5
4725,1997-08-06,transfer in,0.0,70464.5
4725,1997-08-12,cash withdrawal,28100.0,42364.5
4725,1997-08-31,interest,0.0,42540.8
4725,1997-09-06,transfer in,0.0,70585.8
4725,1997-09-09,transfer out · household bill,13462.0,57123.8
4725,1997-09-11,cash withdrawal,18500.0,38623.8
4725,1997-09-23,cash withdrawal,4700.0,33923.8
4725,1997-09-24,cash withdrawal,4000.0,29923.8
4725,1997-09-30,cash withdrawal · statement fee,14.6,30070.4
4725,1997-09-30,interest,0.0,30085.0
4725,1997-10-06,transfer in,0.0,58115.4
4725,1997-10-09,transfer out · household bill,13462.0,44653.4
4725,1997-10-11,cash withdrawal,17200.0,27453.4
4725,1997-10-31,cash withdrawal · statement fee,14.6,27560.6
4725,1997-10-31,interest,0.0,27575.2
4725,1997-11-06,transfer in,0.0,55605.6
4725,1997-11-09,transfer out · household bill,13462.0,42143.6
4725,1997-11-10,cash withdrawal,14000.0,28143.6
4725,1997-11-12,transfer out · loan payment,4674.2,23469.4
4725,1997-11-30,cash withdrawal · statement fee,14.6,23561.0
4725,1997-11-30,interest,0.0,23575.6
4725,1997-12-06,transfer in,0.0,65629.0
4725,1997-12-09,transfer out · household bill,13462.0,52167.0
4725,1997-12-10,cash withdrawal,22400.0,29767.0
4725,1997-12-12,transfer out · loan payment,4674.2,25092.9
4725,1997-12-18,cash withdrawal,2100.0,22992.9
4725,1997-12-31,cash withdrawal · statement fee,14.6,23082.1
4725,1997-12-31,interest,0.0,23096.7
4725,1998-01-02,cash withdrawal,1500.0,21582.1
4725,1998-01-06,transfer in,0.0,49627.1
4725,1998-01-06,cash withdrawal,3300.0,46327.1
4725,1998-01-09,transfer out · household bill,13462.0,22465.1
4725,1998-01-09,cash withdrawal,10400.0,35927.1
4725,1998-01-11,cash withdrawal,2400.0,20065.1
4725,1998-01-12,transfer out · loan payment,4674.2,15390.9
4725,1998-01-31,cash withdrawal · statement fee,14.6,15465.5
4725,1998-01-31,interest,0.0,15480.1
4725,1998-02-06,transfer in,0.0,43510.5
4725,1998-02-08,cash withdrawal,20200.0,23310.5
4725,1998-02-09,transfer out · household bill,13462.0,9848.5
4725,1998-02-12,transfer out · loan payment,4674.2,5174.3
4725,1998-02-28,cash withdrawal · statement fee,14.6,5196.7
4725,1998-02-28,interest,0.0,5211.3
4725,1998-03-06,transfer in,0.0,33241.7
4725,1998-03-09,transfer out · household bill,13462.0,19779.7
4725,1998-03-10,cash withdrawal,5200.0,14579.7
4725,1998-03-12,transfer out · loan payment,4674.2,9905.5
4725,1998-03-31,cash withdrawal · statement fee,14.6,9929.5
4725,1998-03-31,interest,0.0,9944.1
4725,1998-04-06,transfer in,0.0,37974.5
4725,1998-04-09,transfer out · household bill,13462.0,24512.5
4725,1998-04-09,cash withdrawal,5500.0,19012.5
4725,1998-04-12,transfer out · loan payment,4674.2,14338.4
4725,1998-04-30,cash withdrawal · statement fee,14.6,14380.4
4725,1998-04-30,interest,0.0,14395.0
4725,1998-05-06,transfer in,0.0,42425.4
4725,1998-05-09,transfer out · household bill,13462.0,28963.4
4725,1998-05-09,cash withdrawal,6600.0,22363.4
4725,1998-05-12,transfer out · loan payment,4674.2,17689.2
4725,1998-05-31,cash withdrawal · statement fee,14.6,17746.4
4725,1998-05-31,interest,0.0,17761.0
4725,1998-06-06,transfer in,0.0,59814.4
4725,1998-06-08,cash withdrawal,22000.0,37814.4
4725,1998-06-09,transfer out · household bill,13462.0,24352.4
4725,1998-06-12,transfer out · loan payment,4674.2,19678.3
4725,1998-06-30,cash withdrawal · statement fee,14.6,19748.0
4725,1998-06-30,interest,0.0,19762.6
4725,1998-07-06,transfer in,0.0,47793.0
4725,1998-07-08,cash withdrawal,22300.0,25493.0
4725,1998-07-09,transfer out · household bill,13462.0,12031.0
4725,1998-07-12,transfer out · loan payment,4674.2,7356.8
4725,1998-07-31,cash withdrawal · statement fee,14.6,7388.6
4725,1998-07-31,interest,0.0,7403.2
4725,1998-08-06,transfer in,0.0,35433.6
4725,1998-08-07,cash withdrawal,12600.0,22833.6
4725,1998-08-09,transfer out · household bill,13462.0,9371.6
4725,1998-08-12,transfer out · loan payment,4674.2,4697.4
4725,1998-08-31,cash withdrawal · statement fee,14.6,4711.0
4725,1998-08-31,interest,0.0,4725.6
4725,1998-09-06,transfer in,0.0,32756.0
4725,1998-09-06,cash withdrawal,9900.0,22856.0
4725,1998-09-09,transfer out · household bill,13462.0,9394.0
4725,1998-09-12,transfer out · loan payment,4674.2,4719.8
4725,1998-09-30,cash withdrawal · statement fee,14.6,4734.1
4725,1998-09-30,interest,0.0,4748.7
4725,1998-10-06,transfer in,0.0,32779.1
4725,1998-10-06,cash withdrawal,10400.0,22379.1
4725,1998-10-09,transfer out · household bill,13462.0,8917.1
4725,1998-10-12,transfer out · loan payment,4674.2,4242.9
4725,1998-10-31,cash withdrawal · statement fee,14.6,4255.1
4725,1998-10-31,interest,0.0,4269.7
4725,1998-11-06,transfer in,0.0,32300.1
4725,1998-11-09,transfer out · household bill,13462.0,18838.1
4725,1998-11-12,transfer out · loan payment,4674.2,14163.9
4725,1998-11-30,cash withdrawal · statement fee,14.6,14198.9
4725,1998-11-30,interest,0.0,14213.5
4725,1998-12-06,transfer in,0.0,56266.9
4725,1998-12-09,transfer out · household bill,13462.0,42804.9
4725,1998-12-12,transfer out · loan payment,4674.2,38130.7
4725,1998-12-14,cash withdrawal,4800.0,33330.7
4725,1998-12-31,interest,0.0,33453.7
5574,1994-07-14,cash deposit,0.0,900.0
5574,1994-08-08,transfer in,0.0,48610.0
5574,1994-08-13,cash withdrawal,11200.0,37410.0
5574,1994-08-31,interest,0.0,37505.5
5574,1994-09-08,transfer in,0.0,85215.5
5574,1994-09-12,cash withdrawal,31100.0,54115.5
5574,1994-09-30,interest,0.0,54315.5
5574,1994-10-08,transfer in,0.0,102025.5
5574,1994-10-12,cash withdrawal,37300.0,64725.5
5574,1994-10-31,interest,0.0,64979.5
5574,1994-11-08,transfer in,0.0,112689.5
5574,1994-11-08,cash withdrawal,59000.0,53689.5
5574,1994-11-11,cash withdrawal,16600.0,37089.5
5574,1994-11-27,cash withdrawal,2700.0,34389.5
5574,1994-11-30,interest,0.0,34576.3
5574,1994-12-08,transfer in,0.0,106141.3
5574,1994-12-11,cash withdrawal,42100.0,64041.3
5574,1994-12-12,transfer out · household bill,11878.0,52163.3
5574,1994-12-15,cash withdrawal,6000.0,46163.3
5574,1994-12-20,cash withdrawal,3900.0,42263.3
5574,1994-12-31,cash withdrawal · statement fee,30.0,42408.4
5574,1994-12-31,interest,0.0,42438.4
5574,1995-01-05,cash withdrawal,3100.0,39308.4
5574,1995-01-06,cash withdrawal,7500.0,31808.4
5574,1995-01-08,transfer in,0.0,79518.4
5574,1995-01-08,cash withdrawal,6900.0,72618.4
5574,1995-01-10,cash withdrawal,8100.0,42218.4
5574,1995-01-10,cash withdrawal,22300.0,50318.4
5574,1995-01-12,transfer out · household bill,11878.0,30340.4
5574,1995-01-26,cash withdrawal,3600.0,26740.4
5574,1995-01-28,cash withdrawal,3300.0,23440.4
5574,1995-01-29,cash withdrawal,3000.0,20440.4
5574,1995-01-31,cash withdrawal · statement fee,30.0,20556.1
5574,1995-01-31,interest,0.0,20586.1
5574,1995-02-04,cash withdrawal,2600.0,17956.1
5574,1995-02-08,transfer in,0.0,65666.1
5574,1995-02-09,cash withdrawal,20500.0,45166.1
5574,1995-02-12,transfer out · household bill,11878.0,33288.1
5574,1995-02-28,cash withdrawal · statement fee,30.0,33393.7
5574,1995-02-28,interest,0.0,33423.7
5574,1995-03-08,transfer in,0.0,81103.7
5574,1995-03-11,cash withdrawal,24900.0,56203.7
5574,1995-03-12,cash withdrawal,3700.0,40179.7
5574,1995-03-12,transfer out · household bill,11878.0,28301.7
5574,1995-03-12,cash withdrawal,12324.0,43879.7
5574,1995-03-22,cash withdrawal,5392.0,22909.7
5574,1995-03-31,cash withdrawal · statement fee,30.0,23001.0
5574,1995-03-31,interest,0.0,23031.0
5574,1995-04-08,transfer in,0.0,70711.0
5574,1995-04-08,cash withdrawal,4800.0,65911.0
5574,1995-04-10,cash withdrawal,19100.0,46811.0
5574,1995-04-12,transfer out · household bill,11878.0,34933.0
5574,1995-04-29,cash withdrawal,4779.0,30154.0
5574,1995-04-30,cash withdrawal · statement fee,30.0,30269.9
5574,1995-04-30,interest,0.0,30299.9
5574,1995-05-04,cash withdrawal,7500.0,22769.9
5574,1995-05-06,cash withdrawal,3800.0,18969.9
5574,1995-05-08,transfer in,0.0,66679.9
5574,1995-05-10,cash withdrawal,20900.0,45779.9
5574,1995-05-12,transfer out · household bill,11878.0,33901.9
5574,1995-05-19,cash withdrawal,5400.0,28501.9
5574,1995-05-20,cash withdrawal,2400.0,26101.9
5574,1995-05-27,cash withdrawal,5300.0,20801.9
5574,1995-05-31,cash withdrawal · statement fee,30.0,20901.8
5574,1995-05-31,interest,0.0,20931.8
5574,1995-06-08,transfer in,0.0,92466.8
5574,1995-06-09,cash withdrawal,36300.0,56166.8
5574,1995-06-12,transfer out · household bill,11878.0,44288.8
5574,1995-06-21,cash withdrawal,24145.0,20143.8
5574,1995-06-30,cash withdrawal,2400.0,17843.7
5574,1995-06-30,cash withdrawal · statement fee,30.0,20243.7
5574,1995-06-30,interest,0.0,20273.7
5574,1995-07-08,transfer in,0.0,65553.7
5574,1995-07-09,cash withdrawal,20200.0,45353.7
5574,1995-07-12,transfer out · household bill,11878.0,23340.7
5574,1995-07-12,cash withdrawal,10135.0,35218.7
5574,1995-07-31,cash withdrawal · statement fee,30.0,23413.4
5574,1995-07-31,interest,0.0,23443.4
5574,1995-08-04,cash withdrawal,5200.0,18213.4
5574,1995-08-08,transfer in,0.0,65923.4
5574,1995-08-08,cash withdrawal,22200.0,43723.4
5574,1995-08-12,transfer out · household bill,11878.0,31845.4
5574,1995-08-18,cash withdrawal,12300.0,19545.4
5574,1995-08-31,cash withdrawal · statement fee,30.0,19635.3
5574,1995-08-31,interest,0.0,19665.3
5574,1995-09-07,cash deposit,0.0,21135.3
5574,1995-09-08,transfer in,0.0,68845.3
5574,1995-09-08,cash withdrawal,4800.0,64045.3
5574,1995-09-09,cash withdrawal,2475.0,61570.3
5574,1995-09-12,transfer out · household bill,11878.0,49692.3
5574,1995-09-30,cash withdrawal · statement fee,30.0,49847.7
5574,1995-09-30,interest,0.0,49877.7
5574,1995-10-03,cash withdrawal,8976.0,40871.7
5574,1995-10-07,cash withdrawal,8600.0,32271.7
5574,1995-10-08,transfer in,0.0,79981.7
5574,1995-10-12,transfer out · household bill,11878.0,68103.7
5574,1995-10-17,cash withdrawal,3300.0,64803.7
5574,1995-10-23,cash withdrawal,8441.0,56362.7
5574,1995-10-31,cash withdrawal · statement fee,30.0,56586.5
5574,1995-10-31,interest,0.0,56616.5
5574,1995-11-06,cash withdrawal,16700.0,39886.5
5574,1995-11-08,transfer in,0.0,87596.5
5574,1995-11-08,cash withdrawal,3900.0,83696.5
5574,1995-11-09,cash withdrawal,9900.0,73796.5
5574,1995-11-12,transfer out · household bill,11878.0,61918.5
5574,1995-11-17,cash withdrawal,10200.0,51718.5
5574,1995-11-26,cash withdrawal,3600.0,48118.5
5574,1995-11-29,cash withdrawal,3068.0,45050.5
5574,1995-11-30,cash withdrawal · statement fee,30.0,45258.5
5574,1995-11-30,interest,0.0,45288.5
5574,1995-12-06,cash withdrawal,15600.0,29658.5
5574,1995-12-08,transfer in,0.0,101223.5
5574,1995-12-12,transfer out · household bill,11878.0,89345.5
5574,1995-12-29,cash withdrawal,2100.0,87245.5
5574,1995-12-31,cash withdrawal · statement fee,30.0,87551.8
5574,1995-12-31,interest,0.0,87581.8
5574,1996-01-01,cash withdrawal,8100.0,79451.8
5574,1996-01-02,cash withdrawal,3600.0,62651.8
5574,1996-01-02,cash withdrawal,4800.0,74651.8
5574,1996-01-02,cash withdrawal,8400.0,66251.8
5574,1996-01-05,cash withdrawal,25300.0,37351.8
5574,1996-01-08,transfer in,0.0,85061.8
5574,1996-01-08,cash withdrawal,2100.0,82961.8
5574,1996-01-11,cash withdrawal,3900.0,79061.8
5574,1996-01-12,transfer out · household bill,11878.0,67183.8
5574,1996-01-25,cash withdrawal,4200.0,62983.8
5574,1996-01-27,cash withdrawal,3900.0,59083.8
5574,1996-01-31,cash withdrawal · statement fee,30.0,59328.8
5574,1996-01-31,interest,0.0,59358.8
5574,1996-02-02,cash withdrawal,2500.0,56828.8
5574,1996-02-04,cash withdrawal,21349.0,35479.8
5574,1996-02-04,cash withdrawal,7500.0,27979.8
5574,1996-02-08,transfer in,0.0,75689.8
5574,1996-02-12,transfer out · household bill,11878.0,63811.8
5574,1996-02-29,cash withdrawal · statement fee,30.0,64036.2
5574,1996-02-29,interest,0.0,64066.2
5574,1996-03-04,cash withdrawal,16027.0,48009.2
5574,1996-03-05,cash withdrawal,13500.0,34509.2
5574,1996-03-08,transfer in,0.0,82219.2
5574,1996-03-12,transfer out · household bill,11878.0,70341.2
5574,1996-03-20,cash withdrawal,4900.0,44320.2
5574,1996-03-20,cash withdrawal,21121.0,49220.2
5574,1996-03-31,cash withdrawal · statement fee,30.0,44529.7
5574,1996-03-31,interest,0.0,44559.7
5574,1996-04-04,cash withdrawal,11800.0,32729.7
5574,1996-04-08,transfer in,0.0,80439.7
5574,1996-04-12,transfer out · loan payment,3719.0,76720.7
5574,1996-04-12,transfer out · household bill,11878.0,64842.7
5574,1996-04-13,cash withdrawal,15731.0,49111.7
5574,1996-04-13,cash withdrawal,10800.0,38311.7
5574,1996-04-28,cash withdrawal,11811.0,26500.7
5574,1996-04-30,cash withdrawal · statement fee,30.0,26660.0
5574,1996-04-30,interest,0.0,26690.0
5574,1996-05-04,cash withdrawal,3700.0,22960.0
5574,1996-05-08,transfer in,0.0,70670.0
5574,1996-05-12,transfer out · loan payment,3719.0,66951.0
5574,1996-05-12,transfer out · household bill,11878.0,55073.0
5574,1996-05-25,cash withdrawal,13719.0,41354.0
5574,1996-05-29,cash withdrawal,7500.0,33854.0
5574,1996-05-31,cash withdrawal · statement fee,30.0,34019.0
5574,1996-05-31,interest,0.0,34049.0
5574,1996-06-03,cash withdrawal,6100.0,27919.0
5574,1996-06-08,transfer in,0.0,99484.0
5574,1996-06-12,transfer out · loan payment,3719.0,95765.0
5574,1996-06-12,transfer out · household bill,11878.0,83887.0
5574,1996-06-30,cash withdrawal · statement fee,30.0,84196.1
5574,1996-06-30,interest,0.0,84226.1
5574,1996-07-03,cash withdrawal,32900.0,51296.1
5574,1996-07-06,cash withdrawal,6300.0,44996.1
5574,1996-07-08,transfer in,0.0,92706.1
5574,1996-07-12,transfer out · loan payment,3719.0,88987.1
5574,1996-07-12,transfer out · household bill,11878.0,77109.1
5574,1996-07-15,cash withdrawal,13800.0,63309.1
5574,1996-07-21,cash withdrawal,15029.0,48280.1
5574,1996-07-31,cash withdrawal,16917.0,31637.3
5574,1996-07-31,cash withdrawal · statement fee,30.0,31607.3
5574,1996-07-31,interest,0.0,48554.3
5574,1996-08-02,cash withdrawal,4600.0,27007.3
5574,1996-08-08,transfer in,0.0,74717.3
5574,1996-08-12,transfer out · loan payment,3719.0,70998.3
5574,1996-08-12,transfer out · household bill,11878.0,59120.3
5574,1996-08-19,cash withdrawal,10160.0,48960.3
5574,1996-08-23,cash withdrawal,12900.0,36060.3
5574,1996-08-31,cash withdrawal · statement fee,30.0,36225.2
5574,1996-08-31,interest,0.0,36255.2
5574,1996-09-01,cash withdrawal,5900.0,30325.2
5574,1996-09-08,transfer in,0.0,78035.2
5574,1996-09-09,cash withdrawal,1500.0,76535.2
5574,1996-09-12,transfer out · loan payment,3719.0,72816.2
5574,1996-09-12,transfer out · household bill,11878.0,60938.2
5574,1996-09-30,cash withdrawal · statement fee,30.0,61146.4
5574,1996-09-30,interest,0.0,61176.4
5574,1996-10-01,cash withdrawal,18200.0,42946.4
5574,1996-10-08,transfer in,0.0,90656.4
5574,1996-10-12,transfer out · loan payment,3719.0,86937.4
5574,1996-10-12,transfer out · household bill,11878.0,75059.4
5574,1996-10-31,cash withdrawal · statement fee,30.0,75367.2
5574,1996-10-31,cash withdrawal,26500.0,48867.2
5574,1996-10-31,interest,0.0,75397.2
5574,1996-11-08,transfer in,0.0,96577.2
5574,1996-11-12,transfer out · loan payment,3719.0,80980.2
5574,1996-11-12,transfer out · household bill,11878.0,84699.2
5574,1996-11-30,cash withdrawal · statement fee,30.0,81282.9
5574,1996-11-30,cash withdrawal,32900.0,48382.9
5574,1996-11-30,interest,0.0,81312.9
5574,1996-12-03,cash withdrawal,11671.0,36711.9
5574,1996-12-08,transfer in,0.0,108276.9
5574,1996-12-12,transfer out · loan payment,3719.0,92679.9
5574,1996-12-12,transfer out · household bill,11878.0,96398.9
5574,1996-12-16,cash withdrawal,2400.0,90279.9
5574,1996-12-30,cash withdrawal,33700.0,56579.9
5574,1996-12-31,cash withdrawal · statement fee,30.0,56887.4
5574,1996-12-31,interest,0.0,56917.4
5574,1997-01-01,cash withdrawal,6000.0,50887.4
5574,1997-01-07,cash withdrawal,3000.0,47887.4
5574,1997-01-08,transfer in,0.0,95597.4
5574,1997-01-12,transfer out · loan payment,3719.0,91878.4
5574,1997-01-12,transfer out · household bill,11878.0,80000.4
5574,1997-01-13,cash withdrawal,4800.0,75200.4
5574,1997-01-14,cash withdrawal,8100.0,67100.4
5574,1997-01-18,cash withdrawal,3600.0,63500.4
5574,1997-01-29,cash withdrawal,4200.0,59300.4
5574,1997-01-29,cash withdrawal,18000.0,41300.4
5574,1997-01-30,cash withdrawal,8700.0,32600.4
5574,1997-01-31,cash withdrawal · statement fee,30.0,32842.0
5574,1997-01-31,interest,0.0,32872.0
5574,1997-02-08,transfer in,0.0,80552.0
5574,1997-02-12,transfer out · loan payment,3719.0,76833.0
5574,1997-02-12,transfer out · household bill,11878.0,64955.0
5574,1997-02-28,cash withdrawal · statement fee,30.0,39866.2
5574,1997-02-28,cash withdrawal,25300.0,39896.2
5574,1997-02-28,interest,0.0,65196.2
5574,1997-03-08,transfer in,0.0,87576.2
5574,1997-03-12,transfer out · loan payment,3719.0,83857.2
5574,1997-03-12,transfer out · household bill,11878.0,71979.2
5574,1997-03-30,cash withdrawal,27800.0,44179.2
5574,1997-03-31,cash withdrawal · statement fee,30.0,44421.4
5574,1997-03-31,interest,0.0,44451.4
5574,1997-04-08,transfer in,0.0,92131.4
5574,1997-04-12,transfer out · household bill,11878.0,80253.4
5574,1997-04-14,cash withdrawal,14400.0,65853.4
5574,1997-04-17,cash withdrawal,2200.0,63653.4
5574,1997-04-29,cash withdrawal,20500.0,43153.4
5574,1997-04-30,cash withdrawal · statement fee,30.0,43357.3
5574,1997-04-30,interest,0.0,43387.3
5574,1997-05-08,transfer in,0.0,91067.3
5574,1997-05-11,cash withdrawal,3700.0,87367.3
5574,1997-05-12,transfer out · household bill,11878.0,75489.3
5574,1997-05-21,cash withdrawal,13500.0,61989.3
5574,1997-05-29,cash withdrawal,16000.0,45989.3
5574,1997-05-31,cash withdrawal · statement fee,30.0,46204.0
5574,1997-05-31,interest,0.0,46234.0
5574,1997-06-04,cash withdrawal,4800.0,41404.0
5574,1997-06-08,transfer in,0.0,112969.0
5574,1997-06-08,cash withdrawal,47600.0,65369.0
5574,1997-06-12,transfer out · household bill,11878.0,53491.0
5574,1997-06-27,cash withdrawal,2900.0,50591.0
5574,1997-06-28,cash withdrawal,15800.0,34791.0
5574,1997-06-30,cash withdrawal · statement fee,30.0,34999.5
5574,1997-06-30,interest,0.0,35029.5
5574,1997-07-08,transfer in,0.0,82709.5
5574,1997-07-12,transfer out · household bill,11878.0,70831.5
5574,1997-07-28,cash withdrawal,27300.0,43531.5
5574,1997-07-31,cash withdrawal · statement fee,30.0,43726.9
5574,1997-07-31,interest,0.0,43756.9
5574,1997-08-02,cash withdrawal,3400.0,40326.9
5574,1997-08-08,transfer in,0.0,88036.9
5574,1997-08-12,transfer out · household bill,11878.0,76158.9
5574,1997-08-27,cash withdrawal,29100.0,47058.9
5574,1997-08-31,cash withdrawal · statement fee,30.0,47300.2
5574,1997-08-31,interest,0.0,47330.2
5574,1997-09-08,transfer in,0.0,95010.2
5574,1997-09-11,cash withdrawal,4400.0,90610.2
5574,1997-09-12,transfer out · household bill,11878.0,78732.2
5574,1997-09-17,cash withdrawal,10800.0,67932.2
5574,1997-09-26,cash withdrawal,22700.0,45232.2
5574,1997-09-29,cash withdrawal,2500.0,42732.2
5574,1997-09-30,cash withdrawal · statement fee,30.0,42948.3
5574,1997-09-30,interest,0.0,42978.3
5574,1997-10-08,transfer in,0.0,90658.3
5574,1997-10-12,transfer out · household bill,11878.0,78780.3
5574,1997-10-26,cash withdrawal,24700.0,54080.3
5574,1997-10-31,cash withdrawal · statement fee,30.0,54303.0
5574,1997-10-31,interest,0.0,54333.0
5574,1997-11-08,transfer in,0.0,102013.0
5574,1997-11-12,transfer out · household bill,11878.0,90135.0
5574,1997-11-15,cash withdrawal,2800.0,87335.0
5574,1997-11-25,cash withdrawal,27300.0,60035.0
5574,1997-11-30,cash withdrawal · statement fee,30.0,60294.0
5574,1997-11-30,interest,0.0,60324.0
5574,1997-12-08,transfer in,0.0,131859.0
5574,1997-12-08,cash withdrawal,2800.0,99059.0
5574,1997-12-08,cash withdrawal,30000.0,101859.0
5574,1997-12-12,transfer out · household bill,11878.0,87181.0
5574,1997-12-13,cash withdrawal,6900.0,80281.0
5574,1997-12-16,cash withdrawal,6600.0,73681.0
5574,1997-12-25,cash withdrawal,21300.0,52381.0
5574,1997-12-28,cash withdrawal,3400.0,48981.0
5574,1997-12-31,cash withdrawal · statement fee,30.0,49256.3
5574,1997-12-31,interest,0.0,49286.3
5574,1998-01-06,cash withdrawal,2400.0,46856.3
5574,1998-01-08,transfer in,0.0,94566.3
5574,1998-01-12,transfer out · household bill,11878.0,82688.3
5574,1998-01-14,cash withdrawal,8400.0,74288.3
5574,1998-01-15,cash withdrawal,3900.0,70388.3
5574,1998-01-20,cash withdrawal,6600.0,63788.3
5574,1998-01-24,cash withdrawal,13300.0,50488.3
5574,1998-01-26,cash withdrawal,3900.0,42688.3
5574,1998-01-26,cash withdrawal,3900.0,46588.3
5574,1998-01-31,cash withdrawal · statement fee,30.0,42916.8
5574,1998-01-31,interest,0.0,42946.8
5574,1998-02-07,cash withdrawal,3000.0,39916.8
5574,1998-02-08,transfer in,0.0,87626.8
5574,1998-02-12,transfer out · household bill,11878.0,75748.8
5574,1998-02-23,cash withdrawal,21300.0,54448.8
5574,1998-02-28,cash withdrawal · statement fee,30.0,54684.9
5574,1998-02-28,interest,0.0,54714.9
5574,1998-03-06,cash withdrawal,2400.0,52284.9
5574,1998-03-08,transfer in,0.0,99994.9
5574,1998-03-12,transfer out · household bill,11878.0,88116.9
5574,1998-03-20,cash withdrawal,8400.0,79716.9
5574,1998-03-25,cash withdrawal,19900.0,59816.9
5574,1998-03-31,cash withdrawal · statement fee,30.0,60093.0
5574,1998-03-31,interest,0.0,60123.0
5574,1998-04-04,cash withdrawal,11989.0,48104.0
5574,1998-04-08,transfer in,0.0,95814.0
5574,1998-04-12,transfer out · household bill,11878.0,83936.0
5574,1998-04-21,cash withdrawal,2400.0,81536.0
5574,1998-04-24,cash withdrawal,22600.0,58936.0
5574,1998-04-30,cash withdrawal · statement fee,30.0,59209.8
5574,1998-04-30,interest,0.0,59239.8
5574,1998-05-08,transfer in,0.0,106919.8
5574,1998-05-12,transfer out · household bill,11878.0,95041.8
5574,1998-05-14,cash withdrawal,3400.0,91641.8
5574,1998-05-24,cash withdrawal,29600.0,62041.8
5574,1998-05-31,cash withdrawal · statement fee,30.0,62310.4
5574,1998-05-31,interest,0.0,62340.4
5574,1998-06-08,transfer in,0.0,133875.4
5574,1998-06-08,cash withdrawal,2800.0,131075.4
5574,1998-06-08,cash withdrawal,55300.0,75775.4
5574,1998-06-12,transfer out · household bill,11878.0,63897.4
5574,1998-06-23,cash withdrawal,13200.0,50697.4
5574,1998-06-30,cash withdrawal · statement fee,30.0,50951.7
5574,1998-06-30,interest,0.0,50981.7
5574,1998-07-08,transfer in,0.0,98661.7
5574,1998-07-12,transfer out · household bill,11878.0,86783.7
5574,1998-07-13,cash withdrawal,4400.0,82383.7
5574,1998-07-23,cash withdrawal,20200.0,62183.7
5574,1998-07-31,cash withdrawal · statement fee,30.0,62421.7
5574,1998-07-31,interest,0.0,62451.7
5574,1998-08-08,transfer in,0.0,110131.7
5574,1998-08-12,transfer out · household bill,11878.0,98253.7
5574,1998-08-20,cash withdrawal,3500.0,94753.7
5574,1998-08-22,cash withdrawal,28800.0,65953.7
5574,1998-08-31,cash withdrawal · statement fee,30.0,66230.5
5574,1998-08-31,interest,0.0,66260.5
5574,1998-09-08,transfer in,0.0,113940.5
5574,1998-09-10,cash withdrawal,4800.0,109140.5
5574,1998-09-12,transfer out · household bill,11878.0,97262.5
5574,1998-09-21,cash withdrawal,30600.0,66662.5
5574,1998-09-30,cash withdrawal · statement fee,30.0,66954.3
5574,1998-09-30,interest,0.0,66984.3
5574,1998-10-08,transfer in,0.0,114664.3
5574,1998-10-08,cash withdrawal,3600.0,111064.3
5574,1998-10-12,transfer out · household bill,11878.0,99186.3
5574,1998-10-21,cash withdrawal,32300.0,66886.3
5574,1998-10-25,cash withdrawal,14400.0,52486.3
5574,1998-10-31,cash withdrawal · statement fee,30.0,52778.4
5574,1998-10-31,interest,0.0,52808.4
5574,1998-11-08,transfer in,0.0,100488.4
5574,1998-11-12,transfer out · household bill,11878.0,88610.4
5574,1998-11-20,cash withdrawal,22700.0,65910.4
5574,1998-11-28,cash withdrawal,3700.0,62210.4
5574,1998-11-30,cash withdrawal · statement fee,30.0,62452.3
5574,1998-11-30,interest,0.0,62482.3
5574,1998-12-03,cash withdrawal,2500.0,59952.3
5574,1998-12-08,transfer in,0.0,131517.3
5574,1998-12-08,cash withdrawal,39900.0,91617.3
5574,1998-12-12,transfer out · household bill,11878.0,79739.3
5574,1998-12-20,cash withdrawal,17100.0,62639.3
5574,1998-12-22,cash withdrawal,5700.0,56939.3
5574,1998-12-31,interest,0.0,57219.8
7401,1993-02-26,cash deposit,0.0,1100.0
7401,1993-03-12,transfer in,0.0,21336.0
7401,1993-03-28,cash deposit,0.0,25036.0
7401,1993-03-31,interest,0.0,25049.5
7401,1993-04-12,transfer in,0.0,45285.5
7401,1993-04-27,cash withdrawal,11000.0,34285.5
7401,1993-04-30,interest,0.0,34394.9
7401,1993-05-12,transfer in,0.0,54630.9
7401,1993-05-27,cash withdrawal,17600.0,37030.9
7401,1993-05-31,interest,0.0,37175.6
7401,1993-06-12,transfer in,0.0,67529.6
7401,1993-06-26,cash withdrawal,22400.0,45129.6
7401,1993-06-30,interest,0.0,45289.5
7401,1993-07-06,cash withdrawal,3400.0,41889.5
7401,1993-07-12,transfer in,0.0,62125.5
7401,1993-07-19,cash withdrawal,13145.0,48980.5
7401,1993-07-26,cash withdrawal,10300.0,38680.5
7401,1993-07-31,cash withdrawal · statement fee,14.6,38868.4
7401,1993-07-31,interest,0.0,38883.0
7401,1993-08-05,cash withdrawal,3800.0,35068.4
7401,1993-08-05,transfer out · household bill,7266.0,27802.4
7401,1993-08-12,transfer in,0.0,48038.4
7401,1993-08-22,cash withdrawal,21286.0,26752.4
7401,1993-08-25,cash withdrawal,1000.0,25752.4
7401,1993-08-31,cash withdrawal · statement fee,14.6,25884.4
7401,1993-08-31,interest,0.0,25899.0
7401,1993-09-05,transfer out · household bill,7266.0,18618.4
7401,1993-09-12,transfer in,0.0,38854.4
7401,1993-09-17,cash withdrawal,3100.0,35754.4
7401,1993-09-24,cash withdrawal,4500.0,31254.4
7401,1993-09-26,cash withdrawal,10200.0,21054.4
7401,1993-09-30,cash withdrawal · statement fee,14.6,21164.5
7401,1993-09-30,interest,0.0,21179.1
7401,1993-10-05,cash withdrawal,2800.0,11098.5
7401,1993-10-05,transfer out · household bill,7266.0,13898.5
7401,1993-10-12,transfer in,0.0,31334.5
7401,1993-10-24,cash withdrawal,3000.0,28334.5
7401,1993-10-31,cash withdrawal · statement fee,14.6,28422.8
7401,1993-10-31,interest,0.0,28437.4
7401,1993-11-05,transfer out · household bill,7266.0,21156.8
7401,1993-11-12,transfer in,0.0,41392.8
7401,1993-11-12,cash withdrawal,3100.0,38292.8
7401,1993-11-23,cash withdrawal,5300.0,32992.8
7401,1993-11-30,cash withdrawal · statement fee,14.6,33121.6
7401,1993-11-30,interest,0.0,33136.2
7401,1993-12-05,transfer out · household bill,7266.0,25855.6
7401,1993-12-10,cash withdrawal,4200.0,21655.6
7401,1993-12-12,transfer in,0.0,52009.6
7401,1993-12-19,cash withdrawal,3900.0,45109.6
7401,1993-12-19,cash withdrawal,3000.0,49009.6
7401,1993-12-21,cash withdrawal,13396.0,31713.6
7401,1993-12-23,cash withdrawal,3100.0,28613.6
7401,1993-12-31,cash withdrawal · statement fee,14.6,28749.1
7401,1993-12-31,interest,0.0,28763.7
7401,1994-01-05,transfer out · household bill,7266.0,21483.1
7401,1994-01-12,transfer in,0.0,41719.1
7401,1994-01-12,transfer out · loan payment,3372.7,36246.5
7401,1994-01-12,cash withdrawal,2100.0,39619.1
7401,1994-01-18,cash withdrawal,2400.0,33846.5
7401,1994-01-19,cash withdrawal,6000.0,27846.5
7401,1994-01-22,cash withdrawal,400.0,27446.5
7401,1994-01-26,cash withdrawal,6600.0,20846.5
7401,1994-01-31,cash withdrawal · statement fee,14.6,20951.0
7401,1994-01-31,interest,0.0,20965.6
7401,1994-02-05,transfer out · household bill,7266.0,13685.0
7401,1994-02-12,transfer in,0.0,33921.0
7401,1994-02-12,transfer out · loan payment,3372.7,30548.3
7401,1994-02-21,cash withdrawal,3500.0,27048.3
7401,1994-02-28,cash withdrawal · statement fee,14.6,27145.7
7401,1994-02-28,interest,0.0,27160.3
7401,1994-03-05,transfer out · household bill,7266.0,19879.7
7401,1994-03-12,transfer in,0.0,40115.7
7401,1994-03-12,transfer out · loan payment,3372.7,36743.0
7401,1994-03-23,cash withdrawal,4900.0,31843.0
7401,1994-03-31,cash withdrawal · statement fee,14.6,31961.4
7401,1994-03-31,interest,0.0,31976.0
7401,1994-04-05,transfer out · household bill,7266.0,24695.4
7401,1994-04-12,transfer in,0.0,44931.4
7401,1994-04-12,transfer out · loan payment,3372.7,41558.7
7401,1994-04-22,cash withdrawal,7600.0,33958.7
7401,1994-04-30,cash withdrawal · statement fee,14.6,34097.8
7401,1994-04-30,interest,0.0,34112.4
7401,1994-05-05,transfer out · household bill,7266.0,26831.8
7401,1994-05-12,transfer in,0.0,47067.8
7401,1994-05-12,transfer out · loan payment,3372.7,43695.2
7401,1994-05-19,cash withdrawal,9300.0,34395.2
7401,1994-05-22,cash withdrawal,4900.0,29495.2
7401,1994-05-25,cash withdrawal,8400.0,21095.2
7401,1994-05-31,cash withdrawal · statement fee,14.6,21220.8
7401,1994-05-31,interest,0.0,21235.4
7401,1994-06-05,transfer out · household bill,7266.0,13954.8
7401,1994-06-12,transfer in,0.0,44308.8
7401,1994-06-12,transfer out · loan payment,3372.7,40936.2
7401,1994-06-21,cash withdrawal,6900.0,34036.2
7401,1994-06-21,cash withdrawal,3900.0,30136.2
7401,1994-06-30,cash withdrawal · statement fee,14.6,30251.1
7401,1994-06-30,interest,0.0,30265.7
7401,1994-07-04,cash withdrawal,3600.0,26651.1
7401,1994-07-05,transfer out · household bill,7266.0,19385.1
7401,1994-07-12,transfer in,0.0,39621.1
7401,1994-07-12,transfer out · loan payment,3372.7,36248.5
7401,1994-07-21,cash withdrawal,4500.0,31748.5
7401,1994-07-31,cash withdrawal · statement fee,14.6,31859.0
7401,1994-07-31,interest,0.0,31873.6
7401,1994-08-05,transfer out · household bill,7266.0,24593.0
7401,1994-08-12,transfer in,0.0,44829.0
7401,1994-08-12,transfer out · loan payment,3372.7,41456.3
7401,1994-08-20,cash withdrawal,5400.0,36056.3
7401,1994-08-22,cash withdrawal,2400.0,33656.3
7401,1994-08-31,cash withdrawal · statement fee,14.6,33788.2
7401,1994-08-31,interest,0.0,33802.8
7401,1994-09-05,transfer out · household bill,7266.0,26522.2
7401,1994-09-12,transfer in,0.0,46758.2
7401,1994-09-12,transfer out · loan payment,3372.7,43385.5
7401,1994-09-19,cash withdrawal,4800.0,38585.5
7401,1994-09-20,cash withdrawal,12041.0,26544.5
7401,1994-09-30,cash withdrawal · statement fee,14.6,26672.7
7401,1994-09-30,interest,0.0,26687.3
7401,1994-10-05,transfer out · household bill,7266.0,19406.7
7401,1994-10-12,transfer in,0.0,39642.7
7401,1994-10-12,transfer out · loan payment,3372.7,36270.0
7401,1994-10-19,cash withdrawal,3400.0,32870.0
7401,1994-10-31,cash withdrawal · statement fee,14.6,32989.3
7401,1994-10-31,interest,0.0,33003.9
7401,1994-11-05,transfer out · household bill,7266.0,25723.3
7401,1994-11-12,transfer in,0.0,45959.3
7401,1994-11-12,transfer out · loan payment,3372.7,42586.6
7401,1994-11-17,cash withdrawal,8700.0,33886.6
7401,1994-11-18,cash withdrawal,2000.0,31886.6
7401,1994-11-30,cash withdrawal · statement fee,14.6,32014.0
7401,1994-11-30,interest,0.0,32028.6
7401,1994-12-05,transfer out · household bill,7266.0,24748.0
7401,1994-12-07,cash withdrawal,3000.0,21748.0
7401,1994-12-12,transfer in,0.0,52102.0
7401,1994-12-12,transfer out · loan payment,3372.7,48729.3
7401,1994-12-18,cash withdrawal,9300.0,39429.3
7401,1994-12-27,cash withdrawal,5700.0,33729.3
7401,1994-12-31,cash withdrawal · statement fee,14.6,33867.2
7401,1994-12-31,interest,0.0,33881.8
7401,1995-01-05,transfer out · household bill,7266.0,26601.2
7401,1995-01-12,transfer in,0.0,46837.2
7401,1995-01-12,transfer out · loan payment,3372.7,37164.5
7401,1995-01-12,cash withdrawal,6300.0,40537.2
7401,1995-01-13,cash withdrawal,7500.0,29664.5
7401,1995-01-17,cash withdrawal,300.0,29364.5
7401,1995-01-22,cash withdrawal,5100.0,24264.5
7401,1995-01-30,cash withdrawal,3000.0,21264.5
7401,1995-01-31,cash withdrawal · statement fee,14.6,21372.1
7401,1995-01-31,interest,0.0,21386.7
7401,1995-02-05,transfer out · household bill,7266.0,14106.1
7401,1995-02-12,transfer in,0.0,34342.1
7401,1995-02-12,transfer out · loan payment,3372.7,30969.4
7401,1995-02-16,cash deposit,0.0,31669.4
7401,1995-02-23,cash withdrawal,2700.0,28969.4
7401,1995-02-28,cash withdrawal · statement fee,14.6,29068.7
7401,1995-02-28,interest,0.0,29083.3
7401,1995-03-05,transfer out · household bill,7266.0,21802.7
7401,1995-03-12,transfer in,0.0,42038.7
7401,1995-03-12,transfer out · loan payment,3372.7,38666.0
7401,1995-03-18,cash withdrawal,4200.0,34466.0
7401,1995-03-31,cash withdrawal · statement fee,14.6,34589.9
7401,1995-03-31,interest,0.0,34604.5
7401,1995-04-05,transfer out · household bill,7266.0,27323.9
7401,1995-04-12,transfer in,0.0,47559.9
7401,1995-04-12,transfer out · loan payment,3372.7,44187.3
7401,1995-04-17,cash withdrawal,3600.0,40587.3
7401,1995-04-20,cash withdrawal,6011.0,34576.3
7401,1995-04-26,cash withdrawal,2696.0,31880.3
7401,1995-04-30,cash withdrawal,5119.0,26911.4
7401,1995-04-30,cash withdrawal · statement fee,14.6,26896.8
7401,1995-04-30,interest,0.0,32030.4
7401,1995-05-05,transfer out · household bill,7266.0,19630.8
7401,1995-05-12,transfer in,0.0,39866.8
7401,1995-05-12,transfer out · loan payment,3372.7,36494.2
7401,1995-05-17,cash withdrawal,2100.0,34394.2
7401,1995-05-27,cash withdrawal,10500.0,23894.2
7401,1995-05-31,cash withdrawal · statement fee,14.6,24005.5
7401,1995-05-31,interest,0.0,24020.1
7401,1995-06-05,transfer out · household bill,7266.0,16739.5
7401,1995-06-12,transfer in,0.0,47093.5
7401,1995-06-12,transfer out · loan payment,3372.7,43720.9
7401,1995-06-16,cash withdrawal,2600.0,41120.9
7401,1995-06-29,cash withdrawal,3672.0,37448.9
7401,1995-06-30,cash withdrawal · statement fee,14.6,37581.1
7401,1995-06-30,interest,0.0,37595.7
7401,1995-07-05,transfer out · household bill,7266.0,30315.1
7401,1995-07-12,transfer in,0.0,50551.1
7401,1995-07-12,transfer out · loan payment,3372.7,47178.5
7401,1995-07-16,cash withdrawal,8400.0,38778.5
7401,1995-07-31,cash withdrawal · statement fee,14.6,38927.5
7401,1995-07-31,interest,0.0,38942.1
7401,1995-08-05,transfer out · household bill,7266.0,31661.5
7401,1995-08-12,transfer in,0.0,51897.5
7401,1995-08-12,transfer out · loan payment,3372.7,48524.8
7401,1995-08-15,cash withdrawal,6900.0,41624.8
7401,1995-08-17,cash withdrawal,19480.0,22144.8
7401,1995-08-31,cash withdrawal · statement fee,14.6,22262.4
7401,1995-08-31,interest,0.0,22277.0
7401,1995-09-05,transfer out · household bill,7266.0,14996.4
7401,1995-09-12,transfer in,0.0,35232.4
7401,1995-09-12,transfer out · loan payment,3372.7,31859.7
7401,1995-09-14,cash withdrawal,1600.0,30259.7
7401,1995-09-30,cash withdrawal · statement fee,14.6,30358.6
7401,1995-09-30,interest,0.0,30373.2
7401,1995-10-05,transfer out · household bill,7266.0,23092.6
7401,1995-10-12,transfer in,0.0,43328.6
7401,1995-10-12,transfer out · loan payment,3372.7,39955.9
7401,1995-10-14,cash withdrawal,2900.0,37055.9
7401,1995-10-17,cash withdrawal,9336.0,27719.9
7401,1995-10-31,cash withdrawal · statement fee,14.6,27831.8
7401,1995-10-31,interest,0.0,27846.4
7401,1995-11-05,transfer out · household bill,7266.0,20565.8
7401,1995-11-12,transfer in,0.0,40801.8
7401,1995-11-12,transfer out · loan payment,3372.7,37429.1
7401,1995-11-13,cash withdrawal,1500.0,35929.1
7401,1995-11-30,cash withdrawal · statement fee,14.6,36051.6
7401,1995-11-30,interest,0.0,36066.2
7401,1995-12-05,transfer out · household bill,7266.0,28785.6
7401,1995-12-12,transfer in,0.0,59139.6
7401,1995-12-12,transfer out · loan payment,3372.7,55766.9
7401,1995-12-13,cash withdrawal,11000.0,44766.9
7401,1995-12-19,cash withdrawal,4500.0,40266.9
7401,1995-12-31,cash withdrawal · statement fee,14.6,40419.0
7401,1995-12-31,interest,0.0,40433.6
7401,1996-01-02,cash withdrawal,2700.0,37719.0
7401,1996-01-02,cash withdrawal,9900.0,27819.0
7401,1996-01-03,cash withdrawal,5700.0,22119.0
7401,1996-01-05,transfer out · household bill,7266.0,14853.0
7401,1996-01-12,transfer in,0.0,35089.0
7401,1996-01-12,cash withdrawal,7800.0,27489.0
7401,1996-01-12,cash deposit,0.0,35289.0
7401,1996-01-16,cash withdrawal,1800.0,25689.0
7401,1996-01-31,cash withdrawal · statement fee,14.6,25776.6
7401,1996-01-31,interest,0.0,25791.2
7401,1996-02-04,cash withdrawal,3800.0,21976.6
7401,1996-02-05,transfer out · household bill,7266.0,14710.6
7401,1996-02-11,cash deposit,0.0,20510.6
7401,1996-02-12,transfer in,0.0,40746.6
7401,1996-02-29,cash withdrawal · statement fee,14.6,40866.6
7401,1996-02-29,interest,0.0,40881.2
7401,1996-03-05,transfer out · household bill,7266.0,33600.6
7401,1996-03-09,cash withdrawal,3400.0,30200.6
7401,1996-03-12,transfer in,0.0,50436.6
7401,1996-03-12,cash withdrawal,10400.0,40036.6
7401,1996-03-31,cash withdrawal · statement fee,14.6,40184.5
7401,1996-03-31,interest,0.0,40199.1
7401,1996-04-05,transfer out · household bill,7266.0,32918.5
7401,1996-04-09,cash withdrawal,3400.0,29518.5
7401,1996-04-11,cash withdrawal,3700.0,25818.5
7401,1996-04-12,transfer in,0.0,46054.5
7401,1996-04-26,cash withdrawal,22745.0,23309.5
7401,1996-04-30,cash withdrawal · statement fee,14.6,23455.8
7401,1996-04-30,interest,0.0,23470.4
7401,1996-05-05,transfer out · household bill,7266.0,16189.8
7401,1996-05-11,cash deposit,0.0,22889.8
7401,1996-05-12,transfer in,0.0,43125.8
7401,1996-05-12,cash withdrawal,6900.0,36225.8
7401,1996-05-19,cash withdrawal,3000.0,33225.8
7401,1996-05-31,cash withdrawal,8477.0,24873.1
7401,1996-05-31,cash withdrawal · statement fee,14.6,24858.5
7401,1996-05-31,interest,0.0,33350.1
7401,1996-06-05,transfer out · household bill,7266.0,17592.5
7401,1996-06-10,cash deposit,0.0,25092.5
7401,1996-06-12,transfer in,0.0,55446.5
7401,1996-06-16,cash withdrawal,3400.0,52046.5
7401,1996-06-30,cash withdrawal · statement fee,14.6,52207.7
7401,1996-06-30,interest,0.0,52222.3
7401,1996-07-05,transfer out · household bill,7266.0,44941.7
7401,1996-07-10,cash withdrawal,3700.0,35841.7
7401,1996-07-10,cash withdrawal,5400.0,39541.7
7401,1996-07-12,transfer in,0.0,56077.7
7401,1996-07-19,cash withdrawal,7935.0,48142.7
7401,1996-07-25,cash withdrawal,13709.0,34433.7
7401,1996-07-31,cash withdrawal · statement fee,14.6,34615.3
7401,1996-07-31,interest,0.0,34629.9
7401,1996-08-05,transfer out · household bill,7266.0,27349.3
7401,1996-08-08,cash withdrawal,3400.0,23949.3
7401,1996-08-09,cash withdrawal,300.0,23649.3
7401,1996-08-12,transfer in,0.0,43885.3
7401,1996-08-31,cash withdrawal · statement fee,14.6,44032.4
7401,1996-08-31,interest,0.0,44047.0
7401,1996-09-05,transfer out · household bill,7266.0,36766.4
7401,1996-09-08,cash withdrawal,2800.0,33966.4
7401,1996-09-12,transfer in,0.0,54202.4
7401,1996-09-17,cash withdrawal,19641.0,34561.4
7401,1996-09-18,cash withdrawal,4200.0,30361.4
7401,1996-09-30,cash withdrawal · statement fee,14.6,30504.0
7401,1996-09-30,interest,0.0,30518.6
7401,1996-10-05,transfer out · household bill,7266.0,23238.0
7401,1996-10-08,cash deposit,0.0,26538.0
7401,1996-10-12,transfer in,0.0,46774.0
7401,1996-10-15,cash withdrawal,3200.0,43574.0
7401,1996-10-31,cash withdrawal · statement fee,14.6,43719.0
7401,1996-10-31,interest,0.0,43733.6
7401,1996-11-05,transfer out · household bill,7266.0,36453.0
7401,1996-11-07,cash withdrawal,1900.0,34553.0
7401,1996-11-12,transfer in,0.0,54789.0
7401,1996-11-14,cash withdrawal,3200.0,51589.0
7401,1996-11-15,cash withdrawal,4200.0,47389.0
7401,1996-11-30,cash withdrawal · statement fee,14.6,47560.7
7401,1996-11-30,interest,0.0,47575.3
7401,1996-12-05,transfer out · household bill,7266.0,40294.7
7401,1996-12-07,cash withdrawal,8000.0,32294.7
7401,1996-12-12,transfer in,0.0,62648.7
7401,1996-12-13,cash withdrawal,4500.0,58148.7
7401,1996-12-18,cash withdrawal,2500.0,55648.7
7401,1996-12-21,cash withdrawal,3300.0,52348.7
7401,1996-12-31,cash withdrawal · statement fee,14.6,52539.5
7401,1996-12-31,interest,0.0,52554.1
7401,1997-01-01,cash withdrawal,8700.0,38439.5
7401,1997-01-01,cash withdrawal,5400.0,47139.5
7401,1997-01-05,transfer out · household bill,7266.0,31173.5
7401,1997-01-06,cash withdrawal,400.0,30773.5
7401,1997-01-09,cash withdrawal,4800.0,25973.5
7401,1997-01-12,transfer in,0.0,46209.5
7401,1997-01-12,cash withdrawal,1800.0,44409.5
7401,1997-01-12,cash withdrawal,13500.0,30909.5
7401,1997-01-21,cash withdrawal,2800.0,28109.5
7401,1997-01-31,cash withdrawal · statement fee,14.6,28224.1
7401,1997-01-31,interest,0.0,28238.7
7401,1997-02-05,cash withdrawal,3900.0,23158.1
7401,1997-02-05,transfer out · household bill,7266.0,27058.1
7401,1997-02-05,cash deposit,0.0,34324.1
7401,1997-02-06,cash withdrawal,3600.0,19558.1
7401,1997-02-12,transfer in,0.0,39794.1
7401,1997-02-28,cash withdrawal · statement fee,14.6,39917.5
7401,1997-02-28,interest,0.0,39932.1
7401,1997-03-05,transfer out · household bill,7266.0,32651.5
7401,1997-03-07,cash withdrawal,1400.0,31251.5
7401,1997-03-12,transfer in,0.0,51487.5
7401,1997-03-14,cash withdrawal,5524.0,45963.5
7401,1997-03-21,cash withdrawal,3000.0,42963.5
7401,1997-03-31,cash withdrawal · statement fee,14.6,43120.6
7401,1997-03-31,interest,0.0,43135.2
7401,1997-04-02,cash withdrawal,4100.0,39020.6
7401,1997-04-05,transfer out · household bill,7266.0,31754.6
7401,1997-04-06,cash withdrawal,1800.0,29954.6
7401,1997-04-12,transfer in,0.0,50190.6
7401,1997-04-30,cash withdrawal · statement fee,14.6,50359.5
7401,1997-04-30,interest,0.0,50374.1
7401,1997-05-05,transfer out · household bill,7266.0,43093.5
7401,1997-05-06,cash withdrawal,3600.0,39493.5
7401,1997-05-12,transfer in,0.0,59729.5
7401,1997-05-16,cash withdrawal,3500.0,56229.5
7401,1997-05-18,cash withdrawal,2736.0,53493.5
7401,1997-05-31,cash withdrawal · statement fee,14.6,53690.2
7401,1997-05-31,interest,0.0,53704.8
7401,1997-06-05,transfer out · household bill,7266.0,38824.2
7401,1997-06-05,cash withdrawal,7600.0,46090.2
7401,1997-06-12,transfer in,0.0,69178.2
7401,1997-06-14,cash withdrawal,42000.0,27178.2
7401,1997-06-19,cash withdrawal,3400.0,23778.2
7401,1997-06-30,cash withdrawal · statement fee,14.6,23906.4
7401,1997-06-30,interest,0.0,23921.0
7401,1997-07-05,transfer out · household bill,7266.0,26840.4
7401,1997-07-05,cash deposit,0.0,34106.4
7401,1997-07-12,transfer in,0.0,47076.4
7401,1997-07-15,cash withdrawal,2700.0,44376.4
7401,1997-07-31,cash withdrawal · statement fee,14.6,44517.6
7401,1997-07-31,interest,0.0,44532.2
7401,1997-08-04,cash withdrawal,4600.0,39917.6
7401,1997-08-05,transfer out · household bill,7266.0,32651.6
7401,1997-08-08,cash withdrawal,4500.0,28151.6
7401,1997-08-12,transfer in,0.0,48387.6
7401,1997-08-13,cash withdrawal,4200.0,44187.6
7401,1997-08-27,cash withdrawal,5166.0,39021.6
7401,1997-08-31,cash withdrawal · statement fee,14.6,39172.4
7401,1997-08-31,interest,0.0,39187.0
7401,1997-09-03,cash withdrawal,900.0,38272.4
7401,1997-09-05,transfer out · household bill,7266.0,31006.4
7401,1997-09-12,transfer in,0.0,51242.4
7401,1997-09-19,cash withdrawal,3900.0,47342.4
7401,1997-09-30,cash withdrawal · statement fee,14.6,47505.6
7401,1997-09-30,interest,0.0,47520.2
7401,1997-10-03,cash withdrawal,9800.0,37705.6
7401,1997-10-05,cash withdrawal,2500.0,35205.6
7401,1997-10-05,transfer out · household bill,7266.0,27939.6
7401,1997-10-12,transfer in,0.0,48175.6
7401,1997-10-31,cash withdrawal · statement fee,14.6,48346.2
7401,1997-10-31,interest,0.0,48360.8
7401,1997-11-02,cash withdrawal,9900.0,38446.2
7401,1997-11-05,transfer out · household bill,7266.0,31180.2
7401,1997-11-12,transfer in,0.0,51416.2
7401,1997-11-20,cash withdrawal,3600.0,47816.2
7401,1997-11-30,cash withdrawal · statement fee,14.6,47985.8
7401,1997-11-30,interest,0.0,48000.4
7401,1997-12-02,cash withdrawal,12700.0,35285.8
7401,1997-12-05,transfer out · household bill,7266.0,28019.8
7401,1997-12-06,cash withdrawal,3400.0,24619.8
7401,1997-12-12,transfer in,0.0,54973.8
7401,1997-12-19,cash withdrawal,5700.0,49273.8
7401,1997-12-31,cash withdrawal · statement fee,14.6,49443.2
7401,1997-12-31,interest,0.0,49457.8
7401,1998-01-01,cash withdrawal,10200.0,39243.2
7401,1998-01-05,transfer out · household bill,7266.0,31977.2
7401,1998-01-08,cash withdrawal,3900.0,28077.2
7401,1998-01-10,cash withdrawal,4200.0,23877.2
7401,1998-01-12,transfer in,0.0,44113.2
7401,1998-01-13,cash withdrawal,3000.0,41113.2
7401,1998-01-18,cash withdrawal,3300.0,37813.2
7401,1998-01-20,cash withdrawal,11700.0,26113.2
7401,1998-01-31,cash withdrawal · statement fee,14.6,27534.7
7401,1998-01-31,cash deposit,0.0,27549.3
7401,1998-01-31,interest,0.0,26249.3
7401,1998-02-05,transfer out · household bill,7266.0,20268.7
7401,1998-02-12,transfer in,0.0,40504.7
7401,1998-02-13,cash withdrawal,4000.0,36504.7
7401,1998-02-28,cash withdrawal · statement fee,14.6,36624.5
7401,1998-02-28,interest,0.0,36639.1
7401,1998-03-02,cash withdrawal,4100.0,32524.5
7401,1998-03-05,transfer out · household bill,7266.0,25258.5
7401,1998-03-08,cash withdrawal,3900.0,21358.5
7401,1998-03-12,transfer in,0.0,41594.5
7401,1998-03-19,cash withdrawal,18119.0,23475.5
7401,1998-03-31,cash withdrawal · statement fee,14.6,23578.8
7401,1998-03-31,interest,0.0,23593.4
7401,1998-04-01,cash deposit,0.0,25378.8
7401,1998-04-03,cash withdrawal,3300.0,22078.8
7401,1998-04-05,transfer out · household bill,7266.0,14812.8
7401,1998-04-12,transfer in,0.0,35048.8
7401,1998-04-30,cash withdrawal · statement fee,14.6,35150.0
7401,1998-04-30,interest,0.0,35164.6
7401,1998-05-01,cash withdrawal,6800.0,28350.0
7401,1998-05-05,transfer out · household bill,7266.0,21084.0
7401,1998-05-12,transfer in,0.0,41320.0
7401,1998-05-12,cash withdrawal,3000.0,38320.0
7401,1998-05-31,cash withdrawal · statement fee,14.6,38451.0
7401,1998-05-31,cash withdrawal,6500.0,31951.0
7401,1998-05-31,interest,0.0,38465.6
7401,1998-06-05,transfer out · household bill,7266.0,24685.0
7401,1998-06-12,transfer in,0.0,55039.0
7401,1998-06-13,cash withdrawal,3300.0,51739.0
7401,1998-06-30,cash withdrawal · statement fee,14.6,43915.0
7401,1998-06-30,cash withdrawal,8000.0,43929.6
7401,1998-06-30,interest,0.0,51929.6
7401,1998-07-05,transfer out · household bill,7266.0,36649.0
7401,1998-07-09,cash withdrawal,3600.0,33049.0
7401,1998-07-12,transfer in,0.0,53285.0
7401,1998-07-30,cash withdrawal,9400.0,43885.0
7401,1998-07-31,cash withdrawal · statement fee,14.6,44067.5
7401,1998-07-31,interest,0.0,44082.1
7401,1998-08-05,transfer out · household bill,7266.0,36801.5
7401,1998-08-09,cash withdrawal,3900.0,32901.5
7401,1998-08-12,transfer in,0.0,53137.5
7401,1998-08-13,cash withdrawal,4198.0,48939.5
7401,1998-08-16,cash withdrawal,10200.0,38739.5
7401,1998-08-29,cash withdrawal,3100.0,35639.5
7401,1998-08-31,cash withdrawal · statement fee,14.6,35790.2
7401,1998-08-31,interest,0.0,35804.8
7401,1998-09-05,transfer out · household bill,7266.0,28524.2
7401,1998-09-12,transfer in,0.0,48760.2
7401,1998-09-13,cash withdrawal,3900.0,44860.2
7401,1998-09-28,cash withdrawal,7200.0,37660.2
7401,1998-09-30,cash withdrawal · statement fee,14.6,37811.8
7401,1998-09-30,interest,0.0,37826.4
7401,1998-10-05,transfer out · household bill,7266.0,30545.8
7401,1998-10-12,transfer in,0.0,50781.8
7401,1998-10-16,cash withdrawal,3200.0,47581.8
7401,1998-10-28,cash withdrawal,7900.0,39681.8
7401,1998-10-31,cash withdrawal · statement fee,14.6,39844.0
7401,1998-10-31,interest,0.0,39858.6
7401,1998-11-05,transfer out · household bill,7266.0,32578.0
7401,1998-11-06,cash withdrawal,4500.0,28078.0
7401,1998-11-12,transfer in,0.0,48314.0
7401,1998-11-16,cash withdrawal,2100.0,46214.0
7401,1998-11-19,cash withdrawal,2700.0,40504.0
7401,1998-11-19,cash withdrawal,3010.0,43204.0
7401,1998-11-21,cash withdrawal,6000.0,34504.0
7401,1998-11-27,cash withdrawal,4800.0,29704.0
7401,1998-11-30,cash withdrawal · statement fee,14.6,29839.2
7401,1998-11-30,interest,0.0,29853.8
7401,1998-12-02,cash withdrawal,1800.0,28039.2
7401,1998-12-05,transfer out · household bill,7266.0,20773.2
7401,1998-12-12,transfer in,0.0,51127.2
7401,1998-12-15,cash withdrawal,8700.0,42427.2
7401,1998-12-17,cash withdrawal,3000.0,39427.2
7401,1998-12-18,cash withdrawal,3800.0,35627.2
7401,1998-12-31,interest,0.0,35762.4
7424,1996-07-28,cash deposit,0.0,900.0
7424,1996-08-27,cash deposit,0.0,16700.0
7424,1996-09-03,cash deposit,0.0,29767.0
7424,1996-09-05,cash deposit,0.0,71821.0
7424,1996-09-06,cash deposit,0.0,113580.0
7424,1996-09-06,cash withdrawal,36000.0,77580.0
7424,1996-09-25,cash deposit,0.0,91374.0
7424,1996-09-26,cash withdrawal,33600.0,57774.0
7424,1996-09-30,interest,0.0,58041.5
7424,1996-10-03,cash deposit,0.0,80614.5
7424,1996-10-06,cash withdrawal,2600.0,76904.5
7424,1996-10-06,transfer out,1110.0,79504.5
7424,1996-10-08,transfer out · insurance,164.0,76740.5
7424,1996-10-10,transfer out · household bill,6817.0,69923.5
7424,1996-10-26,cash withdrawal,23800.0,46123.5
7424,1996-10-28,cash deposit,0.0,87018.5
7424,1996-10-31,cash withdrawal · statement fee,14.6,87294.0
7424,1996-10-31,interest,0.0,87308.6
7424,1996-11-06,cash deposit,0.0,116439.0
7424,1996-11-06,transfer out,1110.0,65029.0
7424,1996-11-06,cash withdrawal,50300.0,66139.0
7424,1996-11-07,cash deposit,0.0,113148.0
7424,1996-11-07,cash withdrawal,46900.0,66248.0
7424,1996-11-08,transfer out · insurance,164.0,66084.0
7424,1996-11-10,cash deposit,0.0,86030.0
7424,1996-11-10,transfer out · household bill,6817.0,79213.0
7424,1996-11-15,cash deposit,0.0,110314.0
7424,1996-11-15,cash withdrawal,62800.0,47514.0
7424,1996-11-16,cash withdrawal,2500.0,45014.0
7424,1996-11-25,cash withdrawal,6800.0,38214.0
7424,1996-11-29,cash deposit,0.0,67575.0
7424,1996-11-30,cash withdrawal · statement fee,14.6,67827.1
7424,1996-11-30,interest,0.0,67841.7
7424,1996-12-06,transfer out,1110.0,66717.1
7424,1996-12-08,transfer out · insurance,164.0,66553.1
7424,1996-12-09,cash deposit,0.0,113732.1
7424,1996-12-09,cash withdrawal,62900.0,50832.1
7424,1996-12-10,cash deposit,0.0,75957.1
7424,1996-12-10,transfer out · household bill,6817.0,69140.1
7424,1996-12-12,cash withdrawal,16030.0,53110.1
7424,1996-12-16,cash deposit,0.0,102065.1
7424,1996-12-17,cash withdrawal,2500.0,99565.1
7424,1996-12-25,cash withdrawal,36300.0,63265.1
7424,1996-12-27,cash withdrawal,2400.0,60865.1
7424,1996-12-31,cash withdrawal · statement fee,14.6,61165.2
7424,1996-12-31,interest,0.0,61179.8
7424,1997-01-01,cash withdrawal,3300.0,57865.2
7424,1997-01-06,cash withdrawal,2200.0,54555.2
7424,1997-01-06,transfer out,1110.0,56755.2
7424,1997-01-08,transfer out · insurance,164.0,54391.2
7424,1997-01-10,transfer out · household bill,6817.0,47574.2
7424,1997-01-11,cash deposit,0.0,88595.2
7424,1997-01-11,cash withdrawal,3841.0,84754.2
7424,1997-01-17,cash withdrawal,3000.0,81754.2
7424,1997-01-18,cash withdrawal,3627.0,78127.2
7424,1997-01-19,cash withdrawal,7800.0,54427.2
7424,1997-01-19,cash withdrawal,7500.0,70627.2
7424,1997-01-19,cash withdrawal,8400.0,62227.2
7424,1997-01-21,cash withdrawal,8700.0,45727.2
7424,1997-01-24,cash withdrawal,11000.0,34727.2
7424,1997-01-29,cash withdrawal,7800.0,26927.2
7424,1997-01-31,cash withdrawal · statement fee,14.6,27152.1
7424,1997-01-31,interest,0.0,27166.7
7424,1997-02-02,cash deposit,0.0,42701.1
7424,1997-02-06,cash deposit,0.0,82186.1
7424,1997-02-06,transfer out,1110.0,81076.1
7424,1997-02-08,transfer out · insurance,164.0,80912.1
7424,1997-02-10,transfer out · household bill,6817.0,74095.1
7424,1997-02-18,cash withdrawal,2700.0,71395.1
7424,1997-02-20,cash withdrawal,22926.0,48469.1
7424,1997-02-23,cash withdrawal,12300.0,36169.1
7424,1997-02-28,cash withdrawal · statement fee,14.6,36386.9
7424,1997-02-28,interest,0.0,36401.5
7424,1997-03-02,cash withdrawal,2000.0,34386.9
7424,1997-03-06,transfer out,1110.0,33276.9
7424,1997-03-08,transfer out · insurance,164.0,33112.9
7424,1997-03-10,transfer out · household bill,6817.0,26295.9
7424,1997-03-25,cash withdrawal,1600.0,24695.9
7424,1997-03-31,cash withdrawal · statement fee,14.6,24800.5
7424,1997-03-31,interest,0.0,24815.1
7424,1997-04-05,cash deposit,0.0,74534.5
7424,1997-04-06,transfer out,1110.0,73424.5
7424,1997-04-07,cash deposit,0.0,112857.5
7424,1997-04-07,cash withdrawal,27200.0,85657.5
7424,1997-04-08,transfer out · insurance,164.0,85493.5
7424,1997-04-10,transfer out · household bill,6817.0,78676.5
7424,1997-04-15,cash withdrawal,3000.0,62535.5
7424,1997-04-15,cash withdrawal,13141.0,65535.5
7424,1997-04-24,cash withdrawal,21600.0,40935.5
7424,1997-04-29,cash withdrawal,5700.0,35235.5
7424,1997-04-30,cash withdrawal · statement fee,14.6,35463.2
7424,1997-04-30,interest,0.0,35477.8
7424,1997-05-03,cash deposit,0.0,54414.2
7424,1997-05-06,transfer out,1110.0,53304.2
7424,1997-05-08,cash withdrawal,2700.0,50440.2
7424,1997-05-08,transfer out · insurance,164.0,53140.2
7424,1997-05-09,cash deposit,0.0,59242.2
7424,1997-05-10,cash deposit,0.0,95296.2
7424,1997-05-10,transfer out · household bill,6817.0,88479.2
7424,1997-05-24,cash withdrawal,34000.0,54479.2
7424,1997-05-28,cash deposit,0.0,85410.2
7424,1997-05-29,cash withdrawal,11400.0,74010.2
7424,1997-05-31,cash withdrawal · statement fee,14.6,74286.2
7424,1997-05-31,interest,0.0,74300.8
7424,1997-06-06,transfer out,1110.0,73176.2
7424,1997-06-07,cash withdrawal,7500.0,65676.2
7424,1997-06-08,transfer out · insurance,164.0,65512.2
7424,1997-06-09,cash deposit,0.0,70783.2
7424,1997-06-10,transfer out · household bill,6817.0,63966.2
7424,1997-06-17,cash withdrawal,2800.0,61166.2
7424,1997-06-22,cash withdrawal,16800.0,44366.2
7424,1997-06-23,cash withdrawal,13400.0,30966.2
7424,1997-06-30,cash withdrawal · statement fee,14.6,31187.3
7424,1997-06-30,interest,0.0,31201.9
7424,1997-07-06,cash deposit,0.0,69029.3
7424,1997-07-06,transfer out,1110.0,67919.3
7424,1997-07-06,cash withdrawal,10200.0,57719.3
7424,1997-07-08,transfer out · insurance,164.0,57555.3
7424,1997-07-10,transfer out · household bill,6817.0,50738.3
7424,1997-07-19,cash withdrawal,2100.0,48638.3
7424,1997-07-23,cash withdrawal,15100.0,33538.3
7424,1997-07-25,cash withdrawal,6900.0,26638.3
7424,1997-07-26,cash deposit,0.0,47533.3
7424,1997-07-31,cash withdrawal · statement fee,14.6,47712.6
7424,1997-07-31,interest,0.0,47727.2
7424,1997-08-06,transfer out,1110.0,46602.6
7424,1997-08-08,cash withdrawal,2100.0,44502.6
7424,1997-08-08,transfer out · insurance,164.0,44338.6
7424,1997-08-09,cash deposit,0.0,62566.6
7424,1997-08-10,transfer out · household bill,6817.0,55749.6
7424,1997-08-22,cash withdrawal,17800.0,37949.6
7424,1997-08-31,cash withdrawal · statement fee,14.6,38135.6
7424,1997-08-31,interest,0.0,38150.2
7424,1997-09-01,cash deposit,0.0,50896.6
7424,1997-09-05,cash withdrawal,2100.0,48796.6
7424,1997-09-06,transfer out,1110.0,47686.6
7424,1997-09-08,transfer out · insurance,164.0,47522.6
7424,1997-09-10,transfer out · household bill,6817.0,40705.6
7424,1997-09-17,cash deposit,0.0,83138.6
7424,1997-09-21,cash withdrawal,33600.0,49538.6
7424,1997-09-27,cash deposit,0.0,67830.6
7424,1997-09-30,cash withdrawal · statement fee,14.6,68035.6
7424,1997-09-30,interest,0.0,68050.2
7424,1997-10-06,transfer out,1110.0,66925.6
7424,1997-10-08,transfer out · insurance,164.0,66761.6
7424,1997-10-10,transfer out · household bill,6817.0,59944.6
7424,1997-10-11,cash deposit,0.0,86068.6
7424,1997-10-13,cash withdrawal,2500.0,83568.6
7424,1997-10-21,cash withdrawal,30700.0,52868.6
7424,1997-10-23,cash deposit,0.0,60962.6
7424,1997-10-29,cash deposit,0.0,90142.6
7424,1997-10-31,cash withdrawal · statement fee,14.6,90431.0
7424,1997-10-31,interest,0.0,90445.6
7424,1997-11-06,transfer out,1110.0,89321.0
7424,1997-11-08,transfer out · insurance,164.0,89157.0
7424,1997-11-10,cash withdrawal,2700.0,79640.0
7424,1997-11-10,transfer out · household bill,6817.0,82340.0
7424,1997-11-20,cash deposit,0.0,115856.0
7424,1997-11-20,cash withdrawal,59200.0,35856.0
7424,1997-11-20,cash withdrawal,20800.0,95056.0
7424,1997-11-30,cash withdrawal · statement fee,14.6,36234.6
7424,1997-11-30,interest,0.0,36249.2
7424,1997-12-02,cash withdrawal,7278.0,28956.6
7424,1997-12-06,transfer out,1110.0,27846.6
7424,1997-12-08,transfer out · insurance,164.0,27682.6
7424,1997-12-10,transfer out · household bill,6817.0,20865.6
7424,1997-12-12,transfer out · loan payment,2523.2,18342.5
7424,1997-12-20,cash withdrawal,2800.0,15542.5
7424,1997-12-31,cash withdrawal · statement fee,14.6,15617.7
7424,1997-12-31,interest,0.0,15632.3
7424,1998-01-06,transfer out,1110.0,14507.7
7424,1998-01-08,transfer out · insurance,164.0,14343.7
7424,1998-01-10,transfer out · household bill,6817.0,7526.7
7424,1998-01-12,transfer out · loan payment,2523.2,5003.5
7424,1998-01-27,cash deposit,0.0,30820.5
7424,1998-01-28,cash withdrawal,1800.0,29020.5
7424,1998-01-29,cash deposit,0.0,35313.5
7424,1998-01-29,cash withdrawal,6000.0,29313.5
7424,1998-01-31,cash withdrawal · statement fee,14.6,29351.1
7424,1998-01-31,interest,0.0,29365.7
7424,1998-02-02,cash deposit,0.0,51632.1
7424,1998-02-06,transfer out,1110.0,50522.1
7424,1998-02-08,transfer out · insurance,164.0,50358.1
7424,1998-02-10,transfer out · household bill,6817.0,43541.1
7424,1998-02-12,transfer out · loan payment,2523.2,41017.9
7424,1998-02-18,cash withdrawal,15000.0,26017.9
7424,1998-02-28,cash withdrawal · statement fee,14.6,26147.3
7424,1998-02-28,interest,0.0,26161.9
7424,1998-03-06,transfer out,1110.0,25037.3
7424,1998-03-08,transfer out · insurance,164.0,24873.3
7424,1998-03-10,transfer out · household bill,6817.0,18056.3
7424,1998-03-12,transfer out · loan payment,2523.2,15533.2
7424,1998-03-31,cash withdrawal · statement fee,14.6,15596.3
7424,1998-03-31,interest,0.0,15610.9
7424,1998-04-06,transfer out,1110.0,14486.3
7424,1998-04-08,transfer out · insurance,164.0,14322.3
7424,1998-04-10,transfer out · household bill,6817.0,7505.3
7424,1998-04-12,transfer out · loan payment,2523.2,4982.2
7424,1998-04-25,cash deposit,0.0,37989.2
7424,1998-04-26,cash deposit,0.0,44362.2
7424,1998-04-30,cash withdrawal · statement fee,14.6,44413.7
7424,1998-04-30,interest,0.0,44428.3
7424,1998-05-04,cash deposit,0.0,83450.7
7424,1998-05-06,transfer out,1110.0,82340.7
7424,1998-05-08,transfer out · insurance,164.0,82176.7
7424,1998-05-09,cash deposit,0.0,130361.7
7424,1998-05-09,cash withdrawal,63300.0,67061.7
7424,1998-05-10,transfer out · household bill,6817.0,60244.7
7424,1998-05-12,transfer out · loan payment,2523.2,57721.5
7424,1998-05-19,cash withdrawal,29500.0,28221.5
7424,1998-05-20,cash deposit,0.0,53665.5
7424,1998-05-25,cash deposit,0.0,65540.5
7424,1998-05-31,cash withdrawal · statement fee,14.6,65778.2
7424,1998-05-31,interest,0.0,65792.8
7424,1998-06-06,transfer out,1110.0,64668.2
7424,1998-06-08,transfer out · insurance,164.0,64504.2
7424,1998-06-10,transfer out · household bill,6817.0,57687.2
7424,1998-06-12,transfer out · loan payment,2523.2,55164.1
7424,1998-06-18,cash withdrawal,35100.0,20064.1
7424,1998-06-25,cash deposit,0.0,53354.1
7424,1998-06-30,cash withdrawal · statement fee,14.6,53546.9
7424,1998-06-30,interest,0.0,53561.5
7424,1998-07-06,transfer out,1110.0,52436.9
7424,1998-07-07,cash deposit,0.0,77621.9
7424,1998-07-08,transfer out · insurance,164.0,77457.9
7424,1998-07-10,transfer out · household bill,6817.0,70640.9
7424,1998-07-11,cash withdrawal,7200.0,63440.9
7424,1998-07-12,transfer out · loan payment,2523.2,60917.8
7424,1998-07-14,cash deposit,0.0,105000.8
7424,1998-07-18,cash withdrawal,53100.0,51900.8
7424,1998-07-31,cash withdrawal · statement fee,14.6,52148.7
7424,1998-07-31,interest,0.0,52163.3
7424,1998-08-06,transfer out,1110.0,51038.7
7424,1998-08-08,transfer out · insurance,164.0,50874.7
7424,1998-08-09,cash deposit,0.0,68039.7
7424,1998-08-10,transfer out · household bill,6817.0,61222.7
7424,1998-08-12,transfer out · loan payment,2523.2,58699.5
7424,1998-08-17,cash withdrawal,32500.0,26199.5
7424,1998-08-23,cash withdrawal,3000.0,23199.5
7424,1998-08-27,cash deposit,0.0,67420.5
7424,1998-08-31,cash withdrawal · statement fee,14.6,67605.2
7424,1998-08-31,interest,0.0,67619.8
7424,1998-09-02,cash withdrawal,11715.0,55890.2
7424,1998-09-06,transfer out,1110.0,54780.2
7424,1998-09-08,transfer out · insurance,164.0,54616.2
7424,1998-09-10,transfer out · household bill,6817.0,47799.2
7424,1998-09-12,transfer out · loan payment,2523.2,45276.1
7424,1998-09-16,cash withdrawal,26300.0,18976.1
7424,1998-09-30,cash withdrawal · statement fee,14.6,19116.1
7424,1998-09-30,interest,0.0,19130.7
7424,1998-10-06,cash deposit,0.0,26694.1
7424,1998-10-06,transfer out,1110.0,25584.1
7424,1998-10-08,transfer out · insurance,164.0,25420.1
7424,1998-10-10,transfer out · household bill,6817.0,18603.1
7424,1998-10-12,transfer out · loan payment,2523.2,16079.9
7424,1998-10-29,cash deposit,0.0,39595.9
7424,1998-10-31,cash withdrawal · statement fee,14.6,39664.8
7424,1998-10-31,interest,0.0,39679.4
7424,1998-11-04,cash withdrawal,5100.0,34564.8
7424,1998-11-06,transfer out,1110.0,33454.8
7424,1998-11-08,transfer out · insurance,164.0,33290.8
7424,1998-11-10,transfer out · household bill,6817.0,26473.8
7424,1998-11-12,transfer out · loan payment,2523.2,23950.7
7424,1998-11-18,cash deposit,0.0,44850.7
7424,1998-11-30,cash withdrawal · statement fee,14.6,44989.6
7424,1998-11-30,interest,0.0,45004.2
7424,1998-12-03,cash withdrawal,2900.0,42089.6
7424,1998-12-06,transfer out,1110.0,40979.6
7424,1998-12-08,transfer out · insurance,164.0,40815.6
7424,1998-12-09,cash deposit,0.0,89668.6
7424,1998-12-10,transfer out · household bill,6817.0,82851.6
7424,1998-12-15,cash withdrawal,53700.0,29151.6
7424,1998-12-27,cash withdrawal,3300.0,25851.6
7424,1998-12-31,interest,0.0,26029.5
8026,1997-03-23,cash deposit,0.0,700.0
8026,1997-04-11,cash deposit,0.0,24643.0
8026,1997-04-22,cash deposit,0.0,24743.0
8026,1997-04-30,interest,0.0,24773.9
8026,1997-05-11,cash deposit,0.0,48716.9
8026,1997-05-22,cash withdrawal,10800.0,37916.9
8026,1997-05-31,interest,0.0,38037.7
8026,1997-06-11,cash deposit,0.0,73951.7
8026,1997-06-21,cash withdrawal,22900.0,51051.7
8026,1997-06-30,interest,0.0,51227.9
8026,1997-07-11,cash deposit,0.0,75170.9
8026,1997-07-21,cash withdrawal,23900.0,51270.9
8026,1997-07-31,interest,0.0,51484.0
8026,1997-08-11,cash deposit,0.0,75427.0
8026,1997-08-19,cash withdrawal,2800.0,72627.0
8026,1997-08-20,cash withdrawal,24500.0,48127.0
8026,1997-08-31,cash withdrawal · statement fee,14.6,48323.8
8026,1997-08-31,interest,0.0,48338.4
8026,1997-09-11,cash deposit,0.0,72266.8
8026,1997-09-12,transfer out · loan payment,3563.0,68703.8
8026,1997-09-19,cash withdrawal,20400.0,48303.8
8026,1997-09-30,cash withdrawal · statement fee,14.6,48510.4
8026,1997-09-30,interest,0.0,48525.0
8026,1997-10-06,cash withdrawal,5400.0,43110.4
8026,1997-10-11,cash deposit,0.0,67053.4
8026,1997-10-12,transfer out · loan payment,3563.0,63490.4
8026,1997-10-19,cash withdrawal,2160.0,61330.4
8026,1997-10-19,cash withdrawal,10400.0,50930.4
8026,1997-10-31,cash withdrawal · statement fee,14.6,51138.8
8026,1997-10-31,interest,0.0,51153.4
8026,1997-11-11,cash deposit,0.0,75081.8
8026,1997-11-12,transfer out · loan payment,3563.0,71518.8
8026,1997-11-18,cash withdrawal,20400.0,51118.8
8026,1997-11-30,cash withdrawal · statement fee,14.6,51334.3
8026,1997-11-30,interest,0.0,51348.9
8026,1997-12-08,cash withdrawal,1600.0,49734.3
8026,1997-12-11,cash deposit,0.0,85648.3
8026,1997-12-12,transfer out · loan payment,3563.0,82085.3
8026,1997-12-18,cash withdrawal,23300.0,58785.3
8026,1997-12-31,cash withdrawal · statement fee,14.6,59028.0
8026,1997-12-31,interest,0.0,59042.6
8026,1998-01-01,card withdrawal,1800.0,53148.0
8026,1998-01-01,cash withdrawal,4080.0,54948.0
8026,1998-01-11,cash deposit,0.0,77091.0
8026,1998-01-12,transfer out · loan payment,3563.0,73528.0
8026,1998-01-17,cash withdrawal,15400.0,58128.0
8026,1998-01-23,cash withdrawal,6400.0,51728.0
8026,1998-01-31,cash withdrawal · statement fee,14.6,51956.4
8026,1998-01-31,interest,0.0,51971.0
8026,1998-02-11,cash deposit,0.0,75899.4
8026,1998-02-12,transfer out · loan payment,3563.0,72336.4
8026,1998-02-16,cash withdrawal,16200.0,56136.4
8026,1998-02-28,cash withdrawal · statement fee,14.6,56358.4
8026,1998-02-28,interest,0.0,56373.0
8026,1998-03-02,card withdrawal,2900.0,53458.4
8026,1998-03-11,cash deposit,0.0,77401.4
8026,1998-03-12,transfer out · loan payment,3563.0,73838.4
8026,1998-03-18,cash withdrawal,17000.0,56838.4
8026,1998-03-31,cash withdrawal · statement fee,14.6,57076.4
8026,1998-03-31,interest,0.0,57091.0
8026,1998-04-11,cash deposit,0.0,81019.4
8026,1998-04-12,transfer out · loan payment,3563.0,77456.4
8026,1998-04-17,cash withdrawal,14500.0,62956.4
8026,1998-04-30,cash withdrawal · statement fee,14.6,63205.1
8026,1998-04-30,interest,0.0,63219.7
8026,1998-05-11,cash deposit,0.0,87148.1
8026,1998-05-12,transfer out · loan payment,3563.0,83585.1
8026,1998-05-15,card withdrawal,3500.0,80085.1
8026,1998-05-17,cash withdrawal,22800.0,57285.1
8026,1998-05-31,cash withdrawal · statement fee,14.6,57534.6
8026,1998-05-31,interest,0.0,57549.2
8026,1998-06-11,cash deposit,0.0,93448.6
8026,1998-06-12,transfer out · loan payment,3563.0,89885.6
8026,1998-06-16,cash withdrawal,22000.0,67885.6
8026,1998-06-21,cash withdrawal,20800.0,47085.6
8026,1998-06-30,cash withdrawal · statement fee,14.6,47321.2
8026,1998-06-30,interest,0.0,47335.8
8026,1998-07-11,cash deposit,0.0,71264.2
8026,1998-07-12,transfer out · loan payment,3563.0,67701.2
8026,1998-07-16,cash withdrawal,10800.0,56901.2
8026,1998-07-22,card withdrawal,800.0,56101.2
8026,1998-07-31,cash withdrawal · statement fee,14.6,56314.0
8026,1998-07-31,interest,0.0,56328.6
8026,1998-08-11,cash deposit,0.0,80257.0
8026,1998-08-12,transfer out · loan payment,3563.0,76694.0
8026,1998-08-15,cash withdrawal,9600.0,67094.0
8026,1998-08-31,cash withdrawal · statement fee,14.6,67346.5
8026,1998-08-31,interest,0.0,67361.1
8026,1998-09-11,cash deposit,0.0,91289.5
8026,1998-09-12,transfer out · loan payment,3563.0,87726.5
8026,1998-09-14,cash withdrawal,18700.0,69026.5
8026,1998-09-30,cash withdrawal · statement fee,14.6,69301.6
8026,1998-09-30,interest,0.0,69316.2
8026,1998-10-11,cash deposit,0.0,93244.6
8026,1998-10-12,transfer out · loan payment,3563.0,89681.6
8026,1998-10-14,cash withdrawal,15200.0,74481.6
8026,1998-10-31,cash withdrawal · statement fee,14.6,74773.2
8026,1998-10-31,interest,0.0,74787.8
8026,1998-11-11,cash deposit,0.0,98716.2
8026,1998-11-12,transfer out · loan payment,3563.0,95153.2
8026,1998-11-13,cash withdrawal,20700.0,74453.2
8026,1998-11-30,cash withdrawal · statement fee,14.6,74751.5
8026,1998-11-30,interest,0.0,74766.1
8026,1998-12-01,card withdrawal,2400.0,72351.5
8026,1998-12-11,cash deposit,0.0,108265.5
8026,1998-12-11,cash withdrawal,32500.0,75765.5
8026,1998-12-12,transfer out · loan payment,3563.0,72202.5
8026,1998-12-31,interest,0.0,72510.9
9140,1997-08-18,cash deposit,0.0,500.0
9140,1997-09-06,cash deposit,0.0,14509.0
9140,1997-09-17,cash deposit,0.0,15009.0
9140,1997-09-30,interest,0.0,15038.2
9140,1997-09-30,interest,0.0,15065.3
9140,1997-10-06,cash deposit,0.0,29074.3
9140,1997-10-17,cash withdrawal,3000.0,26074.3
9140,1997-10-31,interest,0.0,26159.1
9140,1997-10-31,interest,0.0,26208.1
9140,1997-11-06,cash deposit,0.0,40217.1
9140,1997-11-16,cash withdrawal,8100.0,32117.1
9140,1997-11-30,interest,0.0,32238.1
9140,1997-11-30,interest,0.0,32300.4
9140,1997-12-06,cash deposit,0.0,53314.4
9140,1997-12-16,cash withdrawal,19600.0,33714.4
9140,1997-12-31,interest,0.0,33851.2
9140,1997-12-31,interest,0.0,33918.9
9140,1998-01-06,cash deposit,0.0,47927.9
9140,1998-01-06,transfer out · insurance,56.0,47871.9
9140,1998-01-07,cash withdrawal,2700.0,45171.9
9140,1998-01-10,cash withdrawal,2000.0,43171.9
9140,1998-01-13,transfer out · household bill,9264.0,32207.9
9140,1998-01-13,cash withdrawal,1700.0,41471.9
9140,1998-01-14,cash withdrawal,300.0,31907.9
9140,1998-01-15,cash withdrawal,9600.0,22307.9
9140,1998-01-20,cash withdrawal,2100.0,20207.9
9140,1998-01-21,cash withdrawal,2400.0,17807.9
9140,1998-01-28,cash withdrawal,1300.0,16507.9
9140,1998-01-30,cash withdrawal,2600.0,13907.9
9140,1998-01-31,cash withdrawal · statement fee,14.6,14099.2
9140,1998-01-31,interest,0.0,14023.0
9140,1998-01-31,interest,0.0,14113.8
9140,1998-02-05,transfer out,19.0,14080.2
9140,1998-02-06,cash deposit,0.0,28089.2
9140,1998-02-06,transfer out · insurance,56.0,28033.2
9140,1998-02-07,cash withdrawal,300.0,27733.2
9140,1998-02-13,transfer out · household bill,9264.0,18469.2
9140,1998-02-14,cash withdrawal,2500.0,15969.2
9140,1998-02-28,cash withdrawal · statement fee,14.6,16095.1
9140,1998-02-28,interest,0.0,16109.7
9140,1998-02-28,interest,0.0,16033.2
9140,1998-03-01,cash withdrawal,3100.0,12995.1
9140,1998-03-05,transfer out,19.0,12976.1
9140,1998-03-06,cash deposit,0.0,26985.1
9140,1998-03-06,transfer out · insurance,56.0,26929.1
9140,1998-03-13,transfer out · household bill,9264.0,17665.1
9140,1998-03-15,cash withdrawal,300.0,17365.1
9140,1998-03-16,cash deposit,0.0,20465.1
9140,1998-03-19,cash withdrawal,3900.0,16565.1
9140,1998-03-31,cash withdrawal · statement fee,14.6,16699.2
9140,1998-03-31,interest,0.0,16713.8
9140,1998-03-31,interest,0.0,16635.2
9140,1998-04-05,transfer out,19.0,16680.2
9140,1998-04-06,cash deposit,0.0,30689.2
9140,1998-04-06,transfer out · insurance,56.0,30633.2
9140,1998-04-13,transfer out · household bill,9264.0,21369.2
9140,1998-04-15,cash withdrawal,3200.0,18169.2
9140,1998-04-18,cash withdrawal,300.0,17869.2
9140,1998-04-30,cash withdrawal · statement fee,14.6,18025.3
9140,1998-04-30,interest,0.0,17954.5
9140,1998-04-30,interest,0.0,18039.9
9140,1998-05-02,cash withdrawal,2600.0,15425.3
9140,1998-05-05,transfer out,19.0,15406.3
9140,1998-05-06,cash deposit,0.0,29415.3
9140,1998-05-06,transfer out · insurance,56.0,29359.3
9140,1998-05-12,cash withdrawal,400.0,28959.3
9140,1998-05-13,transfer out · household bill,9264.0,19695.3
9140,1998-05-15,cash withdrawal,1800.0,17895.3
9140,1998-05-31,cash withdrawal · statement fee,14.6,18045.1
9140,1998-05-31,interest,0.0,17978.6
9140,1998-05-31,interest,0.0,18059.7
9140,1998-06-02,cash withdrawal,300.0,17745.1
9140,1998-06-05,transfer out,19.0,17726.1
9140,1998-06-06,cash deposit,0.0,38740.1
9140,1998-06-06,transfer out · insurance,56.0,38684.1
9140,1998-06-13,transfer out · household bill,9264.0,29420.1
9140,1998-06-14,cash withdrawal,700.0,28720.1
9140,1998-06-20,cash withdrawal,13700.0,15020.1
9140,1998-06-30,cash withdrawal · statement fee,14.6,15192.8
9140,1998-06-30,interest,0.0,15118.6
9140,1998-06-30,interest,0.0,15207.4
9140,1998-07-04,cash withdrawal,300.0,14892.8
9140,1998-07-05,transfer out,19.0,14873.8
9140,1998-07-06,cash deposit,0.0,28882.8
9140,1998-07-06,transfer out · insurance,56.0,28826.8
9140,1998-07-13,transfer out · household bill,9264.0,19562.8
9140,1998-07-14,cash withdrawal,1400.0,18162.8
9140,1998-07-31,cash withdrawal · statement fee,14.6,18310.1
9140,1998-07-31,interest,0.0,18324.7
9140,1998-07-31,interest,0.0,18243.8
9140,1998-08-02,cash withdrawal,2000.0,16310.1
9140,1998-08-05,transfer out,19.0,16291.1
9140,1998-08-06,cash deposit,0.0,30300.1
9140,1998-08-06,transfer out · insurance,56.0,30244.1
9140,1998-08-13,transfer out · household bill,9264.0,21380.1
9140,1998-08-13,cash withdrawal,200.0,21180.1
9140,1998-08-13,cash deposit,0.0,30644.1
9140,1998-08-31,cash withdrawal · statement fee,14.6,21346.0
9140,1998-08-31,interest,0.0,21271.5
9140,1998-08-31,interest,0.0,21360.6
9140,1998-09-05,transfer out,19.0,21327.0
9140,1998-09-06,cash deposit,0.0,35336.0
9140,1998-09-06,transfer out · insurance,56.0,35280.0
9140,1998-09-12,cash withdrawal,6400.0,28880.0
9140,1998-09-13,transfer out · household bill,9264.0,19616.0
9140,1998-09-19,cash withdrawal,300.0,19316.0
9140,1998-09-30,cash withdrawal · statement fee,14.6,19470.9
9140,1998-09-30,interest,0.0,19409.2
9140,1998-09-30,interest,0.0,19485.5
9140,1998-10-05,transfer out,19.0,19451.9
9140,1998-10-06,cash deposit,0.0,33460.9
9140,1998-10-06,transfer out · insurance,56.0,33404.9
9140,1998-10-12,cash withdrawal,7400.0,26004.9
9140,1998-10-13,transfer out · household bill,9264.0,16740.9
9140,1998-10-13,cash withdrawal,200.0,16540.9
9140,1998-10-31,cash withdrawal · statement fee,14.6,16700.0
9140,1998-10-31,interest,0.0,16714.6
9140,1998-10-31,interest,0.0,16610.4
9140,1998-11-05,transfer out,19.0,16681.0
9140,1998-11-06,cash deposit,0.0,30690.0
9140,1998-11-06,transfer out · insurance,56.0,30634.0
9140,1998-11-11,cash withdrawal,6000.0,24634.0
9140,1998-11-12,transfer out · loan payment,334.0,24300.0
9140,1998-11-13,transfer out · household bill,9264.0,15036.0
9140,1998-11-30,cash withdrawal · statement fee,14.6,15165.3
9140,1998-11-30,interest,0.0,15179.9
9140,1998-11-30,interest,0.0,15107.0
9140,1998-12-05,transfer out,19.0,15146.3
9140,1998-12-06,cash deposit,0.0,36160.3
9140,1998-12-06,transfer out · insurance,56.0,36104.3
9140,1998-12-11,cash withdrawal,13100.0,23004.3
9140,1998-12-12,transfer out · loan payment,334.0,22670.3
9140,1998-12-13,transfer out · household bill,9264.0,13406.3
9140,1998-12-31,interest,0.0,13476.5
9140,1998-12-31,interest,0.0,13535.6
9307,1993-01-24,cash deposit,0.0,900.0
9307,1993-01-31,cash deposit,0.0,6182.0
9307,1993-01-31,interest,0.0,6182.8
9307,1993-02-23,cash deposit,0.0,13282.8
9307,1993-02-28,interest,0.0,13308.6
9307,1993-03-17,cash deposit,0.0,29857.6
9307,1993-03-25,cash withdrawal,1300.0,28557.6
9307,1993-03-31,interest,0.0,28604.4
9307,1993-03-31,interest,0.0,28627.4
9307,1993-04-14,cash deposit,0.0,37215.4
9307,1993-04-24,cash withdrawal,7100.0,30115.4
9307,1993-04-27,cash deposit,0.0,49888.4
9307,1993-04-30,interest,0.0,50019.9
9307,1993-04-30,interest,0.0,50053.2
9307,1993-05-24,cash withdrawal,12300.0,37753.2
9307,1993-05-31,interest,0.0,37961.0
9307,1993-06-19,cash deposit,0.0,82624.0
9307,1993-06-23,cash withdrawal,26800.0,55824.0
9307,1993-06-26,cash deposit,0.0,129123.0
9307,1993-06-26,cash deposit,0.0,80577.0
9307,1993-06-26,cash withdrawal,24800.0,52623.0
9307,1993-06-26,cash withdrawal,51700.0,77423.0
9307,1993-06-30,cash deposit,0.0,73523.0
9307,1993-06-30,cash withdrawal,22076.0,51447.0
9307,1993-06-30,cash withdrawal · statement fee,14.6,51432.4
9307,1993-06-30,interest,0.0,52940.0
9307,1993-06-30,interest,0.0,52728.1
9307,1993-07-06,transfer out · household bill,4654.0,46778.4
9307,1993-07-13,transfer out,2735.0,44043.4
9307,1993-07-16,cash withdrawal,3400.0,40643.4
9307,1993-07-23,cash withdrawal,9900.0,30743.4
9307,1993-07-31,cash withdrawal · statement fee,14.6,31111.4
9307,1993-07-31,interest,0.0,30919.0
9307,1993-07-31,interest,0.0,31126.0
9307,1993-08-06,transfer out · household bill,4654.0,26457.4
9307,1993-08-13,transfer out,2735.0,23722.4
9307,1993-08-17,cash withdrawal,3100.0,20622.4
9307,1993-08-22,cash deposit,0.0,21422.4
9307,1993-08-31,cash withdrawal · statement fee,14.6,21566.4
9307,1993-08-31,interest,0.0,21581.0
9307,1993-08-31,interest,0.0,21476.9
9307,1993-09-06,transfer out · household bill,4654.0,16912.4
9307,1993-09-13,transfer out,2735.0,14177.4
9307,1993-09-16,cash withdrawal,3900.0,10277.4
9307,1993-09-21,cash deposit,0.0,18477.4
9307,1993-09-24,cash deposit,0.0,43332.4
9307,1993-09-30,cash withdrawal · statement fee,14.6,43511.9
9307,1993-09-30,interest,0.0,43526.5
9307,1993-09-30,interest,0.0,43429.4
9307,1993-10-06,transfer out · household bill,4654.0,38857.9
9307,1993-10-08,cash withdrawal,3700.0,35157.9
9307,1993-10-08,cash withdrawal,6300.0,28857.9
9307,1993-10-11,cash deposit,0.0,61240.9
9307,1993-10-13,transfer out,2735.0,58505.9
9307,1993-10-21,cash deposit,0.0,70241.9
9307,1993-10-21,cash withdrawal,23800.0,46441.9
9307,1993-10-31,cash withdrawal · statement fee,14.6,46850.0
9307,1993-10-31,interest,0.0,46640.3
9307,1993-10-31,interest,0.0,46864.6
9307,1993-11-02,cash withdrawal,2700.0,44150.0
9307,1993-11-05,cash withdrawal,20072.0,24078.0
9307,1993-11-06,transfer out · household bill,4654.0,19424.0
9307,1993-11-13,transfer out,2735.0,16689.0
9307,1993-11-20,cash deposit,0.0,19189.0
9307,1993-11-30,cash withdrawal · statement fee,14.6,19327.8
9307,1993-11-30,interest,0.0,19342.4
9307,1993-11-30,interest,0.0,19251.6
9307,1993-12-06,transfer out · household bill,4654.0,14673.8
9307,1993-12-13,transfer out,2735.0,11938.8
9307,1993-12-20,cash withdrawal,3500.0,19738.8
9307,1993-12-20,cash deposit,0.0,23238.8
9307,1993-12-31,cash withdrawal · statement fee,14.6,19836.2
9307,1993-12-31,interest,0.0,19850.8
9307,1993-12-31,interest,0.0,19779.8
9307,1994-01-06,transfer out · household bill,4654.0,15182.2
9307,1994-01-12,cash withdrawal,3800.0,11382.2
9307,1994-01-13,transfer out,2735.0,8647.2
9307,1994-01-19,cash deposit,0.0,19347.2
9307,1994-01-31,cash withdrawal · statement fee,14.6,19468.9
9307,1994-01-31,interest,0.0,19483.5
9307,1994-01-31,interest,0.0,19415.4
9307,1994-02-05,cash withdrawal,3600.0,15868.9
9307,1994-02-06,transfer out · household bill,4654.0,11214.9
9307,1994-02-13,transfer out,2735.0,8479.9
9307,1994-02-18,cash deposit,0.0,15479.9
9307,1994-02-28,cash withdrawal · statement fee,14.6,15571.2
9307,1994-02-28,interest,0.0,15585.8
9307,1994-02-28,interest,0.0,15531.8
9307,1994-03-06,cash withdrawal,3000.0,12571.2
9307,1994-03-06,transfer out · household bill,4654.0,7917.2
9307,1994-03-07,cash deposit,0.0,49546.2
9307,1994-03-07,cash withdrawal,12845.0,36701.2
9307,1994-03-13,transfer out,2735.0,33966.2
9307,1994-03-17,cash withdrawal,9600.0,24366.2
9307,1994-03-20,cash deposit,0.0,26466.2
9307,1994-03-31,cash withdrawal · statement fee,14.6,26665.7
9307,1994-03-31,interest,0.0,26574.7
9307,1994-03-31,interest,0.0,26680.3
9307,1994-04-03,cash deposit,0.0,71301.7
9307,1994-04-05,cash withdrawal,8595.0,62706.7
9307,1994-04-06,transfer out · household bill,4654.0,58052.7
9307,1994-04-13,transfer out,2735.0,55317.7
9307,1994-04-18,cash withdrawal,3800.0,51517.7
9307,1994-04-19,cash withdrawal,9000.0,42517.7
9307,1994-04-19,cash withdrawal,8800.0,33717.7
9307,1994-04-30,cash withdrawal · statement fee,14.6,34043.5
9307,1994-04-30,interest,0.0,33895.0
9307,1994-04-30,interest,0.0,34058.1
9307,1994-05-06,transfer out · household bill,4654.0,29389.5
9307,1994-05-12,cash withdrawal,3200.0,26189.5
9307,1994-05-13,transfer out,2735.0,23454.5
9307,1994-05-19,cash deposit,0.0,25954.5
9307,1994-05-31,cash withdrawal · statement fee,14.6,26162.4
9307,1994-05-31,interest,0.0,26177.0
9307,1994-05-31,interest,0.0,26064.1
9307,1994-06-06,transfer out · household bill,4654.0,21508.4
9307,1994-06-13,transfer out,2735.0,18773.4
9307,1994-06-16,cash withdrawal,4200.0,14573.4
9307,1994-06-18,cash deposit,0.0,21873.4
9307,1994-06-23,cash deposit,0.0,65107.4
9307,1994-06-30,cash withdrawal · statement fee,14.6,65326.2
9307,1994-06-30,interest,0.0,65244.8
9307,1994-06-30,interest,0.0,65340.8
9307,1994-07-06,transfer out · household bill,4654.0,60672.2
9307,1994-07-12,cash withdrawal,3600.0,57072.2
9307,1994-07-13,transfer out,2735.0,54337.2
9307,1994-07-18,cash withdrawal,14000.0,40337.2
9307,1994-07-31,cash withdrawal · statement fee,14.6,40743.7
9307,1994-07-31,interest,0.0,40758.3
9307,1994-07-31,interest,0.0,40547.7
9307,1994-08-05,cash withdrawal,2700.0,38043.7
9307,1994-08-06,transfer out · household bill,4654.0,33389.7
9307,1994-08-11,cash deposit,0.0,81623.7
9307,1994-08-12,cash withdrawal,3400.0,78223.7
9307,1994-08-13,transfer out,2735.0,75488.7
9307,1994-08-17,cash withdrawal,21700.0,53788.7
9307,1994-08-31,cash withdrawal · statement fee,14.6,54193.7
9307,1994-08-31,interest,0.0,54208.3
9307,1994-08-31,interest,0.0,53995.0
9307,1994-09-06,transfer out · household bill,4654.0,49539.7
9307,1994-09-12,cash withdrawal,4100.0,45439.7
9307,1994-09-13,transfer out,2735.0,42704.7
9307,1994-09-16,cash withdrawal,3500.0,39204.7
9307,1994-09-30,cash withdrawal · statement fee,14.6,39466.3
9307,1994-09-30,interest,0.0,39385.4
9307,1994-09-30,interest,0.0,39480.9
9307,1994-10-06,transfer out · household bill,4654.0,34812.3
9307,1994-10-12,transfer out · loan payment,3491.5,31320.8
9307,1994-10-13,transfer out,2735.0,28585.8
9307,1994-10-16,cash deposit,0.0,30085.8
9307,1994-10-31,cash withdrawal · statement fee,14.6,30272.9
9307,1994-10-31,interest,0.0,30216.3
9307,1994-10-31,interest,0.0,30287.5
9307,1994-11-01,cash deposit,0.0,37661.9
9307,1994-11-06,transfer out · household bill,4654.0,33007.9
9307,1994-11-12,transfer out · loan payment,3491.5,29516.4
9307,1994-11-13,transfer out,2735.0,26781.4
9307,1994-11-15,cash deposit,0.0,29881.4
9307,1994-11-30,cash withdrawal · statement fee,14.6,30078.9
9307,1994-11-30,interest,0.0,30093.5
9307,1994-11-30,interest,0.0,29975.8
9307,1994-12-06,transfer out · household bill,4654.0,25424.9
9307,1994-12-12,transfer out · loan payment,3491.5,21933.4
9307,1994-12-13,transfer out,2735.0,19198.4
9307,1994-12-15,cash deposit,0.0,27598.4
9307,1994-12-31,cash withdrawal · statement fee,14.6,27752.2
9307,1994-12-31,interest,0.0,27705.0
9307,1994-12-31,interest,0.0,27766.8
9307,1995-01-06,transfer out · household bill,4654.0,23098.2
9307,1995-01-12,transfer out · loan payment,3491.5,19606.7
9307,1995-01-13,transfer out,2735.0,16871.7
9307,1995-01-14,cash deposit,0.0,25371.7
9307,1995-01-16,cash withdrawal,1800.0,23571.7
9307,1995-01-24,cash deposit,0.0,62439.7
9307,1995-01-26,cash withdrawal,3300.0,59139.7
9307,1995-01-28,cash withdrawal,5100.0,54039.7
9307,1995-01-31,cash withdrawal · statement fee,14.6,54241.3
9307,1995-01-31,interest,0.0,54170.1
9307,1995-01-31,interest,0.0,54255.9
9307,1995-02-06,transfer out · household bill,4654.0,49587.3
9307,1995-02-12,transfer out · loan payment,3491.5,46095.8
9307,1995-02-13,transfer out,2735.0,40760.8
9307,1995-02-13,cash withdrawal,2600.0,43495.8
9307,1995-02-20,cash deposit,0.0,69399.8
9307,1995-02-28,cash withdrawal · statement fee,14.6,69748.5
9307,1995-02-28,interest,0.0,69623.9
9307,1995-02-28,interest,0.0,69763.1
9307,1995-03-06,transfer out · household bill,4654.0,43162.5
9307,1995-03-06,cash withdrawal,21932.0,47816.5
9307,1995-03-10,cash deposit,0.0,82494.5
9307,1995-03-12,transfer out · loan payment,3491.5,79003.0
9307,1995-03-13,transfer out,2735.0,76268.0
9307,1995-03-15,cash withdrawal,17200.0,59068.0
9307,1995-03-31,cash withdrawal · statement fee,14.6,59541.6
9307,1995-03-31,interest,0.0,59315.9
9307,1995-03-31,interest,0.0,59556.2
9307,1995-04-01,cash withdrawal,2100.0,57441.6
9307,1995-04-06,transfer out · household bill,4654.0,52787.6
9307,1995-04-12,transfer out · loan payment,3491.5,49296.1
9307,1995-04-13,transfer out,2735.0,46561.1
9307,1995-04-14,cash withdrawal,600.0,45961.1
9307,1995-04-30,cash withdrawal · statement fee,14.6,46298.5
9307,1995-04-30,interest,0.0,46313.1
9307,1995-04-30,interest,0.0,46117.4
9307,1995-05-06,transfer out · household bill,4654.0,41644.5
9307,1995-05-08,cash withdrawal,7588.0,34056.5
9307,1995-05-12,transfer out · loan payment,3491.5,30565.0
9307,1995-05-13,transfer out,2735.0,24833.0
9307,1995-05-13,cash withdrawal,2997.0,27568.0
9307,1995-05-14,cash deposit,0.0,32733.0
9307,1995-05-31,cash withdrawal · statement fee,14.6,32991.8
9307,1995-05-31,interest,0.0,33006.4
9307,1995-05-31,interest,0.0,32869.7
9307,1995-06-06,transfer out · household bill,4654.0,28337.8
9307,1995-06-12,transfer out · loan payment,3491.5,24846.3
9307,1995-06-13,transfer out,2735.0,34011.3
9307,1995-06-13,cash deposit,0.0,36746.3
9307,1995-06-30,cash withdrawal · statement fee,14.6,34261.7
9307,1995-06-30,interest,0.0,34143.8
9307,1995-06-30,interest,0.0,34276.3
9307,1995-07-06,transfer out · household bill,4654.0,29607.7
9307,1995-07-12,transfer out · loan payment,3491.5,26116.2
9307,1995-07-13,transfer out,2735.0,33881.2
9307,1995-07-13,cash deposit,0.0,36616.2
9307,1995-07-31,cash withdrawal · statement fee,14.6,34123.6
9307,1995-07-31,interest,0.0,34138.2
9307,1995-07-31,interest,0.0,34011.0
9307,1995-08-02,cash withdrawal,2570.0,31553.6
9307,1995-08-06,transfer out · household bill,4654.0,26899.6
9307,1995-08-12,transfer out · loan payment,3491.5,35208.1
9307,1995-08-12,cash deposit,0.0,38699.6
9307,1995-08-13,transfer out,2735.0,32473.1
9307,1995-08-31,cash withdrawal · statement fee,14.6,32670.9
9307,1995-08-31,interest,0.0,32591.8
9307,1995-08-31,interest,0.0,32685.5
9307,1995-09-06,transfer out · household bill,4654.0,28016.9
9307,1995-09-11,cash deposit,0.0,40216.9
9307,1995-09-12,transfer out · loan payment,3491.5,36725.4
9307,1995-09-13,transfer out,2735.0,33990.4
9307,1995-09-30,cash withdrawal · statement fee,14.6,34184.1
9307,1995-09-30,interest,0.0,34198.7
9307,1995-09-30,interest,0.0,34072.2
9307,1995-10-06,transfer out · household bill,4654.0,29530.1
9307,1995-10-08,cash withdrawal,2900.0,26630.1
9307,1995-10-11,cash deposit,0.0,34030.1
9307,1995-10-13,transfer out,2735.0,31295.1
9307,1995-10-19,cash withdrawal,6600.0,24695.1
9307,1995-10-31,cash withdrawal · statement fee,14.6,24862.8
9307,1995-10-31,interest,0.0,24877.4
9307,1995-10-31,interest,0.0,24771.9
9307,1995-11-04,cash withdrawal,3200.0,21662.8
9307,1995-11-06,transfer out · household bill,4654.0,17008.8
9307,1995-11-10,cash deposit,0.0,34808.8
9307,1995-11-13,transfer out,2735.0,32073.8
9307,1995-11-30,cash withdrawal · statement fee,14.6,32271.5
9307,1995-11-30,interest,0.0,32180.0
9307,1995-11-30,interest,0.0,32286.1
9307,1995-12-06,transfer out · household bill,4654.0,27617.5
9307,1995-12-10,cash deposit,0.0,38717.5
9307,1995-12-12,cash withdrawal,2700.0,36017.5
9307,1995-12-13,transfer out,2735.0,33282.5
9307,1995-12-31,cash withdrawal · statement fee,14.6,33511.0
9307,1995-12-31,interest,0.0,33525.6
9307,1995-12-31,interest,0.0,33402.0
9307,1996-01-04,cash withdrawal,3300.0,30211.0
9307,1996-01-06,transfer out · household bill,4654.0,25557.0
9307,1996-01-09,cash deposit,0.0,35057.0
9307,1996-01-12,cash withdrawal,8700.0,26357.0
9307,1996-01-13,transfer out,2735.0,23622.0
9307,1996-01-26,cash deposit,0.0,62959.0
9307,1996-01-27,cash withdrawal,6000.0,56959.0
9307,1996-01-28,cash withdrawal,2400.0,54559.0
9307,1996-01-31,cash withdrawal · statement fee,14.6,54766.2
9307,1996-01-31,interest,0.0,54780.8
9307,1996-01-31,interest,0.0,54660.0
9307,1996-02-04,cash withdrawal,3300.0,46538.2
9307,1996-02-04,cash withdrawal,4928.0,49838.2
9307,1996-02-06,transfer out · household bill,4654.0,41884.2
9307,1996-02-08,cash deposit,0.0,45584.2
9307,1996-02-13,transfer out,2735.0,42849.2
9307,1996-02-17,cash deposit,0.0,67037.2
9307,1996-02-19,cash deposit,0.0,102932.2
9307,1996-02-23,cash deposit,0.0,126842.2
9307,1996-02-23,cash withdrawal,29900.0,96942.2
9307,1996-02-28,cash deposit,0.0,117095.2
9307,1996-02-29,cash withdrawal · statement fee,14.6,74034.1
9307,1996-02-29,cash withdrawal,43600.0,74048.7
9307,1996-02-29,interest,0.0,117382.7
9307,1996-02-29,interest,0.0,117648.7
9307,1996-03-06,transfer out · household bill,4654.0,69380.1
9307,1996-03-08,cash deposit,0.0,112637.1
9307,1996-03-09,cash withdrawal,3400.0,77437.1
9307,1996-03-09,cash withdrawal,31800.0,80837.1
9307,1996-03-13,transfer out,2735.0,74702.1
9307,1996-03-15,cash deposit,0.0,117787.1
9307,1996-03-15,cash withdrawal,23600.0,94187.1
9307,1996-03-31,cash withdrawal · statement fee,14.6,94847.8
9307,1996-03-31,interest,0.0,94862.4
9307,1996-03-31,interest,0.0,94518.7
9307,1996-04-03,cash withdrawal,3300.0,91547.8
9307,1996-04-04,cash withdrawal,8400.0,83147.8
9307,1996-04-05,cash withdrawal,6000.0,77147.8
9307,1996-04-06,transfer out · household bill,4654.0,72493.8
9307,1996-04-08,cash withdrawal,12100.0,60393.8
9307,1996-04-09,cash deposit,0.0,82836.8
9307,1996-04-13,transfer out,2735.0,80101.8
9307,1996-04-15,cash deposit,0.0,127408.8
9307,1996-04-15,cash withdrawal,20500.0,106908.8
9307,1996-04-25,cash deposit,0.0,115530.8
9307,1996-04-25,cash withdrawal,27600.0,87930.8
9307,1996-04-30,cash withdrawal · statement fee,14.6,88667.6
9307,1996-04-30,interest,0.0,88682.2
9307,1996-04-30,interest,0.0,88301.9
9307,1996-05-04,cash deposit,0.0,119641.6
9307,1996-05-04,cash withdrawal,2800.0,53741.6
9307,1996-05-04,cash withdrawal,63100.0,56541.6
9307,1996-05-06,transfer out · household bill,4654.0,49087.6
9307,1996-05-08,cash deposit,0.0,55387.6
9307,1996-05-13,transfer out,2735.0,52652.6
9307,1996-05-26,cash withdrawal,13500.0,39152.6
9307,1996-05-28,cash withdrawal,8058.0,31094.6
9307,1996-05-31,cash withdrawal · statement fee,14.6,31509.9
9307,1996-05-31,interest,0.0,31311.3
9307,1996-05-31,interest,0.0,31524.5
9307,1996-06-04,cash withdrawal,2900.0,28609.9
9307,1996-06-06,transfer out · household bill,4654.0,23955.9
9307,1996-06-07,cash deposit,0.0,44955.9
9307,1996-06-13,transfer out,2735.0,42220.9
9307,1996-06-21,cash withdrawal,9900.0,32320.9
9307,1996-06-30,cash withdrawal · statement fee,14.6,32553.2
9307,1996-06-30,interest,0.0,32453.5
9307,1996-06-30,interest,0.0,32567.8
9307,1996-07-05,cash withdrawal,3000.0,29553.2
9307,1996-07-06,cash deposit,0.0,44276.2
9307,1996-07-06,transfer out · household bill,4654.0,39622.2
9307,1996-07-07,cash deposit,0.0,50822.2
9307,1996-07-08,cash deposit,0.0,104235.2
9307,1996-07-08,cash deposit,0.0,58978.2
9307,1996-07-12,cash withdrawal,8708.0,95527.2
9307,1996-07-13,transfer out,2735.0,92792.2
9307,1996-07-22,cash deposit,0.0,120094.2
9307,1996-07-27,cash withdrawal,5700.0,114394.2
9307,1996-07-29,cash deposit,0.0,134715.2
9307,1996-07-29,cash withdrawal,43000.0,91715.2
9307,1996-07-31,cash withdrawal · statement fee,14.6,92347.4
9307,1996-07-31,interest,0.0,92056.9
9307,1996-07-31,interest,0.0,92362.0
9307,1996-08-06,transfer out · household bill,4654.0,87693.4
9307,1996-08-06,cash withdrawal,9200.0,78493.4
9307,1996-08-10,cash withdrawal,3700.0,74793.4
9307,1996-08-10,cash withdrawal,12000.0,62793.4
9307,1996-08-13,transfer out,2735.0,60058.4
9307,1996-08-14,cash deposit,0.0,97860.4
9307,1996-08-31,cash withdrawal · statement fee,14.6,98486.0
9307,1996-08-31,interest,0.0,98215.8
9307,1996-08-31,interest,0.0,98500.6
9307,1996-09-01,cash deposit,0.0,106139.0
9307,1996-09-02,cash withdrawal,10067.0,96072.0
9307,1996-09-05,cash deposit,0.0,166434.0
9307,1996-09-05,cash deposit,0.0,118443.0
9307,1996-09-05,cash withdrawal,26900.0,139534.0
9307,1996-09-05,cash withdrawal,32800.0,106734.0
9307,1996-09-06,transfer out · household bill,4654.0,102080.0
9307,1996-09-07,cash withdrawal,6000.0,96080.0
9307,1996-09-13,transfer out,2735.0,93345.0
9307,1996-09-14,cash withdrawal,18244.0,75101.0
9307,1996-09-16,cash withdrawal,4000.0,71101.0
9307,1996-09-20,cash deposit,0.0,103563.0
9307,1996-09-26,cash deposit,0.0,133698.0
9307,1996-09-26,cash withdrawal,61100.0,72598.0
9307,1996-09-30,cash withdrawal · statement fee,14.6,73307.9
9307,1996-09-30,interest,0.0,73322.5
9307,1996-09-30,interest,0.0,72966.7
9307,1996-10-02,cash deposit,0.0,122265.9
9307,1996-10-02,cash withdrawal,44000.0,78265.9
9307,1996-10-05,cash withdrawal,3600.0,74665.9
9307,1996-10-06,transfer out · household bill,4654.0,70011.9
9307,1996-10-11,cash deposit,0.0,86981.9
9307,1996-10-11,cash withdrawal,3900.0,83081.9
9307,1996-10-13,transfer out,2735.0,80346.9
9307,1996-10-22,cash deposit,0.0,102472.9
9307,1996-10-31,cash deposit,0.0,135185.8
9307,1996-10-31,cash withdrawal · statement fee,14.6,135171.2
9307,1996-10-31,cash withdrawal,17700.0,117471.2
9307,1996-10-31,interest,0.0,102807.1
9307,1996-10-31,interest,0.0,103137.8
9307,1996-11-04,cash withdrawal,25300.0,92171.2
9307,1996-11-06,cash withdrawal,3100.0,84417.2
9307,1996-11-06,transfer out · household bill,4654.0,87517.2
9307,1996-11-13,transfer out,2735.0,78441.2
9307,1996-11-13,cash withdrawal,3241.0,81176.2
9307,1996-11-30,cash withdrawal · statement fee,14.6,79110.8
9307,1996-11-30,interest,0.0,78794.2
9307,1996-11-30,interest,0.0,79125.4
9307,1996-12-01,cash withdrawal,22331.0,56779.8
9307,1996-12-04,cash deposit,0.0,65479.8
9307,1996-12-06,cash withdrawal,3700.0,61779.8
9307,1996-12-06,transfer out · household bill,4654.0,57125.8
9307,1996-12-11,cash deposit,0.0,62729.8
9307,1996-12-11,cash withdrawal,10649.0,52080.8
9307,1996-12-13,transfer out,2735.0,49345.8
9307,1996-12-13,cash withdrawal,5700.0,43645.8
9307,1996-12-28,cash deposit,0.0,61695.8
9307,1996-12-31,cash withdrawal · statement fee,14.6,62086.3
9307,1996-12-31,interest,0.0,62100.9
9307,1996-12-31,interest,0.0,61902.6
9307,1997-01-03,cash withdrawal,3100.0,60986.3
9307,1997-01-03,cash deposit,0.0,64086.3
9307,1997-01-04,cash withdrawal,10169.0,50817.3
9307,1997-01-06,transfer out · household bill,4654.0,46163.3
9307,1997-01-09,cash withdrawal,6000.0,40163.3
9307,1997-01-12,cash withdrawal,4800.0,35363.3
9307,1997-01-13,transfer out,2735.0,32628.3
9307,1997-01-31,cash withdrawal · statement fee,14.6,32874.5
9307,1997-01-31,interest,0.0,32758.4
9307,1997-01-31,interest,0.0,32889.1
9307,1997-02-02,cash deposit,0.0,50274.5
9307,1997-02-05,cash withdrawal,2041.0,48233.5
9307,1997-02-06,transfer out · household bill,4654.0,43579.5
9307,1997-02-13,transfer out,2735.0,40844.5
9307,1997-02-18,cash withdrawal,3500.0,37344.5
9307,1997-02-28,cash withdrawal · statement fee,14.6,37588.8
9307,1997-02-28,interest,0.0,37476.2
9307,1997-02-28,interest,0.0,37603.4
9307,1997-03-04,cash deposit,0.0,51788.8
9307,1997-03-06,transfer out · household bill,4654.0,47134.8
9307,1997-03-11,cash deposit,0.0,56288.8
9307,1997-03-13,transfer out,2735.0,53553.8
9307,1997-03-18,cash withdrawal,2600.0,45126.8
9307,1997-03-18,cash withdrawal,5827.0,47726.8
9307,1997-03-24,cash deposit,0.0,69456.8
9307,1997-03-31,cash withdrawal · statement fee,14.6,69786.9
9307,1997-03-31,interest,0.0,69801.5
9307,1997-03-31,interest,0.0,69615.0
9307,1997-04-03,cash withdrawal,19977.0,61709.9
9307,1997-04-03,cash deposit,0.0,81686.9
9307,1997-04-06,transfer out · household bill,4654.0,57055.9
9307,1997-04-13,transfer out,2735.0,54320.9
9307,1997-04-20,cash withdrawal,3400.0,50920.9
9307,1997-04-30,cash withdrawal · statement fee,14.6,51295.1
9307,1997-04-30,interest,0.0,51309.7
9307,1997-04-30,interest,0.0,51103.7
9307,1997-05-03,cash deposit,0.0,61295.1
9307,1997-05-06,transfer out · household bill,4654.0,56641.1
9307,1997-05-09,cash withdrawal,3500.0,53141.1
9307,1997-05-13,transfer out,2735.0,50406.1
9307,1997-05-24,cash withdrawal,8700.0,41706.1
9307,1997-05-31,cash withdrawal · statement fee,14.6,41999.6
9307,1997-05-31,interest,0.0,42014.2
9307,1997-05-31,interest,0.0,41843.4
9307,1997-06-02,cash withdrawal,3400.0,53399.6
9307,1997-06-02,cash deposit,0.0,56799.6
9307,1997-06-06,transfer out · household bill,4654.0,48745.6
9307,1997-06-11,cash withdrawal,2464.0,46281.6
9307,1997-06-13,transfer out,2735.0,43546.6
9307,1997-06-14,cash deposit,0.0,80896.6
9307,1997-06-22,cash withdrawal,13800.0,67096.6
9307,1997-06-24,cash deposit,0.0,73815.6
9307,1997-06-27,cash deposit,0.0,88445.6
9307,1997-06-30,cash withdrawal · statement fee,14.6,88912.9
9307,1997-06-30,interest,0.0,88927.5
9307,1997-06-30,interest,0.0,88684.2
9307,1997-07-02,cash withdrawal,6800.0,82112.9
9307,1997-07-05,cash deposit,0.0,116796.9
9307,1997-07-06,transfer out · household bill,4654.0,112142.9
9307,1997-07-13,transfer out,2735.0,109407.9
9307,1997-07-15,cash withdrawal,4200.0,105207.9
9307,1997-07-26,cash withdrawal,18121.0,87086.9
9307,1997-07-31,cash withdrawal · statement fee,14.6,87847.7
9307,1997-07-31,interest,0.0,87474.6
9307,1997-07-31,interest,0.0,87862.3
9307,1997-08-01,cash withdrawal,3100.0,84747.7
9307,1997-08-04,cash withdrawal,3855.0,80892.7
9307,1997-08-05,cash withdrawal,14387.0,66505.7
9307,1997-08-06,transfer out · household bill,4654.0,61851.7
9307,1997-08-08,cash withdrawal,7511.0,54340.7
9307,1997-08-09,cash withdrawal,2700.0,51640.7
9307,1997-08-10,cash deposit,0.0,83493.7
9307,1997-08-13,transfer out,2735.0,80758.7
9307,1997-08-15,cash deposit,0.0,113404.7
9307,1997-08-24,cash deposit,0.0,137160.7
9307,1997-08-24,cash withdrawal,24700.0,112460.7
9307,1997-08-28,cash withdrawal,9942.0,102518.7
9307,1997-08-31,cash withdrawal · statement fee,14.6,89014.7
9307,1997-08-31,cash withdrawal,14200.0,89029.3
9307,1997-08-31,interest,0.0,102872.7
9307,1997-08-31,interest,0.0,103229.3
9307,1997-09-06,transfer out · household bill,4654.0,84360.7
9307,1997-09-09,cash withdrawal,4100.0,80260.7
9307,1997-09-13,transfer out,2735.0,77525.7
9307,1997-09-30,cash deposit,0.0,105516.7
9307,1997-09-30,cash withdrawal · statement fee,14.6,106011.0
9307,1997-09-30,cash withdrawal,19300.0,86711.0
9307,1997-09-30,interest,0.0,106025.6
9307,1997-09-30,interest,0.0,105727.0
9307,1997-10-06,cash deposit,0.0,94646.0
9307,1997-10-06,transfer out · household bill,4654.0,89992.0
9307,1997-10-13,transfer out,2735.0,87257.0
9307,1997-10-14,cash withdrawal,3700.0,83557.0
9307,1997-10-30,cash withdrawal,6200.0,77357.0
9307,1997-10-31,cash withdrawal · statement fee,14.6,77965.9
9307,1997-10-31,interest,0.0,77671.1
9307,1997-10-31,interest,0.0,77980.5
9307,1997-11-03,cash deposit,0.0,96525.9
9307,1997-11-03,cash withdrawal,3000.0,93525.9
9307,1997-11-04,cash withdrawal,3100.0,90425.9
9307,1997-11-06,transfer out · household bill,4654.0,85771.9
9307,1997-11-13,cash deposit,0.0,101341.9
9307,1997-11-13,transfer out,2735.0,98606.9
9307,1997-11-27,cash deposit,0.0,130316.9
9307,1997-11-27,cash withdrawal,61700.0,68616.9
9307,1997-11-29,cash withdrawal,2600.0,66016.9
9307,1997-11-30,cash deposit,0.0,94427.8
9307,1997-11-30,cash withdrawal,3900.0,90828.0
9307,1997-11-30,cash withdrawal · statement fee,14.6,94728.0
9307,1997-11-30,interest,0.0,66355.8
9307,1997-11-30,interest,0.0,94742.6
9307,1997-12-06,transfer out · household bill,4654.0,86174.0
9307,1997-12-08,cash withdrawal,3700.0,82474.0
9307,1997-12-13,transfer out,2735.0,79739.0
9307,1997-12-15,cash withdrawal,21122.0,58617.0
9307,1997-12-15,cash withdrawal,4500.0,54117.0
9307,1997-12-17,cash deposit,0.0,85984.0
9307,1997-12-29,cash withdrawal,7200.0,78784.0
9307,1997-12-31,cash withdrawal · statement fee,14.6,79384.6
9307,1997-12-31,interest,0.0,79091.0
9307,1997-12-31,interest,0.0,79399.2
9307,1998-01-05,cash withdrawal,4500.0,74884.6
9307,1998-01-06,transfer out · household bill,4654.0,70230.6
9307,1998-01-06,cash withdrawal,9900.0,60330.6
9307,1998-01-07,cash withdrawal,6300.0,54030.6
9307,1998-01-08,cash withdrawal,1500.0,52530.6
9307,1998-01-13,transfer out,2735.0,49795.6
9307,1998-01-17,cash withdrawal,3600.0,46195.6
9307,1998-01-21,cash withdrawal,1500.0,44695.6
9307,1998-01-24,cash withdrawal,4800.0,39895.6
9307,1998-01-28,cash deposit,0.0,58695.6
9307,1998-01-31,cash withdrawal · statement fee,14.6,59043.8
9307,1998-01-31,interest,0.0,59058.4
9307,1998-01-31,interest,0.0,58877.3
9307,1998-02-05,cash withdrawal,3500.0,55543.8
9307,1998-02-06,transfer out · household bill,4654.0,50889.8
9307,1998-02-13,transfer out,2735.0,48154.8
9307,1998-02-27,cash deposit,0.0,60854.8
9307,1998-02-28,cash withdrawal,13472.0,47711.0
9307,1998-02-28,cash withdrawal · statement fee,14.6,47696.4
9307,1998-02-28,interest,0.0,61183.0
9307,1998-02-28,interest,0.0,61016.2
9307,1998-03-02,cash deposit,0.0,85602.4
9307,1998-03-06,transfer out · household bill,4654.0,80948.4
9307,1998-03-13,transfer out,2735.0,78213.4
9307,1998-03-17,cash deposit,0.0,86228.4
9307,1998-03-21,cash withdrawal,3500.0,82728.4
9307,1998-03-29,cash withdrawal,3900.0,78828.4
9307,1998-03-31,cash withdrawal · statement fee,14.6,79329.3
9307,1998-03-31,interest,0.0,79343.9
9307,1998-03-31,interest,0.0,79074.0
9307,1998-04-06,transfer out · household bill,4654.0,74675.3
9307,1998-04-08,cash withdrawal,19631.0,55044.3
9307,1998-04-13,transfer out,2735.0,52309.3
9307,1998-04-19,cash withdrawal,3000.0,49309.3
9307,1998-04-20,cash withdrawal,3100.0,46209.3
9307,1998-04-28,cash deposit,0.0,64009.3
9307,1998-04-29,cash withdrawal,6414.0,57595.3
9307,1998-04-30,cash withdrawal · statement fee,14.6,57961.0
9307,1998-04-30,interest,0.0,57788.6
9307,1998-04-30,interest,0.0,57975.6
9307,1998-05-06,transfer out · household bill,4654.0,53307.0
9307,1998-05-13,transfer out,2735.0,50572.0
9307,1998-05-15,cash deposit,0.0,59149.0
9307,1998-05-20,cash withdrawal,3200.0,55949.0
9307,1998-05-22,cash withdrawal,13329.0,42620.0
9307,1998-05-26,cash deposit,0.0,89195.0
9307,1998-05-28,cash withdrawal,5100.0,84095.0
9307,1998-05-31,cash withdrawal · statement fee,14.6,84404.9
9307,1998-05-31,interest,0.0,84299.2
9307,1998-05-31,interest,0.0,84419.5
9307,1998-06-02,cash withdrawal,4200.0,80204.9
9307,1998-06-06,transfer out · household bill,4654.0,75550.9
9307,1998-06-07,cash withdrawal,21699.0,53851.9
9307,1998-06-12,cash deposit,0.0,97207.9
9307,1998-06-13,transfer out,2735.0,94472.9
9307,1998-06-17,cash withdrawal,35700.0,58772.9
9307,1998-06-27,cash deposit,0.0,69972.9
9307,1998-06-30,cash withdrawal · statement fee,14.6,70385.0
9307,1998-06-30,interest,0.0,70399.6
9307,1998-06-30,interest,0.0,70157.1
9307,1998-07-06,transfer out · household bill,4654.0,65731.0
9307,1998-07-13,cash withdrawal,4100.0,61631.0
9307,1998-07-13,transfer out,2735.0,58896.0
9307,1998-07-27,cash deposit,0.0,69896.0
9307,1998-07-29,cash deposit,0.0,92156.0
9307,1998-07-29,cash withdrawal,6038.0,86118.0
9307,1998-07-31,cash withdrawal · statement fee,14.6,86470.9
9307,1998-07-31,interest,0.0,86351.1
9307,1998-07-31,interest,0.0,86485.5
9307,1998-08-05,cash withdrawal,3400.0,83070.9
9307,1998-08-06,transfer out · household bill,4654.0,78416.9
9307,1998-08-13,transfer out,2735.0,59518.9
9307,1998-08-13,cash withdrawal,16163.0,62253.9
9307,1998-08-17,cash withdrawal,12353.0,47165.9
9307,1998-08-26,cash deposit,0.0,63065.9
9307,1998-08-28,cash withdrawal,6600.0,56465.9
9307,1998-08-31,cash withdrawal · statement fee,14.6,56884.6
9307,1998-08-31,interest,0.0,56899.2
9307,1998-08-31,interest,0.0,56681.8
9307,1998-09-03,cash withdrawal,11063.0,45821.6
9307,1998-09-06,transfer out · household bill,4654.0,41167.6
9307,1998-09-13,transfer out,2735.0,38432.6
9307,1998-09-19,cash deposit,0.0,75867.6
9307,1998-09-19,cash withdrawal,4841.0,71026.6
9307,1998-09-21,cash withdrawal,4200.0,66826.6
9307,1998-09-25,cash deposit,0.0,73226.6
9307,1998-09-30,cash withdrawal · statement fee,14.6,73566.6
9307,1998-09-30,interest,0.0,73403.9
9307,1998-09-30,interest,0.0,73581.2
9307,1998-10-06,transfer out · household bill,4654.0,68912.6
9307,1998-10-08,cash withdrawal,13800.0,55112.6
9307,1998-10-12,cash withdrawal,2700.0,52412.6
9307,1998-10-13,transfer out,2735.0,49677.6
9307,1998-10-25,cash deposit,0.0,69577.6
9307,1998-10-28,cash withdrawal,10800.0,58777.6
9307,1998-10-31,cash withdrawal · statement fee,14.6,59139.3
9307,1998-10-31,interest,0.0,59153.9
9307,1998-10-31,interest,0.0,58962.7
9307,1998-11-06,transfer out · household bill,4654.0,54485.3
9307,1998-11-08,cash deposit,0.0,92617.3
9307,1998-11-10,cash deposit,0.0,111895.3
9307,1998-11-13,transfer out,2735.0,109160.3
9307,1998-11-15,cash withdrawal,3600.0,105560.3
9307,1998-11-17,cash withdrawal,14238.0,91322.3
9307,1998-11-22,cash withdrawal,19955.0,71367.3
9307,1998-11-24,cash deposit,0.0,81667.3
9307,1998-11-30,cash withdrawal · statement fee,14.6,82191.9
9307,1998-11-30,interest,0.0,82206.5
9307,1998-11-30,interest,0.0,81909.9
9307,1998-12-01,cash deposit,0.0,102890.9
9307,1998-12-06,transfer out · household bill,4654.0,98236.9
9307,1998-12-12,cash withdrawal,3300.0,94936.9
9307,1998-12-13,transfer out,2735.0,92201.9
9307,1998-12-16,cash deposit,0.0,138542.9
9307,1998-12-16,cash withdrawal,25100.0,113442.9
9307,1998-12-18,cash deposit,0.0,148205.9
9307,1998-12-18,cash withdrawal,49800.0,98405.9
9307,1998-12-23,cash withdrawal,2400.0,96005.9
9307,1998-12-24,cash withdrawal,2900.0,93105.9
9307,1998-12-27,cash deposit,0.0,110964.9
9307,1998-12-31,interest,0.0,111321.0
9307,1998-12-31,interest,0.0,111644.5
9484,1997-04-26,cash deposit,0.0,900.0
9484,1997-05-12,cash deposit,0.0,9280.0
9484,1997-05-26,cash deposit,0.0,15680.0
9484,1997-05-31,interest,0.0,15692.6
9484,1997-05-31,interest,0.0,15703.2
9484,1997-06-12,cash deposit,0.0,28273.2
9484,1997-06-25,cash withdrawal,5400.0,22873.2
9484,1997-06-30,interest,0.0,22944.5
9484,1997-06-30,interest,0.0,22960.3
9484,1997-07-12,cash deposit,0.0,31340.3
9484,1997-07-25,cash withdrawal,7500.0,23840.3
9484,1997-07-31,interest,0.0,23936.5
9484,1997-07-31,interest,0.0,23955.7
9484,1997-08-12,cash deposit,0.0,32335.7
9484,1997-08-24,cash withdrawal,4300.0,28035.7
9484,1997-08-31,interest,0.0,28139.4
9484,1997-08-31,interest,0.0,28165.7
9484,1997-09-12,cash deposit,0.0,36545.7
9484,1997-09-19,cash withdrawal,700.0,35845.7
9484,1997-09-23,cash withdrawal,7000.0,28845.7
9484,1997-09-30,cash withdrawal · statement fee,14.6,29000.8
9484,1997-09-30,interest,0.0,29015.4
9484,1997-09-30,interest,0.0,28893.6
9484,1997-10-09,cash withdrawal,2200.0,26800.8
9484,1997-10-12,cash deposit,0.0,35180.8
9484,1997-10-23,cash withdrawal,9200.0,25980.8
9484,1997-10-27,cash withdrawal,700.0,25280.8
9484,1997-10-31,cash withdrawal · statement fee,14.6,25474.2
9484,1997-10-31,interest,0.0,25488.8
9484,1997-10-31,interest,0.0,25363.5
9484,1997-11-12,cash deposit,0.0,33854.2
9484,1997-11-22,cash withdrawal,6000.0,27854.2
9484,1997-11-30,cash withdrawal · statement fee,14.6,28052.3
9484,1997-11-30,interest,0.0,27962.5
9484,1997-11-30,interest,0.0,28066.9
9484,1997-12-12,cash deposit,0.0,40622.3
9484,1997-12-22,cash withdrawal,13200.0,27422.3
9484,1997-12-23,cash withdrawal,800.0,26622.3
9484,1997-12-26,cash withdrawal,3200.0,23422.3
9484,1997-12-31,cash withdrawal · statement fee,14.6,23551.8
9484,1997-12-31,interest,0.0,23566.4
9484,1997-12-31,interest,0.0,23455.2
9484,1998-01-06,cash withdrawal,1000.0,22551.8
9484,1998-01-08,cash withdrawal,1900.0,20651.8
9484,1998-01-12,cash deposit,0.0,29031.8
9484,1998-01-19,cash withdrawal,1400.0,27631.8
9484,1998-01-20,cash withdrawal,1300.0,26331.8
9484,1998-01-21,cash withdrawal,9700.0,16631.8
9484,1998-01-22,cash withdrawal,600.0,16031.8
9484,1998-01-25,cash withdrawal,2200.0,13831.8
9484,1998-01-26,cash withdrawal,1100.0,12731.8
9484,1998-01-31,cash withdrawal · statement fee,14.6,12890.0
9484,1998-01-31,interest,0.0,12904.6
9484,1998-01-31,interest,0.0,12817.3
9484,1998-02-12,cash deposit,0.0,21270.0
9484,1998-02-20,cash withdrawal,7500.0,13770.0
9484,1998-02-28,cash withdrawal · statement fee,14.6,13826.3
9484,1998-02-28,interest,0.0,13823.0
9484,1998-02-28,interest,0.0,13840.9
9484,1998-03-12,cash deposit,0.0,22206.3
9484,1998-03-22,cash withdrawal,5000.0,17206.3
9484,1998-03-31,cash withdrawal · statement fee,14.6,17312.2
9484,1998-03-31,interest,0.0,17266.5
9484,1998-03-31,interest,0.0,17326.8
9484,1998-04-12,cash deposit,0.0,25692.2
9484,1998-04-21,cash withdrawal,9300.0,16392.2
9484,1998-04-30,cash withdrawal · statement fee,14.6,16514.9
9484,1998-04-30,interest,0.0,16529.5
9484,1998-04-30,interest,0.0,16460.9
9484,1998-05-10,cash withdrawal,1500.0,15014.9
9484,1998-05-12,cash deposit,0.0,23394.9
9484,1998-05-21,cash withdrawal,9700.0,13694.9
9484,1998-05-31,cash withdrawal · statement fee,14.6,13821.3
9484,1998-05-31,interest,0.0,13835.9
9484,1998-05-31,interest,0.0,13765.4
9484,1998-06-01,cash withdrawal,3000.0,10821.3
9484,1998-06-12,cash deposit,0.0,23391.3
9484,1998-06-16,cash withdrawal,21100.0,2291.3
9484,1998-06-20,cash deposit,0.0,4891.3
9484,1998-06-30,cash withdrawal · statement fee,14.6,4956.3
9484,1998-06-30,interest,0.0,4931.4
9484,1998-06-30,interest,0.0,4970.9
9484,1998-07-12,cash deposit,0.0,13336.3
9484,1998-07-20,cash withdrawal,7800.0,5536.3
9484,1998-07-31,cash withdrawal · statement fee,14.6,5548.1
9484,1998-07-31,interest,0.0,5562.7
9484,1998-07-31,interest,0.0,5544.0
9484,1998-08-12,cash deposit,0.0,13928.1
9484,1998-08-19,cash withdrawal,9600.0,4328.1
9484,1998-08-31,cash withdrawal · statement fee,14.6,4348.9
9484,1998-08-31,interest,0.0,4363.5
9484,1998-08-31,interest,0.0,4345.5
9484,1998-09-07,cash withdrawal,1100.0,3248.9
9484,1998-09-12,cash deposit,0.0,11628.9
9484,1998-09-18,cash withdrawal,5800.0,5828.9
9484,1998-09-30,cash withdrawal · statement fee,14.6,5855.6
9484,1998-09-30,interest,0.0,5870.2
9484,1998-09-30,interest,0.0,5846.4
9484,1998-10-12,cash deposit,0.0,14235.6
9484,1998-10-18,cash withdrawal,10100.0,4135.6
9484,1998-10-31,cash withdrawal · statement fee,14.6,4145.2
9484,1998-10-31,interest,0.0,4159.8
9484,1998-10-31,interest,0.0,4141.9
9484,1998-11-12,cash deposit,0.0,12525.2
9484,1998-11-17,cash withdrawal,7900.0,4625.2
9484,1998-11-30,cash withdrawal · statement fee,14.6,4640.0
9484,1998-11-30,interest,0.0,4640.2
9484,1998-11-30,interest,0.0,4654.6
9484,1998-12-01,cash withdrawal,1800.0,1040.0
9484,1998-12-01,cash withdrawal,1800.0,2840.0
9484,1998-12-11,cash withdrawal,2300.0,-1260.0
9484,1998-12-12,cash deposit,0.0,11310.0
9484,1998-12-31,interest,0.0,11341.0
9484,1998-12-31,cash withdrawal · overdraft interest,0.7,11369.9
9484,1998-12-31,interest,0.0,11370.6
9484,1998-12-31,cash withdrawal · overdraft interest,0.7,11369.2
